image,n_gt,bucket,n_det_total,matched@100,matched@300,matched@600,matched@1000,ndet@conf0.25,sat@conf0.25,ndet@conf0.1,sat@conf0.1,n_gt_small,matched300_small,n_gt_medium,matched300_medium,n_gt_large,matched300_large
"273271,104ec00067d5b782",39,<50,482,10,17,18,18,20,0,30,0,0,0,1,0,38,17
"273271,10f400006b6fb935",7,<50,227,7,7,7,7,8,0,11,0,0,0,0,0,7,7
"273271,118910008d823f61",11,<50,464,9,10,10,10,7,0,9,0,0,0,3,3,8,7
"273271,1236a000e7524e84",10,<50,205,3,3,3,3,14,0,23,0,0,0,0,0,10,3
"273271,1261a0009930d51b",66,50-100,1000,16,26,30,35,57,0,117,0,0,0,0,0,66,26
"273271,12822000b1291a69",11,<50,975,6,8,8,9,16,0,41,0,0,0,0,0,11,8
"273271,128e30009deaa60c",45,<50,1000,10,17,24,32,57,0,124,0,0,0,7,2,38,15
"273271,12ba800097883475",3,<50,189,1,2,2,2,5,0,8,0,0,0,0,0,3,2
"273271,12c170004bd53807",17,<50,349,4,6,6,6,14,0,33,0,0,0,0,0,17,6
"273271,12ccf00065c5c4ec",33,<50,980,13,16,21,25,35,0,81,0,0,0,17,9,16,7
"273271,130b000028458ffc",16,<50,394,7,7,7,7,28,0,37,0,0,0,0,0,16,7
"273271,13246000712ad042",10,<50,461,4,5,5,5,15,0,26,0,0,0,0,0,10,5
"273271,135a5000d155754b",3,<50,200,2,3,3,3,5,0,9,0,0,0,0,0,3,3
"273271,13d43000e395817c",27,<50,722,18,20,22,22,29,0,44,0,0,0,2,2,25,18
"273271,14dc300072ecd939",18,<50,640,10,12,14,14,18,0,39,0,0,0,4,0,14,12
"273271,14f00058acfe2f",13,<50,292,12,12,12,12,7,0,13,0,2,2,9,8,2,2
"273271,14f0d00052515611",30,<50,860,10,12,14,15,29,0,54,0,1,0,18,5,11,7
"273271,151210003c437b07",30,<50,951,7,14,17,19,51,0,132,0,0,0,8,2,22,12
"273271,15df10008c97808a",15,<50,524,9,11,12,12,23,0,43,0,0,0,15,11,0,0
"273271,15ed10009d6db026",17,<50,751,10,12,12,12,19,0,34,0,0,0,0,0,17,12
"273271,160e7000b3a0550e",21,<50,755,16,16,16,16,24,0,35,0,0,0,0,0,21,16
"273271,1613e000ae579bb0",4,<50,108,1,1,1,1,8,0,9,0,0,0,0,0,4,1
"273271,162e3000d2db4fe1",12,<50,844,10,10,10,10,25,0,43,0,0,0,0,0,12,10
"273271,16308000dcae1237",3,<50,231,3,3,3,3,4,0,7,0,0,0,0,0,3,3
"273271,165ce00009d65be3",27,<50,734,17,22,22,23,31,0,50,0,1,1,21,16,5,5
"273271,167b200074ab5d59",9,<50,977,5,5,6,7,29,0,64,0,0,0,0,0,9,5
"273271,1764b000b232f0d0",18,<50,370,12,15,15,15,19,0,23,0,0,0,0,0,18,15
"273271,183f50002c0cdff1",8,<50,419,6,6,6,6,17,0,29,0,0,0,1,1,7,5
"273271,18e4e000478c1a3d",28,<50,352,4,6,7,7,24,0,36,0,2,1,9,0,17,5
"273271,18f1d000d4b26eb1",16,<50,803,5,6,6,6,11,0,29,0,0,0,1,0,15,6
"273271,19586000274aa602",10,<50,251,3,5,5,5,13,0,19,0,0,0,0,0,10,5
"273271,197560000058bbda",44,<50,879,29,34,37,39,51,0,69,0,0,0,0,0,44,34
"273271,19b08000df8a9c2d",19,<50,887,6,6,8,8,28,0,49,0,0,0,1,0,18,6
"273271,19d4b0009f615dd9",13,<50,954,11,11,13,13,32,0,70,0,0,0,6,5,7,6
"273271,1b9330008da38cd6",12,<50,671,4,6,7,7,18,0,28,0,0,0,3,2,9,4
"273271,1bb16000e7a389a3",5,<50,211,0,0,0,0,8,0,17,0,0,0,0,0,5,0
"273271,1bd660006ab0ac6a",8,<50,95,8,8,8,8,8,0,8,0,0,0,0,0,8,8
"273271,1be0200037d3046d",13,<50,563,1,2,3,3,23,0,42,0,0,0,9,1,4,1
"273271,1c20c00070107528",7,<50,338,5,7,7,7,16,0,21,0,0,0,0,0,7,7
"273271,1c4c300008432bc2",7,<50,453,7,7,7,7,8,0,18,0,0,0,0,0,7,7
"273271,1c72c000a2ee47d5",7,<50,196,7,7,7,7,8,0,9,0,0,0,0,0,7,7
"273271,1cc7d000a31f3d60",5,<50,263,2,2,2,2,5,0,7,0,0,0,0,0,5,2
"273271,1d7b80003ec0213d",4,<50,209,0,0,0,0,5,0,12,0,0,0,0,0,4,0
"273271,1da8500031927201",5,<50,412,5,5,5,5,10,0,24,0,0,0,0,0,5,5
"273271,1dad700087bcc50a",5,<50,304,4,4,4,4,16,0,20,0,0,0,0,0,5,4
"273271,1ddda0001685370d",9,<50,335,7,7,8,8,11,0,18,0,0,0,0,0,9,7
"273271,1e008000ee65ad31",8,<50,396,8,8,8,8,10,0,14,0,0,0,0,0,8,8
"273271,1e59400094ef5d82",10,<50,212,10,10,10,10,13,0,18,0,0,0,2,2,8,8
"273271,1e97800008a6fcb5",6,<50,204,1,1,1,1,7,0,18,0,0,0,0,0,6,1
"273271,1eb8c0000beccfd1",4,<50,189,0,0,0,0,6,0,13,0,0,0,0,0,4,0
"273271,1ed81000290034fa",3,<50,833,1,1,1,1,16,0,32,0,0,0,0,0,3,1
"273271,1f0ac00034c81048",6,<50,122,0,0,0,0,6,0,11,0,0,0,0,0,6,0
"273271,1f194000b8070849",8,<50,238,4,4,4,4,9,0,15,0,0,0,0,0,8,4
"273271,1f29200037af8acb",5,<50,143,1,1,1,1,8,0,10,0,0,0,0,0,5,1
"273271,1f3ca000086fb919",17,<50,608,10,11,12,12,18,0,35,0,0,0,0,0,17,11
"273271,1f521000946ad8d8",14,<50,235,13,13,13,13,15,0,19,0,0,0,0,0,14,13
"273271,1f5eb00035f864b3",19,<50,419,19,19,19,19,27,0,36,0,0,0,0,0,19,19
"273271,1f6dd00084f9d116",7,<50,437,7,7,7,7,10,0,27,0,0,0,0,0,7,7
"273271,1f79d000d5f1a68f",12,<50,271,5,7,7,7,10,0,17,0,0,0,0,0,12,7
"273271,1fc8f00076bce197",5,<50,368,5,5,5,5,12,0,28,0,0,0,0,0,5,5
"273271,1fe29000ddadf112",5,<50,362,5,5,5,5,7,0,23,0,0,0,0,0,5,5
"273271,1fe910001b52222b",5,<50,398,5,5,5,5,5,0,14,0,0,0,0,0,5,5
"273271,1ff68000b0151886",11,<50,224,10,11,11,11,11,0,14,0,0,0,0,0,11,11
"273271,20a02000f1bcfb00",5,<50,147,0,0,0,0,6,0,14,0,0,0,0,0,5,0
"273271,20ae800047248409",5,<50,293,0,0,0,0,6,0,12,0,0,0,0,0,5,0
"273271,20ffb000f5650fea",4,<50,296,1,1,1,1,7,0,9,0,0,0,0,0,4,1
"273271,212ef000505c8286",9,<50,424,0,1,1,1,15,0,28,0,0,0,0,0,9,1
"273271,213170000a5f09b3",6,<50,258,6,6,6,6,8,0,11,0,0,0,0,0,6,6
"273271,21864000f8886c1b",15,<50,469,11,12,12,12,18,0,28,0,0,0,0,0,15,12
"273271,2189f00051276139",5,<50,408,5,5,5,5,11,0,24,0,0,0,0,0,5,5
"273271,219640002d98657b",4,<50,125,1,1,1,1,7,0,11,0,0,0,0,0,4,1
"273271,21ecc000206d7951",21,<50,547,13,14,15,15,28,0,36,0,0,0,0,0,21,14
"273271,21f7f00077d5f4ec",5,<50,196,0,0,0,0,5,0,12,0,0,0,0,0,5,0
"273271,222c700034b1892f",3,<50,71,1,1,1,1,2,0,4,0,0,0,0,0,3,1
"273271,222f00007e89675c",6,<50,231,3,4,4,4,6,0,13,0,0,0,0,0,6,4
"273271,2277e000891f2e71",13,<50,651,12,12,13,13,19,0,32,0,0,0,0,0,13,12
"273271,22b030001c7be4ec",5,<50,98,0,0,0,0,8,0,9,0,0,0,0,0,5,0
"273271,22c84000744abf1f",28,<50,445,24,25,25,25,32,0,44,0,0,0,18,15,10,10
"273271,22d4b000dc140bf3",6,<50,162,6,6,6,6,10,0,11,0,1,1,1,1,4,4
"273271,22f4f0002b8b12fd",26,<50,476,12,19,20,20,18,0,35,0,0,0,0,0,26,19
"273271,22f940006fbbb182",7,<50,210,6,6,6,6,7,0,13,0,0,0,0,0,7,6
"273271,2325b000a51c94f4",6,<50,110,6,6,6,6,7,0,9,0,0,0,1,1,5,5
"273271,233c5000b4869d9b",3,<50,133,3,3,3,3,11,0,16,0,0,0,0,0,3,3
"273271,2342c00020f492db",51,50-100,966,14,26,32,34,27,0,55,0,0,0,0,0,51,26
"273271,236770002c5e37ce",11,<50,449,10,10,10,10,17,0,23,0,0,0,0,0,11,10
"273271,236d8000a42d1234",17,<50,279,17,17,17,17,19,0,26,0,0,0,16,16,1,1
"273271,236f40003237a8ca",23,<50,894,12,13,15,16,24,0,37,0,0,0,0,0,23,13
"273271,23d9d0000f219568",21,<50,375,19,20,20,20,21,0,28,0,2,2,12,11,7,7
"273271,253a7000ced2b293",25,<50,437,18,19,20,20,24,0,38,0,0,0,2,1,23,18
"273271,25d0003419579b",19,<50,634,12,14,16,16,14,0,25,0,0,0,1,1,18,13
"273271,25d38000201516ad",76,50-100,923,50,65,68,69,29,0,49,0,16,11,56,50,4,4
"273271,25de80001c3cb24b",14,<50,429,13,13,13,13,15,0,25,0,0,0,0,0,14,13
"273271,2627d000cece5c2f",104,100-150,537,35,52,60,60,12,0,24,0,43,11,52,34,9,7
"273271,263cf000b065caf8",27,<50,614,21,21,21,21,29,0,38,0,2,0,18,15,7,6
"273271,2644300003c8caac",27,<50,208,15,19,19,19,12,0,18,0,0,0,18,11,9,8
"273271,2646500003842bb2",20,<50,284,13,18,18,18,20,0,24,0,0,0,0,0,20,18
"273271,265c9000e1a72c57",11,<50,285,11,11,11,11,15,0,19,0,0,0,2,2,9,9
"273271,26f250004abc2e0d",5,<50,60,5,5,5,5,6,0,6,0,0,0,0,0,5,5
"273271,26f86000482db820",5,<50,171,1,1,1,1,4,0,10,0,0,0,0,0,5,1
"273271,2720e0009fd8f9d2",25,<50,438,19,20,20,20,18,0,30,0,0,0,0,0,25,20
"273271,275bd000ba4f2a04",17,<50,408,14,16,16,16,15,0,23,0,0,0,5,4,12,12
"273271,28115000d728c131",60,50-100,366,42,47,47,47,25,0,43,0,3,0,31,22,26,25
"273271,28cc90007e02e6a6",20,<50,466,16,17,17,17,20,0,36,0,13,10,1,1,6,6
"273271,292000f8e9eec1",12,<50,391,10,10,10,10,17,0,25,0,0,0,0,0,12,10
"273271,29873000cc84f9ab",8,<50,282,7,8,8,8,9,0,18,0,0,0,3,3,5,5
"273271,299570006cb822b1",32,<50,791,22,25,26,26,24,0,40,0,0,0,0,0,32,25
"273271,2a10a000c689f4cb",7,<50,178,7,7,7,7,7,0,12,0,0,0,0,0,7,7
"273271,2a7c20009fa3170e",20,<50,207,19,19,19,19,17,0,19,0,0,0,10,10,10,9
"273271,2b0f0000f33b8464",19,<50,729,14,16,17,17,26,0,29,0,0,0,1,1,18,15
"273271,2b27b00094562021",8,<50,205,4,4,4,4,8,0,14,0,0,0,0,0,8,4
"273271,2b3eb0002dbca786",25,<50,645,22,23,23,23,19,0,34,0,0,0,16,16,9,7
"273271,2ba7800042e32680",6,<50,201,3,3,3,3,9,0,13,0,0,0,0,0,6,3
"273271,2bb9000df8fb9a4",11,<50,519,11,11,11,11,16,0,23,0,0,0,0,0,11,11
"273271,2c2e6000e67483fc",7,<50,137,7,7,7,7,10,0,10,0,0,0,0,0,7,7
"273271,2c38c00072c450c5",33,<50,376,25,27,29,29,27,0,35,0,1,1,10,9,22,17
"273271,2c499000f7243938",13,<50,227,13,13,13,13,13,0,15,0,1,1,2,2,10,10
"273271,2c4bb000b97e592c",13,<50,308,12,12,12,12,18,0,24,0,0,0,0,0,13,12
"273271,2c582000ec648358",9,<50,449,7,8,8,8,24,0,42,0,0,0,0,0,9,8
"273271,2c96700081ae3025",8,<50,200,6,6,6,6,7,0,8,0,0,0,0,0,8,6
"273271,2cea40001ab86356",49,<50,706,39,43,45,45,26,0,37,0,0,0,38,32,11,11
"273271,2cf58000b6724d4f",7,<50,110,7,7,7,7,8,0,14,0,0,0,0,0,7,7
"273271,2d06000091c70338",14,<50,175,11,13,13,13,11,0,18,0,0,0,3,2,11,11
"273271,2d284000f7dfd099",8,<50,182,3,3,3,3,8,0,8,0,0,0,0,0,8,3
"273271,2e3df0005fcee449",23,<50,553,18,19,22,22,24,0,42,0,0,0,0,0,23,19
"273271,2f11d000b2496dd0",36,<50,552,30,33,34,34,21,0,38,0,0,0,5,5,31,28
"273271,2f189000f412b61d",40,<50,346,26,29,29,29,18,0,34,0,0,0,2,2,38,27
"273271,2f91100026a5884d",17,<50,306,16,16,16,16,18,0,24,0,5,5,10,9,2,2
"273271,2f9cf00055c5f408",11,<50,280,10,11,11,11,12,0,17,0,0,0,8,8,3,3
"273271,32640007e02c071",4,<50,241,2,2,2,2,4,0,7,0,0,0,0,0,4,2
"273271,3a5e000d8876f1b",30,<50,937,14,24,25,26,23,0,63,0,0,0,0,0,30,24
"273271,3aa80005bd2228c",18,<50,285,18,18,18,18,28,0,35,0,0,0,0,0,18,18
"273271,49df000b72422a4",61,50-100,945,27,33,41,47,25,0,46,0,30,13,30,19,1,1
"273271,4df400094283283",70,50-100,996,29,38,42,44,18,0,47,0,0,0,9,1,61,37
"273271,537f000c925ee39",31,<50,929,9,12,14,15,40,0,83,0,0,0,0,0,31,12
"273271,567e000e6056790",8,<50,167,1,1,1,1,7,0,16,0,0,0,2,0,6,1
"273271,56da000eae8b77e",14,<50,418,9,9,9,9,13,0,24,0,0,0,0,0,14,9
"273271,61f6000dd621091",4,<50,73,0,0,0,0,0,0,2,0,0,0,0,0,4,0
"273271,63310004bcf4080",8,<50,254,6,7,7,7,11,0,13,0,0,0,0,0,8,7
"273271,66c80000d2981c7",63,50-100,777,22,36,41,41,29,0,59,0,0,0,39,19,24,17
"273271,66ed000feeb94c4",9,<50,110,7,7,7,7,8,0,12,0,0,0,1,1,8,6
"273271,6978000bc5ca523",10,<50,842,9,10,10,10,35,0,84,0,0,0,0,0,10,10
"273271,6f08000d660ba5c",12,<50,433,11,11,11,11,9,0,12,0,0,0,1,0,11,11
"273271,70de000d7a4bf67",13,<50,304,10,11,11,11,12,0,14,0,0,0,0,0,13,11
"273271,8175000acdc1bb2",15,<50,634,12,12,12,12,16,0,21,0,0,0,4,2,11,10
"273271,838a000a6c32064",13,<50,276,11,11,11,11,15,0,20,0,0,0,0,0,13,11
"273271,83fd000a7f0dba0",10,<50,173,7,7,7,7,11,0,11,0,0,0,0,0,10,7
"273271,945100033c01e9a",8,<50,135,2,2,2,2,3,0,6,0,0,0,0,0,8,2
"273271,952300091ad43ba",53,50-100,715,41,49,50,50,33,0,58,0,0,0,0,0,53,49
"273271,9e4f0004d21d70b",19,<50,189,11,12,12,12,12,0,13,0,0,0,3,1,16,11
"273271,a01a000ee6d7912",37,<50,357,26,32,34,34,27,0,44,0,2,0,25,23,10,9
"273271,a1dd0001077d1d8",4,<50,134,3,3,3,3,3,0,6,0,0,0,0,0,4,3
"273271,a319000bbe7020e",5,<50,168,3,3,3,3,2,0,12,0,0,0,0,0,5,3
"273271,aa0e000d3082d25",11,<50,374,3,3,3,3,14,0,27,0,0,0,0,0,11,3
"273271,aaa9000baccf24e",12,<50,441,8,9,9,9,15,0,24,0,0,0,0,0,12,9
"273271,c1e5000c38abee6",35,<50,523,13,17,19,19,23,0,42,0,0,0,0,0,35,17
"273271,c732000363c2477",13,<50,329,8,8,9,9,14,0,16,0,0,0,0,0,13,8
"273271,c97200070d27530",79,50-100,860,38,52,54,57,16,0,28,0,0,0,55,33,24,19
"273271,c9db000d5146c15",6,<50,204,6,6,6,6,7,0,12,0,0,0,0,0,6,6
"273271,e291000150cea56",17,<50,154,4,4,4,4,4,0,6,0,0,0,0,0,17,4
"273271,e38b000165dec86",29,<50,609,22,24,24,24,22,0,41,0,0,0,0,0,29,24
"273271,f1e00008dc402a8",6,<50,229,1,1,1,1,4,0,9,0,0,0,0,0,6,1
"273271,f2b1000ed733672",6,<50,172,3,3,3,3,6,0,6,0,0,0,0,0,6,3
"273271,f30000061983aad",6,<50,250,2,2,2,2,6,0,8,0,0,0,0,0,6,2
"273271,f51c000f2c89893",14,<50,235,13,13,13,13,14,0,22,0,0,0,0,0,14,13
"273271,f6b60006f357250",9,<50,222,4,4,4,4,6,0,10,0,0,0,2,0,7,4
"273271,f7900000bf30e5b",16,<50,556,9,9,11,11,9,0,16,0,0,0,3,0,13,9
"273271,fb48000b01fe0f2",102,100-150,971,45,62,70,74,18,0,27,0,0,0,95,55,7,7
"273275,1004c4000f0fb8bd8",37,<50,443,12,17,20,20,29,0,50,0,0,0,9,9,28,8
"273275,100800003b13c799",25,<50,383,12,14,15,15,7,0,18,0,0,0,0,0,25,14
"273275,100d7c00070f46c13",5,<50,63,0,0,0,0,6,0,7,0,0,0,0,0,5,0
"273275,1013e4000adee7bb2",25,<50,233,11,11,11,11,29,0,35,0,0,0,0,0,25,11
"273275,101813000cc57dcb4",16,<50,408,9,10,11,11,21,0,33,0,0,0,0,0,16,10
"273275,102921000b5d04ac5",12,<50,300,9,10,10,10,12,0,21,0,0,0,0,0,12,10
"273275,102ad600001fb98c3",69,50-100,474,38,46,51,51,27,0,50,0,0,0,25,15,44,31
"273275,102e6f000248d191a",11,<50,202,3,4,4,4,10,0,17,0,0,0,0,0,11,4
"273275,1038bc000d0fa9dba",7,<50,78,7,7,7,7,7,0,10,0,0,0,0,0,7,7
"273275,103a6e0005595ca40",11,<50,215,6,6,6,6,5,0,11,0,0,0,4,4,7,2
"273275,103ab10002ef83676",28,<50,319,22,24,24,24,24,0,34,0,0,0,0,0,28,24
"273275,10459300057c9c8d1",10,<50,370,10,10,10,10,11,0,17,0,0,0,0,0,10,10
"273275,1052c00006278ec1c",12,<50,508,9,9,9,9,9,0,22,0,0,0,6,5,6,4
"273275,1059670006e19bbb2",27,<50,543,16,16,18,18,29,0,35,0,0,0,0,0,27,16
"273275,105b44000a49f7fb5",17,<50,274,10,13,13,13,19,0,24,0,0,0,1,0,16,13
"273275,105d8000015744e9f",16,<50,315,12,14,14,14,21,0,34,0,0,0,0,0,16,14
"273275,106a20000df0ef0f9",7,<50,210,5,5,5,5,8,0,11,0,0,0,0,0,7,5
"273275,106e6300011c001bb",6,<50,266,4,4,4,4,12,0,14,0,0,0,0,0,6,4
"273275,1077ba00071c902af",18,<50,587,15,16,18,18,19,0,30,0,0,0,8,7,10,9
"273275,1077dd000a9aab1d8",12,<50,288,10,10,10,10,18,0,29,0,0,0,0,0,12,10
"273275,107f96000c89bb5b8",37,<50,624,24,29,29,29,39,0,46,0,0,0,9,5,28,24
"273275,107fc000f0823c6d",4,<50,271,4,4,4,4,8,0,15,0,1,1,1,1,2,2
"273275,107ff9000b07f2b82",53,50-100,966,19,26,38,44,33,0,72,0,0,0,0,0,53,26
"273275,10872d00027b15ed4",3,<50,278,2,2,2,2,4,0,9,0,0,0,0,0,3,2
"273275,10876a000fa184daf",19,<50,363,5,7,8,8,11,0,18,0,0,0,4,0,15,7
"273275,108b56000b706f71e",9,<50,433,8,8,8,8,9,0,22,0,4,3,5,5,0,0
"273275,108fa80006da5d0d9",5,<50,71,5,5,5,5,5,0,8,0,0,0,0,0,5,5
"273275,109b02000f637419e",15,<50,509,12,12,14,14,14,0,30,0,0,0,8,6,7,6
"273275,10a3fd000bd4ec4a4",16,<50,210,8,11,11,11,18,0,21,0,0,0,0,0,16,11
"273275,10a84c000e2225ea2",43,<50,556,26,29,35,35,27,0,46,0,0,0,1,0,42,29
"273275,10ae9b000921b9705",6,<50,603,5,5,5,5,18,0,32,0,0,0,0,0,6,5
"273275,10ba7f000a218d732",10,<50,373,9,9,9,9,10,0,16,0,0,0,0,0,10,9
"273275,10bb660004953ba37",17,<50,308,14,16,16,16,17,0,25,0,0,0,0,0,17,16
"273275,10c38a000f42d4441",39,<50,438,22,26,28,28,18,0,28,0,0,0,16,5,23,21
"273275,10c980000fee2dac9",8,<50,86,2,2,2,2,6,0,7,0,0,0,0,0,8,2
"273275,10ccb30005e9e6a21",7,<50,242,5,5,5,5,13,0,19,0,0,0,0,0,7,5
"273275,10cd9200055f04d4a",15,<50,925,14,14,14,14,37,0,61,0,0,0,0,0,15,14
"273275,10d6ed0003569eea8",25,<50,470,8,10,10,10,33,0,42,0,0,0,0,0,25,10
"273275,10de80000ffc28dff",9,<50,233,5,5,5,5,6,0,18,0,0,0,0,0,9,5
"273275,10e882000db631cd7",5,<50,512,3,4,4,4,7,0,48,0,0,0,0,0,5,4
"273275,10ed90000ecd7b9a1",5,<50,106,0,0,0,0,9,0,12,0,0,0,0,0,5,0
"273275,10f147000e1fad25c",12,<50,300,0,1,1,1,13,0,27,0,0,0,0,0,12,1
"273275,10f19a000fa7ceeee",30,<50,457,22,28,29,29,49,0,65,0,0,0,0,0,30,28
"273275,10f7d300015fdc5eb",7,<50,195,7,7,7,7,13,0,17,0,0,0,0,0,7,7
"273275,11004c0008ca61fe9",6,<50,277,6,6,6,6,6,0,17,0,0,0,0,0,6,6
"273275,1102cb00042568c43",11,<50,186,11,11,11,11,15,0,18,0,0,0,0,0,11,11
"273275,110f62000e5414853",5,<50,171,2,2,2,2,3,0,6,0,0,0,0,0,5,2
"273275,110fd5000174bcd2e",58,50-100,437,18,33,37,37,10,0,38,0,0,0,50,31,8,2
"273275,1110c700086950033",33,<50,410,19,21,22,22,14,0,22,0,0,0,19,10,14,11
"273275,111470006a465947",36,<50,968,27,31,33,33,44,0,68,0,18,14,17,16,1,1
"273275,111df6000c9ce34b4",30,<50,386,22,25,25,25,16,0,33,0,21,18,9,7,0,0
"273275,1122960009535d9d5",25,<50,420,11,13,16,16,26,0,34,0,0,0,14,6,11,7
"273275,112e8a000e5d9d57b",45,<50,401,30,37,40,40,28,0,45,0,0,0,0,0,45,37
"273275,1131e60002091109c",11,<50,247,3,3,3,3,12,0,15,0,0,0,0,0,11,3
"273275,113a79000b59fc0eb",25,<50,557,23,24,24,24,28,0,32,0,0,0,0,0,25,24
"273275,11424600085313315",92,50-100,566,41,51,60,60,33,0,36,0,0,0,84,48,8,3
"273275,114db7000e6138bf6",12,<50,272,12,12,12,12,20,0,24,0,0,0,0,0,12,12
"273275,11682100012f7b062",11,<50,227,10,10,10,10,18,0,19,0,0,0,0,0,11,10
"273275,1182b1000969afa44",3,<50,98,3,3,3,3,5,0,5,0,0,0,0,0,3,3
"273275,11864a000ebfb6765",53,50-100,652,22,27,39,42,47,0,81,0,0,0,11,4,42,23
"273275,1194390006c4fba34",6,<50,207,6,6,6,6,7,0,10,0,0,0,0,0,6,6
"273275,119f2b000f410aac5",9,<50,222,7,9,9,9,7,0,10,0,0,0,5,5,4,4
"273275,11a18600021ae7880",14,<50,76,14,14,14,14,15,0,17,0,0,0,0,0,14,14
"273275,11b6ef000746eac3c",6,<50,304,6,6,6,6,11,0,17,0,0,0,0,0,6,6
"273275,11be88000ddf1cc10",6,<50,85,6,6,6,6,6,0,8,0,0,0,0,0,6,6
"273275,11c0bd000afcb7dbd",55,50-100,475,23,26,27,27,25,0,41,0,0,0,0,0,55,26
"273275,11c13a000e2210532",5,<50,205,5,5,5,5,5,0,16,0,0,0,0,0,5,5
"273275,11c38e00027a06ffb",10,<50,286,10,10,10,10,11,0,14,0,0,0,0,0,10,10
"273275,11c3b6000d7355ab5",8,<50,155,8,8,8,8,10,0,10,0,0,0,0,0,8,8
"273275,11c9600005e6b80e8",20,<50,419,18,18,18,18,18,0,31,0,0,0,17,15,3,3
"273275,11cebe0001d7ab9af",10,<50,422,10,10,10,10,15,0,28,0,0,0,0,0,10,10
"273275,11d7860003783efe5",7,<50,137,6,6,6,6,7,0,12,0,0,0,1,1,6,5
"273275,11da450003fa41287",33,<50,863,22,24,26,26,31,0,54,0,0,0,0,0,33,24
"273275,11e1c80001f3978c1",20,<50,356,15,18,18,18,22,0,26,0,0,0,0,0,20,18
"273275,11e8c00066e473d7",9,<50,455,7,7,7,7,10,0,19,0,0,0,0,0,9,7
"273275,11e9ca00028ad5bcf",54,50-100,650,26,28,35,35,31,0,48,0,0,0,28,12,26,16
"273275,11ea1c00077dee797",11,<50,332,10,10,10,10,15,0,18,0,0,0,7,6,4,4
"273275,11f07100015256a16",17,<50,356,17,17,17,17,18,0,21,0,0,0,0,0,17,17
"273275,1206150006f1d9805",8,<50,109,8,8,8,8,9,0,11,0,0,0,0,0,8,8
"273275,12084c000781ea4bb",15,<50,235,5,7,7,7,17,0,33,0,0,0,0,0,15,7
"273275,12086f000b77714e4",10,<50,256,8,9,9,9,6,0,8,0,1,1,7,6,2,2
"273275,120e14000702c0c05",19,<50,428,13,14,15,15,16,0,32,0,0,0,0,0,19,14
"273275,12123b00033f6aec6",11,<50,538,11,11,11,11,14,0,25,0,0,0,0,0,11,11
"273275,1212c6000839d27b1",11,<50,230,11,11,11,11,9,0,12,0,0,0,1,1,10,10
"273275,1213e4000a8a35b40",31,<50,460,22,26,27,27,16,0,28,0,3,3,22,17,6,6
"273275,1213ff00008761141",7,<50,149,7,7,7,7,7,0,8,0,0,0,0,0,7,7
"273275,1215a4000c1093680",19,<50,347,19,19,19,19,18,0,23,0,0,0,0,0,19,19
"273275,121b3e000de485b3c",11,<50,214,11,11,11,11,11,0,22,0,0,0,0,0,11,11
"273275,1220bf000ae484eae",13,<50,286,13,13,13,13,10,0,12,0,0,0,12,12,1,1
"273275,122121000358bbd07",9,<50,93,3,3,3,3,4,0,4,0,5,0,2,1,2,2
"273275,12213c0006c292ab8",25,<50,551,22,24,24,24,28,0,41,0,0,0,0,0,25,24
"273275,1226d2000a659ea2f",7,<50,149,6,6,6,6,8,0,10,0,0,0,0,0,7,6
"273275,1227110001877fc5e",7,<50,132,7,7,7,7,6,0,11,0,0,0,0,0,7,7
"273275,1233260009982e063",3,<50,54,0,0,0,0,4,0,4,0,0,0,0,0,3,0
"273275,123340000ca9ba9bb",7,<50,237,6,6,6,6,10,0,13,0,0,0,0,0,7,6
"273275,1239c10001a10715a",12,<50,887,7,8,9,9,24,0,44,0,0,0,0,0,12,8
"273275,12454000c16e6ff8",59,50-100,745,35,43,46,48,26,0,44,0,3,0,35,26,21,17
"273275,124640000d8e9e9ae",14,<50,733,10,10,13,13,28,0,45,0,0,0,1,1,13,9
"273275,12590e000c96e40d3",3,<50,101,1,1,1,1,3,0,6,0,0,0,0,0,3,1
"273275,1259bf000f819c2e2",6,<50,833,3,4,5,5,6,0,18,0,0,0,0,0,6,4
"273275,1259e50004f75418c",10,<50,169,9,9,9,9,13,0,15,0,0,0,0,0,10,9
"273275,125f0700098e0230d",5,<50,138,0,0,0,0,8,0,8,0,0,0,0,0,5,0
"273275,12616d0007bb3dc8c",26,<50,365,17,20,21,21,16,0,29,0,2,0,19,15,5,5
"273275,1261fb00059762df2",6,<50,211,5,5,5,5,7,0,12,0,0,0,0,0,6,5
"273275,1267f40007a104811",36,<50,566,21,24,29,29,64,0,85,0,0,0,0,0,36,24
"273275,127cc900078d4e09e",12,<50,252,1,1,1,1,17,0,23,0,0,0,0,0,12,1
"273275,128f200014b41881",3,<50,209,2,2,2,2,6,0,9,0,0,0,0,0,3,2
"273275,12981100072af0666",27,<50,583,18,20,23,23,37,0,58,0,0,0,0,0,27,20
"273275,129d2c000c208e135",10,<50,834,5,5,8,9,37,0,56,0,0,0,1,0,9,5
"273275,12aab0000a37eb38f",7,<50,170,5,6,6,6,14,0,18,0,0,0,0,0,7,6
"273275,12aacf000a4da5980",12,<50,279,9,9,9,9,14,0,16,0,0,0,0,0,12,9
"273275,12ad63000edde7f45",7,<50,139,0,0,0,0,9,0,11,0,0,0,0,0,7,0
"273275,12adf6000ca9d1bbb",10,<50,334,5,6,6,6,15,0,23,0,0,0,2,0,8,6
"273275,12b63c000c6363629",18,<50,463,9,12,12,12,19,0,28,0,0,0,0,0,18,12
"273275,12b68f0008d15fb21",3,<50,137,0,0,0,0,4,0,6,0,0,0,0,0,3,0
"273275,12e14000e44331c5",25,<50,505,21,22,22,22,29,0,40,0,1,0,18,17,6,5
"273275,12f36e000ed03b48f",33,<50,178,26,27,27,27,21,0,33,0,28,22,5,5,0,0
"273275,1301f400021cc2e03",9,<50,359,3,4,4,4,6,0,12,0,0,0,0,0,9,4
"273275,13022b0007f9451e8",6,<50,225,6,6,6,6,9,0,17,0,0,0,0,0,6,6
"273275,1307fb0008c15645a",31,<50,293,22,27,27,27,27,0,36,0,0,0,1,1,30,26
"273275,130d7c000d0f2c2ef",17,<50,171,16,16,16,16,22,0,29,0,0,0,1,1,16,15
"273275,1311b000277ba7ac",19,<50,404,11,12,12,12,20,0,25,0,0,0,0,0,19,12
"273275,13127e000f43497a3",14,<50,700,11,13,13,13,9,0,22,0,0,0,9,8,5,5
"273275,13168c0008ac53bc9",15,<50,354,12,13,13,13,19,0,25,0,0,0,0,0,15,13
"273275,1316ca000f07d10ee",8,<50,114,8,8,8,8,8,0,9,0,2,2,4,4,2,2
"273275,1319260002324aa6f",16,<50,504,15,15,15,15,23,0,30,0,0,0,0,0,16,15
"273275,131ef10005d13a510",17,<50,284,10,11,11,11,15,0,20,0,0,0,0,0,17,11
"273275,1322c50004e3b3798",10,<50,414,3,5,5,5,13,0,28,0,0,0,0,0,10,5
"273275,132aa4000e5985b91",7,<50,101,2,2,2,2,8,0,9,0,0,0,0,0,7,2
"273275,133448000e18c06c5",12,<50,100,8,8,8,8,12,0,13,0,0,0,0,0,12,8
"273275,133463000b35e556f",6,<50,163,6,6,6,6,5,0,8,0,0,0,3,3,3,3
"273275,1335080005edacd03",8,<50,916,7,7,7,7,8,0,15,0,0,0,1,0,7,7
"273275,134ef0008663a5bd",45,<50,918,32,36,36,37,34,0,53,0,8,6,25,20,12,10
"273275,13588d00091050588",36,<50,676,22,28,30,31,27,0,40,0,0,0,0,0,36,28
"273275,1363c40006b2c283e",48,<50,602,11,22,23,23,33,0,61,0,0,0,0,0,48,22
"273275,1365aa000d13faf00",9,<50,68,1,1,1,1,5,0,8,0,0,0,3,0,6,1
"273275,136a4c0000bd16a29",25,<50,319,18,19,19,19,27,0,34,0,0,0,0,0,25,19
"273275,136a8e0009a8ef52f",5,<50,465,2,2,2,2,10,0,16,0,0,0,0,0,5,2
"273275,136b6e0005398874b",6,<50,142,5,5,5,5,10,0,17,0,0,0,0,0,6,5
"273275,136ed8000affd02f4",112,100-150,852,50,78,88,91,31,0,58,0,40,27,60,48,12,3
"273275,1375b000fffcce93",64,50-100,751,48,53,58,58,26,0,41,0,1,1,56,47,7,5
"273275,138516000448b2a38",15,<50,462,10,10,10,10,14,0,28,0,0,0,0,0,15,10
"273275,13860300007b1148b",11,<50,216,10,11,11,11,10,0,15,0,0,0,0,0,11,11
"273275,1390440005d890282",19,<50,412,11,14,14,14,31,0,39,0,0,0,0,0,19,14
"273275,1395cb000af7a7562",13,<50,164,5,5,5,5,16,0,18,0,0,0,0,0,13,5
"273275,1399d3000ffb5c03f",8,<50,338,8,8,8,8,9,0,23,0,0,0,0,0,8,8
"273275,13a201000663efc7f",13,<50,301,9,9,9,9,13,0,19,0,0,0,0,0,13,9
"273275,13a26f0004652fab6",18,<50,767,6,7,8,8,3,0,7,0,10,4,8,3,0,0
"273275,13a9b40005572d3f7",7,<50,599,4,5,5,5,9,0,15,0,0,0,0,0,7,5
"273275,13aae0000c0d9d7a9",16,<50,512,14,15,15,15,16,0,30,0,0,0,0,0,16,15
"273275,13acc1000c44e1af2",26,<50,447,24,24,24,24,22,0,31,0,0,0,17,16,9,8
"273275,13ad5f0008ce535f6",10,<50,236,8,8,8,8,10,0,20,0,1,1,2,2,7,5
"273275,13b32e0005b39dba0",18,<50,216,10,13,13,13,6,0,12,0,13,9,0,0,5,4
"273275,13b6b00012b5e60b",17,<50,526,16,17,17,17,16,0,28,0,0,0,8,8,9,9
"273275,13b7ac0008ec73bd6",6,<50,218,5,6,6,6,8,0,12,0,0,0,3,3,3,3
"273275,13b80a00085bc4d2f",3,<50,86,1,1,1,1,5,0,7,0,0,0,1,1,2,0
"273275,13c2950002c876fd3",14,<50,327,12,13,13,13,20,0,32,0,0,0,0,0,14,13
"273275,13ca80007948e012",17,<50,206,14,15,15,15,15,0,22,0,8,7,9,8,0,0
"273275,13ccec000f13c760b",16,<50,557,6,8,9,9,19,0,35,0,0,0,0,0,16,8
"273275,13d29b00092c6616c",11,<50,209,0,0,0,0,10,0,23,0,0,0,0,0,11,0
"273275,13d2e3000477b5c4b",9,<50,373,9,9,9,9,12,0,17,0,0,0,0,0,9,9
"273275,13da2a000c50e56a4",21,<50,426,16,16,16,16,18,0,24,0,0,0,11,9,10,7
"273275,13e6b000537b53fb",19,<50,549,12,12,12,12,21,0,44,0,13,6,2,2,4,4
"273275,13f6040000faa4b50",23,<50,611,16,20,21,21,22,0,31,0,0,0,12,11,11,9
"273275,13f79d000fc453001",23,<50,599,14,18,20,20,21,0,34,0,0,0,0,0,23,18
"273275,13fad000aaef02af",27,<50,775,17,20,21,21,23,0,44,0,4,4,20,15,3,1
"273275,1409470003ed9868d",10,<50,237,10,10,10,10,10,0,12,0,0,0,0,0,10,10
"273275,140c57000274940f8",6,<50,406,6,6,6,6,11,0,15,0,0,0,0,0,6,6
"273275,140e06000f109c26b",15,<50,222,14,14,14,14,16,0,19,0,0,0,0,0,15,14
"273275,140e60001f8d9ce5",15,<50,394,10,11,11,11,20,0,30,0,9,7,5,4,1,0
"273275,140f80000443434b9",11,<50,420,1,2,2,2,16,0,27,0,0,0,0,0,11,2
"273275,1411ab0005dcacabd",8,<50,203,6,6,6,6,8,0,13,0,0,0,0,0,8,6
"273275,1412a000004562edc",15,<50,162,2,3,3,3,17,0,18,0,0,0,0,0,15,3
"273275,14144700086c80a1b",9,<50,235,9,9,9,9,11,0,15,0,0,0,0,0,9,9
"273275,141550002821905b",25,<50,548,16,17,19,19,23,0,30,0,2,1,20,15,3,1
"273275,1415ce000c9354884",14,<50,297,11,13,13,13,19,0,24,0,1,1,0,0,13,12
"273275,14179c0008d2920a5",7,<50,133,7,7,7,7,7,0,9,0,0,0,0,0,7,7
"273275,141f0d000b689d894",14,<50,269,8,10,10,10,15,0,17,0,0,0,1,0,13,10
"273275,141fb00028d17692",8,<50,318,7,8,8,8,11,0,19,0,0,0,2,2,6,6
"273275,14224b0001adc5a1d",11,<50,335,9,9,9,9,13,0,23,0,0,0,0,0,11,9
"273275,142353000d3760e21",17,<50,455,15,16,16,16,16,0,27,0,2,2,14,13,1,1
"273275,142482000c5dc2efb",13,<50,453,8,11,12,12,17,0,23,0,0,0,0,0,13,11
"273275,1428310005cbf349a",6,<50,137,4,4,4,4,10,0,13,0,0,0,0,0,6,4
"273275,142c5e000bbdb0e4c",5,<50,2,0,0,0,0,0,0,0,0,0,0,0,0,5,0
"273275,142d24000bca5b86f",6,<50,1000,6,6,6,6,20,0,48,0,0,0,2,2,4,4
"273275,142fc5000d3907b56",5,<50,143,0,0,0,0,7,0,9,0,0,0,0,0,5,0
"273275,1442aa0005c9b6e11",8,<50,664,6,6,6,6,7,0,17,0,0,0,0,0,8,6
"273275,14466700044016c8f",5,<50,125,5,5,5,5,5,0,8,0,0,0,2,2,3,3
"273275,1449560001fb5b079",73,50-100,880,32,41,48,50,16,0,34,0,0,0,53,24,20,17
"273275,1451b000080d28829",14,<50,410,14,14,14,14,14,0,19,0,0,0,1,1,13,13
"273275,145a3000032a7a2cc",17,<50,269,14,14,14,14,20,0,26,0,0,0,0,0,17,14
"273275,145bd2000d0bf496e",5,<50,57,5,5,5,5,5,0,7,0,0,0,0,0,5,5
"273275,1469e30003715a2e4",6,<50,67,6,6,6,6,5,0,7,0,0,0,0,0,6,6
"273275,146a1b000b95ca430",5,<50,125,5,5,5,5,4,0,5,0,0,0,0,0,5,5
"273275,146ec00000cb3d039",10,<50,182,8,8,8,8,11,0,12,0,0,0,0,0,10,8
"273275,14746800066fd4fa7",14,<50,358,11,12,12,12,11,0,24,0,0,0,2,2,12,10
"273275,14777c0003c34c468",11,<50,158,10,10,10,10,12,0,14,0,0,0,1,1,10,9
"273275,147c4d0000c6f6fb8",34,<50,472,14,19,21,21,34,0,44,0,0,0,0,0,34,19
"273275,147d0e000662ae8f4",6,<50,158,2,2,2,2,6,0,6,0,0,0,0,0,6,2
"273275,147dd1000fd0fd909",16,<50,536,14,15,16,16,20,0,27,0,2,2,5,5,9,8
"273275,1480e10008d59c60d",12,<50,156,10,11,11,11,15,0,16,0,0,0,0,0,12,11
"273275,14831d000cc63a8a6",29,<50,448,22,25,26,26,23,0,44,0,0,0,0,0,29,25
"273275,148ac000c986817e",9,<50,475,8,8,9,9,10,0,13,0,0,0,1,1,8,7
"273275,1494f800075ecfa17",5,<50,59,0,0,0,0,7,0,9,0,0,0,0,0,5,0
"273275,14a0c1000a12123f6",44,<50,587,26,33,36,36,55,0,67,0,0,0,0,0,44,33
"273275,14a7380005f23393d",31,<50,888,24,27,28,29,19,0,37,0,0,0,31,27,0,0
"273275,14b164000f09ed171",7,<50,49,6,6,6,6,9,0,11,0,0,0,0,0,7,6
"273275,14b30c000036f5e17",30,<50,330,24,26,26,26,23,0,32,0,6,4,20,18,4,4
"273275,14b6260002157daba",6,<50,213,6,6,6,6,4,0,6,0,0,0,0,0,6,6
"273275,14b7a000c518e802",45,<50,530,9,9,9,9,14,0,28,0,4,0,39,8,2,1
"273275,14c3430004ee8bddf",13,<50,476,11,12,12,12,15,0,27,0,0,0,0,0,13,12
"273275,14caf500034ae1152",7,<50,389,6,6,6,6,13,0,23,0,0,0,0,0,7,6
"273275,14ce9a00094519636",9,<50,490,8,9,9,9,12,0,21,0,0,0,0,0,9,9
"273275,14d040000ca844f54",6,<50,96,6,6,6,6,10,0,11,0,0,0,0,0,6,6
"273275,14e23000f65d8afd",39,<50,735,35,36,36,36,25,0,44,0,10,8,22,21,7,7
"273275,14e29d00083ca5687",22,<50,469,11,13,13,13,27,0,42,0,0,0,0,0,22,13
"273275,14ea000029323b10",23,<50,741,19,21,21,21,13,0,21,0,0,0,10,8,13,13
"273275,14eacc00095a52b95",9,<50,305,9,9,9,9,7,0,14,0,0,0,0,0,9,9
"273275,14ebad0000a0ef228",40,<50,500,24,26,26,26,13,0,31,0,0,0,17,7,23,19
"273275,14f3d4000471c8c46",18,<50,487,12,14,15,15,19,0,28,0,0,0,0,0,18,14
"273275,14f4660006f2de318",35,<50,632,15,17,24,24,16,0,36,0,0,0,0,0,35,17
"273275,14f5da000bff60504",24,<50,305,18,19,19,19,25,0,32,0,0,0,0,0,24,19
"273275,14fa20000d9b85bf7",106,100-150,905,27,38,49,53,20,0,53,0,0,0,16,5,90,33
"273275,150301000850c592c",10,<50,203,5,5,5,5,7,0,11,0,0,0,1,0,9,5
"273275,15ca100032fc5beb",38,<50,458,25,28,30,30,16,0,24,0,6,5,24,17,8,6
"273275,15cda000efe46202",13,<50,593,11,13,13,13,13,0,21,0,8,8,5,5,0,0
"273275,1713400068956f34",21,<50,535,15,18,18,18,19,0,33,0,1,0,9,7,11,11
"273275,17b56000624ac692",21,<50,567,20,21,21,21,18,0,25,0,12,12,8,8,1,1
"273275,17ed900032262f87",8,<50,517,7,8,8,8,16,0,30,0,2,2,5,5,1,1
"273275,18219000d0f1a881",21,<50,933,12,14,17,17,11,0,37,0,0,0,9,6,12,8
"273275,1839200063ca30e9",16,<50,566,10,10,10,10,11,0,19,0,0,0,13,8,3,2
"273275,18aa60009009874c",10,<50,302,0,0,0,0,13,0,21,0,0,0,0,0,10,0
"273275,18f8c000cd361e70",42,<50,784,19,22,24,25,35,0,66,0,0,0,6,3,36,19
"273275,193b9000ea240e2c",13,<50,773,11,11,11,11,24,0,38,0,0,0,5,3,8,8
"273275,19583000cd820aa8",21,<50,735,19,20,20,20,19,0,36,0,0,0,8,8,13,12
"273275,195b7000ff4ca9c5",15,<50,572,14,14,14,14,19,0,33,0,1,1,9,8,5,5
"273275,196810008e550855",35,<50,859,29,32,33,34,25,0,50,0,0,0,19,18,16,14
"273275,196c3000dfca2ad3",38,<50,880,34,34,36,37,31,0,52,0,0,0,21,17,17,17
"273275,19756000a828c3b6",63,50-100,483,19,26,27,27,13,0,18,0,4,1,41,12,18,13
"273275,1a3e300095ef6a46",20,<50,452,15,16,17,17,17,0,30,0,0,0,4,4,16,12
"273275,1a8be00030b9671e",13,<50,121,12,12,12,12,10,0,13,0,3,3,9,8,1,1
"273275,1aa6b0004b23c2b1",24,<50,563,17,17,18,18,15,0,22,0,5,1,14,12,5,4
"273275,1ac00091fccfbb",51,50-100,793,37,42,43,43,22,0,46,0,1,1,33,24,17,17
"273275,1b2300014b046eb",13,<50,560,8,9,11,11,13,0,26,0,0,0,0,0,13,9
"273275,1b37d000e567d94f",34,<50,277,14,15,15,15,16,0,17,0,0,0,25,7,9,8
"273275,1b3e700014db820d",36,<50,552,20,24,26,26,18,0,39,0,0,0,1,1,35,23
"273275,1be50007f112cf1",15,<50,291,10,11,11,11,8,0,15,0,0,0,9,7,6,4
"273275,1ceb3000d60398a7",108,100-150,305,33,37,37,37,14,0,34,0,20,0,44,8,44,29
"273275,1d7d0003b4b216b",34,<50,638,20,22,23,23,22,0,29,0,2,0,15,7,17,15
"273275,1d85e000a2639fe4",53,50-100,603,19,26,27,27,11,0,29,0,0,0,4,2,49,24
"273275,1dede000d0bd0cde",12,<50,880,8,10,11,12,28,0,56,0,1,1,5,4,6,5
"273275,1ebdd00038dd72c1",16,<50,612,13,14,14,14,20,0,33,0,0,0,0,0,16,14
"273275,1eeef00038d1d992",65,50-100,536,39,49,52,52,26,0,35,0,0,0,22,9,43,40
"273275,1f7d2000c8f6e1c1",16,<50,391,13,14,14,14,14,0,16,0,9,8,6,5,1,1
"273275,1f8c1000c7ea63d7",56,50-100,536,42,52,52,52,30,0,39,0,0,0,22,20,34,32
"273275,1fcfa00091d61ead",29,<50,687,16,21,21,22,19,0,29,0,0,0,23,15,6,6
"273275,201e20006b4a7415",40,<50,747,25,27,30,30,28,0,43,0,0,0,7,4,33,23
"273275,2033c00088918676",66,50-100,912,38,48,50,52,24,0,43,0,8,7,44,30,14,11
"273275,2039e0007b3334ea",38,<50,605,22,28,28,28,33,0,54,0,0,0,6,2,32,26
"273275,20727000b3dd4a58",70,50-100,586,57,64,66,66,32,0,49,0,0,0,59,53,11,11
"273275,2079f0009ee3fc4b",15,<50,233,13,15,15,15,14,0,25,0,0,0,0,0,15,15
"273275,211cf0007d7359c0",33,<50,772,24,26,26,27,24,0,43,0,7,5,15,10,11,11
"273275,21c8e000a1b3351c",59,50-100,934,38,50,52,52,44,0,77,0,6,4,42,35,11,11
"273275,2349200065c0b034",19,<50,691,16,18,18,18,18,0,31,0,2,1,8,8,9,9
"273275,23560000f7e1eaa0",7,<50,242,4,4,4,4,10,0,11,0,0,0,1,1,6,3
"273275,237390003076a73f",23,<50,23,0,0,0,0,2,0,2,0,0,0,4,0,19,0
"273275,23b200006da7f828",39,<50,787,15,19,21,21,23,0,39,0,0,0,1,1,38,18
"273275,24a66000826d2fb2",27,<50,450,21,24,25,25,21,0,30,0,0,0,0,0,27,24
"273275,24e46000ccd8149e",37,<50,388,24,24,24,24,19,0,28,0,0,0,15,6,22,18
"273275,261f800006250030",23,<50,635,16,17,18,18,22,0,35,0,7,5,2,1,14,11
"273275,264d0000363a69c5",8,<50,237,8,8,8,8,8,0,12,0,0,0,1,1,7,7
"273275,277f4000711a1a15",17,<50,469,13,13,13,13,24,0,35,0,0,0,4,2,13,11
"273275,27ed300075f03f57",5,<50,520,1,3,3,3,11,0,19,0,0,0,0,0,5,3
"273275,2924b000b3b5e363",29,<50,591,25,28,29,29,14,0,37,0,10,10,19,18,0,0
"273275,29c5900006ce0c95",18,<50,383,7,8,8,8,14,0,19,0,4,0,8,4,6,4
"273275,29fc400062ce6ed2",74,50-100,717,52,60,63,64,30,0,58,0,2,2,60,47,12,11
"273275,2a924000693d5eca",7,<50,646,7,7,7,7,16,0,24,0,0,0,0,0,7,7
"273275,2a9fb0000b9a530f",34,<50,371,22,23,23,23,19,0,29,0,0,0,0,0,34,23
"273275,2b19e000f0aed5a8",30,<50,791,25,28,28,28,41,0,67,0,0,0,3,2,27,26
"273275,2b26c000b1625c09",9,<50,649,9,9,9,9,19,0,29,0,0,0,1,1,8,8
"273275,2b79f0005c59dc4b",12,<50,389,10,12,12,12,17,0,21,0,2,2,5,5,5,5
"273275,2bda40001438045f",37,<50,865,24,26,29,29,38,0,57,0,1,1,25,16,11,9
"273275,2bf18000730693bd",28,<50,673,23,24,25,25,26,0,35,0,5,4,13,10,10,10
"273275,2d577000a288fca3",12,<50,624,9,10,10,10,37,0,66,0,0,0,10,8,2,2
"273275,2df440008c3d9d6e",20,<50,200,5,5,5,5,8,0,11,0,0,0,0,0,20,5
"273275,2e0cc000d831ab43",36,<50,908,19,24,27,27,25,0,60,0,8,4,15,10,13,10
"273275,2e100006797ed15",12,<50,526,12,12,12,12,23,0,40,0,0,0,3,3,9,9
"273275,2e1980003a93464e",9,<50,285,5,7,7,7,7,0,12,0,0,0,0,0,9,7
"273275,2e94400044d7918d",13,<50,561,12,12,12,12,15,0,22,0,0,0,7,6,6,6
"273275,2f04d0001a28ca2e",17,<50,126,0,0,0,0,1,0,2,0,0,0,4,0,13,0
"273275,2f37f0003ac61787",3,<50,80,2,2,2,2,3,0,5,0,0,0,0,0,3,2
"273275,2f740004af4dcee",19,<50,894,14,16,16,17,29,0,53,0,3,2,8,6,8,8
"273275,2f887000a6e4c0b5",14,<50,966,14,14,14,14,28,0,56,0,0,0,3,3,11,11
"273275,2f8b6000f4f4746f",16,<50,585,10,10,10,10,16,0,29,0,0,0,0,0,16,10
"273275,2fde7000549007f4",4,<50,101,0,0,0,0,1,0,2,0,2,0,1,0,1,0
"273275,307f4000bc25eb46",9,<50,606,1,1,3,3,7,0,16,0,0,0,0,0,9,1
"273275,30b1000dacdded5",16,<50,973,14,14,14,14,28,0,57,0,0,0,7,5,9,9
"273275,30df8000a996bfbe",29,<50,797,22,24,25,25,21,0,31,0,0,0,0,0,29,24
"273275,3114000c2a56544",33,<50,742,20,21,22,24,20,0,34,0,0,0,15,9,18,12
"273275,3194c000ccf6cf30",7,<50,200,3,3,3,3,8,0,16,0,0,0,5,2,2,1
"273275,325020001cebcbe5",11,<50,310,11,11,11,11,9,0,16,0,0,0,11,11,0,0
"273275,32ea6000fdb6d11c",6,<50,504,4,4,4,4,8,0,14,0,0,0,0,0,6,4
"273275,3345a000d9d67c79",20,<50,275,7,7,7,7,8,0,16,0,0,0,12,5,8,2
"273275,334f60004806d656",22,<50,752,19,19,19,19,22,0,35,0,1,1,14,13,7,5
"273275,3397300059616147",18,<50,354,17,17,17,17,16,0,27,0,0,0,16,15,2,2
"273275,33b0f0005e85c95b",206,150-300,751,45,98,120,125,12,0,46,0,16,1,188,95,2,2
"273275,33ce600050308e0b",7,<50,176,7,7,7,7,14,0,15,0,0,0,6,6,1,1
"273275,344f2000b29a12c8",33,<50,918,22,27,28,29,25,0,48,0,5,5,17,13,11,9
"273275,34eaf000b43fb04d",28,<50,949,23,24,26,26,27,0,40,0,7,4,14,13,7,7
"273275,35cae000407061c7",10,<50,688,8,8,8,9,9,0,14,0,1,0,5,4,4,4
"273275,35e2000042f1c726",29,<50,760,19,23,24,24,21,0,47,0,11,9,18,14,0,0
"273275,36072000bf12dbf5",39,<50,910,19,23,29,29,39,0,62,0,0,0,14,5,25,18
"273275,364c8000a47f404c",18,<50,115,5,5,5,5,7,0,13,0,1,0,1,0,16,5
"273275,3652800076ff9e82",25,<50,398,10,13,14,14,16,0,26,0,0,0,11,5,14,8
"273275,365e300084fc18a5",15,<50,986,5,8,10,12,23,0,40,0,5,4,5,1,5,3
"273275,3675a000477eca57",12,<50,628,12,12,12,12,19,0,29,0,1,1,11,11,0,0
"273275,36d0a0008c1f6f32",36,<50,395,12,12,12,12,17,0,30,0,0,0,30,9,6,3
"273275,36f12000c3829c6b",15,<50,520,12,13,14,14,14,0,31,0,3,3,4,3,8,7
"273275,36f4100045f938ec",38,<50,846,27,29,31,32,32,0,74,0,0,0,3,1,35,28
"273275,3736f000f201a712",38,<50,636,23,29,31,33,31,0,40,0,0,0,4,3,34,26
"273275,374f0000f0a8522a",10,<50,367,7,7,7,7,16,0,27,0,0,0,5,3,5,4
"273275,376420007489ad3d",14,<50,684,13,13,13,14,19,0,32,0,4,3,6,6,4,4
"273275,37cdf0001e5ceac2",9,<50,568,8,8,9,9,18,0,32,0,0,0,2,2,7,6
"273275,3858c00022999986",21,<50,629,16,17,18,18,25,0,51,0,0,0,18,14,3,3
"273275,38a740009d3e6ce6",17,<50,269,3,4,4,4,6,0,15,0,0,0,7,2,10,2
"273275,394cb00081883ae3",6,<50,209,6,6,6,6,11,0,16,0,0,0,0,0,6,6
"273275,39518000b642e25f",33,<50,748,30,33,33,33,33,0,54,0,4,4,21,21,8,8
"273275,3956c000e2177c78",27,<50,558,19,21,24,24,23,0,42,0,6,3,13,11,8,7
"273275,395c800062e6159e",9,<50,419,9,9,9,9,15,0,24,0,5,5,4,4,0,0
"273275,397ac0008acb8b65",54,50-100,779,35,47,50,50,34,0,55,0,0,0,41,38,13,9
"273275,399420001c4d8318",27,<50,438,8,11,12,12,22,0,35,0,0,0,8,2,19,9
"273275,3a7c00003cc4e90d",5,<50,273,3,4,4,4,9,0,14,0,0,0,2,1,3,3
"273275,3ae4b000ae78fdc5",25,<50,817,18,19,21,21,29,0,44,0,0,0,13,9,12,10
"273275,3b1ba000b9922e07",10,<50,318,8,8,8,8,10,0,18,0,1,1,8,7,1,0
"273275,3b20f000b31c6545",15,<50,247,14,15,15,15,17,0,26,0,11,11,4,4,0,0
"273275,3bbcf000b1f412d4",40,<50,684,14,19,24,24,22,0,39,0,0,0,9,4,31,15
"273275,3be64000bd480d30",17,<50,119,3,3,3,3,3,0,4,0,0,0,6,2,11,1
"273275,3be7e000b88bde23",20,<50,528,19,20,20,20,20,0,31,0,0,0,20,20,0,0
"273275,3c1cc0008d945547",16,<50,680,13,15,15,15,23,0,40,0,0,0,9,9,7,6
"273275,3c5550000e7c1e0a",50,50-100,712,38,44,48,48,35,0,50,0,19,16,31,28,0,0
"273275,3c96600010b5f224",27,<50,833,22,22,24,24,22,0,43,0,0,0,19,15,8,7
"273275,3cae300070f135f3",29,<50,563,5,5,5,5,18,0,33,0,0,0,1,0,28,5
"273275,3d30500034be6903",47,<50,598,36,39,42,42,31,0,56,0,21,15,22,20,4,4
"273275,3d53000d02a011a",14,<50,575,12,13,13,13,13,0,26,0,1,1,10,9,3,3
"273275,3d96b0000b6c19f2",16,<50,605,8,11,11,11,22,0,36,0,0,0,1,0,15,11
"273275,3dd0000e1131e3f",9,<50,296,8,9,9,9,8,0,11,0,0,0,2,2,7,7
"273275,3e94f000c6b0b894",155,150-300,217,24,30,30,30,11,0,33,0,0,0,59,0,96,30
"273275,3ef680007a725a57",20,<50,446,3,5,7,7,21,0,38,0,0,0,0,0,20,5
"273275,408950000c99ce99",19,<50,619,15,16,17,17,16,0,29,0,0,0,4,4,15,12
"273275,40be000037b1fe03",31,<50,862,19,25,28,28,21,0,35,0,14,11,16,14,1,0
"273275,4127e000124c1f1a",15,<50,447,7,7,7,7,14,0,21,0,0,0,0,0,15,7
"273275,41d3c0003cacf266",33,<50,658,24,25,26,26,25,0,44,0,5,5,26,19,2,1
"273275,4245c0009d5b3c2f",49,<50,349,14,15,15,15,11,0,21,0,0,0,49,15,0,0
"273275,4258a000cf361ef8",17,<50,714,13,16,16,16,27,0,50,0,0,0,3,3,14,13
"273275,425b800016484484",22,<50,532,17,18,20,20,18,0,27,0,1,1,17,13,4,4
"273275,426d000a54f6baf",4,<50,396,3,4,4,4,8,0,13,0,0,0,0,0,4,4
"273275,42d0d0008c77f967",22,<50,261,6,6,6,6,13,0,19,0,10,4,11,2,1,0
"273275,4312e000a8859e7a",38,<50,220,8,8,8,8,9,0,15,0,10,4,27,4,1,0
"273275,432ce000f071cf58",22,<50,495,18,20,20,20,23,0,35,0,2,1,14,13,6,6
"273275,4345500074e50e36",28,<50,652,25,28,28,28,29,0,45,0,0,0,21,21,7,7
"273275,4361000048a02747",11,<50,304,8,8,8,8,11,0,15,0,0,0,11,8,0,0
"273275,437d400032e8a7c6",9,<50,276,9,9,9,9,11,0,22,0,0,0,3,3,6,6
"273275,443d7000118a603d",28,<50,564,9,9,10,10,24,0,36,0,1,0,9,0,18,9
"273275,44b660006ff732c1",16,<50,337,10,12,12,12,15,0,22,0,0,0,0,0,16,12
"273275,455e9000207c642a",23,<50,551,14,16,16,16,19,0,36,0,0,0,20,13,3,3
"273275,45f020007fbfecd2",8,<50,466,6,7,7,7,9,0,19,0,0,0,0,0,8,7
"273275,4630d000ce29caf4",21,<50,687,16,17,20,20,18,0,45,0,0,0,19,15,2,2
"273275,463e60006e4dbf83",10,<50,271,10,10,10,10,13,0,15,0,0,0,6,6,4,4
"273275,4694e0006b97fb36",15,<50,360,12,12,12,12,12,0,17,0,0,0,13,10,2,2
"273275,46e6000054ab205",8,<50,395,7,7,7,7,14,0,24,0,0,0,0,0,8,7
"273275,4756e000576faec4",9,<50,120,0,0,0,0,0,0,0,0,0,0,0,0,9,0
"273275,47941000d6127886",11,<50,477,7,7,7,7,10,0,16,0,0,0,3,1,8,6
"273275,48e17000f5772723",9,<50,271,7,8,8,8,7,0,16,0,0,0,0,0,9,8
"273275,499140009650a327",3,<50,112,2,2,2,2,4,0,8,0,0,0,0,0,3,2
"273275,499a3000ca3c1f8c",24,<50,622,21,21,23,23,15,0,29,0,5,4,17,15,2,2
"273275,49f02000803da8c2",11,<50,347,8,9,9,9,13,0,24,0,0,0,0,0,11,9
"273275,4a1b60004d7e5b42",4,<50,78,1,1,1,1,0,0,3,0,4,1,0,0,0,0
"273275,4a53900099c285ff",10,<50,731,5,5,5,5,14,0,26,0,0,0,0,0,10,5
"273275,4af71000b047eea0",19,<50,445,11,12,13,13,16,0,21,0,0,0,0,0,19,12
"273275,4ba4a00001482751",29,<50,408,27,27,27,27,26,0,35,0,0,0,29,27,0,0
"273275,4c142000df53b673",76,50-100,683,50,60,63,63,39,0,69,0,59,43,5,5,12,12
"273275,4c516000ce278684",5,<50,221,2,2,2,2,5,0,11,0,0,0,0,0,5,2
"273275,4cc96000d4a1b084",16,<50,362,5,5,5,5,6,0,12,0,0,0,3,1,13,4
"273275,4cd130000c1cf6f1",10,<50,338,10,10,10,10,13,0,19,0,0,0,0,0,10,10
"273275,4ce7b000d7be8d88",8,<50,344,6,7,7,7,10,0,21,0,0,0,0,0,8,7
"273275,4cffd000aa80dc98",35,<50,904,7,7,9,10,33,0,94,0,0,0,22,4,13,3
"273275,4e9d1000623d182f",10,<50,258,8,8,8,8,13,0,17,0,0,0,0,0,10,8
"273275,4ee6e000415a3c4d",36,<50,306,8,9,9,9,8,0,14,0,2,1,18,4,16,4
"273275,4eef20009b3f0cdf",18,<50,580,15,16,17,17,15,0,22,0,0,0,0,0,18,16
"273275,4f1e700044ce8af4",14,<50,276,9,9,9,9,16,0,26,0,8,3,6,6,0,0
"273275,4f567000f29ce66e",4,<50,103,1,1,1,1,4,0,6,0,0,0,0,0,4,1
"273275,4f76c000bbdcb61e",21,<50,684,16,17,17,17,17,0,35,0,0,0,9,6,12,11
"273275,4f7fa0008dbeadcf",36,<50,387,17,21,22,22,14,0,18,0,2,0,34,21,0,0
"273275,4fc7b000f1698207",18,<50,550,16,17,17,17,14,0,32,0,1,1,10,9,7,7
"273275,504160004ae5434e",6,<50,329,6,6,6,6,10,0,16,0,0,0,0,0,6,6
"273275,50756000149d24f0",7,<50,307,7,7,7,7,11,0,14,0,0,0,0,0,7,7
"273275,508270007674f4e0",19,<50,260,10,10,10,10,9,0,16,0,0,0,0,0,19,10
"273275,50df500077d14d54",12,<50,362,11,12,12,12,17,0,28,0,0,0,0,0,12,12
"273275,513c60009493721c",15,<50,780,11,14,14,14,13,0,23,0,0,0,0,0,15,14
"273275,513f0000dc988092",299,150-300,894,63,111,158,173,15,0,59,0,0,0,0,0,299,111
"273275,51687000379adf71",53,50-100,901,35,45,46,46,29,0,56,0,0,0,53,45,0,0
"273275,519f200076cbb2ee",14,<50,473,8,9,10,10,11,0,16,0,0,0,0,0,14,9
"273275,51c94000f7993ed3",48,<50,227,11,17,17,17,5,0,16,0,0,0,25,7,23,10
"273275,52a83000d99fbc8f",32,<50,569,17,21,25,25,17,0,40,0,0,0,0,0,32,21
"273275,52dab0002a72bbd9",33,<50,555,18,19,20,20,31,0,40,0,0,0,18,10,15,9
"273275,52f64000a836a9cc",10,<50,272,4,5,5,5,12,0,18,0,0,0,7,3,3,2
"273275,530ef0004389c74c",14,<50,229,13,13,13,13,11,0,17,0,1,1,10,9,3,3
"273275,53166000a410c77d",82,50-100,617,35,44,45,45,20,0,42,0,1,0,81,44,0,0
"273275,5349d0005a6249eb",46,<50,515,15,19,20,20,14,0,34,0,12,0,13,4,21,15
"273275,539050002b0c7790",8,<50,363,8,8,8,8,8,0,20,0,0,0,1,1,7,7
"273275,53978000db8bb1e8",35,<50,483,6,8,9,9,33,0,65,0,1,1,34,7,0,0
"273275,53b5c00092106a3d",16,<50,166,1,1,1,1,3,0,4,0,0,0,10,1,6,0
"273275,53c9b000342a80dc",15,<50,224,12,12,12,12,10,0,18,0,0,0,13,10,2,2
"273275,53e530009010db1e",20,<50,592,19,20,20,20,17,0,26,0,0,0,3,3,17,17
"273275,547ee0004dd90cc9",11,<50,555,10,11,11,11,11,0,20,0,0,0,10,10,1,1
"273275,5481000014885c54",11,<50,422,9,10,10,10,12,0,16,0,0,0,0,0,11,10
"273275,54960000d25f8ac2",14,<50,588,12,13,13,13,16,0,26,0,0,0,14,13,0,0
"273275,566c70009f838cc0",7,<50,504,5,5,6,6,9,0,22,0,0,0,2,0,5,5
"273275,5677500096b5457c",28,<50,603,23,24,25,25,23,0,29,0,2,2,16,13,10,9
"273275,56e5b000f5be4e23",6,<50,365,6,6,6,6,9,0,17,0,0,0,0,0,6,6
"273275,571de0002d05bada",41,<50,508,16,19,20,20,33,0,51,0,0,0,0,0,41,19
"273275,573fd000a6cac8f7",6,<50,161,4,4,4,4,6,0,7,0,0,0,0,0,6,4
"273275,574200069ffdea6",33,<50,593,24,25,28,28,20,0,32,0,0,0,0,0,33,25
"273275,5792d000ba15e60e",9,<50,237,8,8,8,8,13,0,16,0,0,0,3,3,6,5
"273275,579ce0001f9eb20e",19,<50,325,19,19,19,19,21,0,29,0,0,0,0,0,19,19
"273275,586dd000a0835b35",37,<50,635,6,14,15,15,36,0,70,0,0,0,0,0,37,14
"273275,5886f00081f8c3d8",16,<50,257,7,7,7,7,14,0,20,0,0,0,1,1,15,6
"273275,588db0004e031e51",12,<50,417,9,9,11,11,15,0,25,0,0,0,0,0,12,9
"273275,58ab700012467f93",26,<50,547,10,15,15,15,35,0,59,0,0,0,0,0,26,15
"273275,59ac6000f8f4d4ae",6,<50,619,6,6,6,6,12,0,16,0,0,0,0,0,6,6
"273275,59b2e000dce8f506",21,<50,463,9,11,13,13,35,0,48,0,0,0,0,0,21,11
"273275,59b7f0008271faec",36,<50,544,16,18,19,19,21,0,42,0,0,0,6,5,30,13
"273275,59dc4000b708b076",34,<50,537,28,31,32,32,32,0,45,0,0,0,0,0,34,31
"273275,5b408000c522b868",11,<50,272,10,11,11,11,13,0,21,0,0,0,0,0,11,11
"273275,5beb800040b7a991",10,<50,275,9,9,9,9,12,0,16,0,0,0,0,0,10,9
"273275,5c0b40007412f78e",8,<50,323,6,6,6,6,8,0,16,0,0,0,0,0,8,6
"273275,5c19d000f125ba84",9,<50,240,8,8,8,8,8,0,11,0,0,0,0,0,9,8
"273275,5c2090001fa67cb5",7,<50,79,6,6,6,6,7,0,8,0,1,1,6,5,0,0
"273275,5c4a7000f422d081",7,<50,392,5,5,5,5,16,0,28,0,0,0,0,0,7,5
"273275,5c4da0008eff0210",21,<50,530,19,21,21,21,25,0,30,0,0,0,0,0,21,21
"273275,5c8fc0006d57def7",1,<50,297,0,0,0,0,4,0,5,0,1,0,0,0,0,0
"273275,5c9e5000a51c5254",20,<50,520,13,15,15,15,24,0,29,0,0,0,0,0,20,15
"273275,5cf74000a78e33c9",24,<50,377,19,20,21,21,26,0,40,0,0,0,0,0,24,20
"273275,5cfd40003ba97567",12,<50,326,11,12,12,12,14,0,20,0,0,0,0,0,12,12
"273275,5d0330005d00a4c8",236,150-300,267,12,20,20,20,0,0,2,0,0,0,233,20,3,0
"273275,5d050007f9c153a",10,<50,472,9,9,9,9,7,0,16,0,1,1,4,3,5,5
"273275,5d318000e7529a90",36,<50,844,19,23,25,27,36,0,56,0,0,0,12,9,24,14
"273275,5d65000ac91aa74",19,<50,416,12,15,15,15,17,0,29,0,0,0,0,0,19,15
"273275,5de7900099a1db8c",9,<50,205,8,8,8,8,9,0,10,0,0,0,0,0,9,8
"273275,5e124000848a2f3b",74,50-100,136,26,26,26,26,3,0,11,0,60,19,14,7,0,0
"273275,5e210000d403a5f9",6,<50,117,3,4,4,4,7,0,7,0,0,0,0,0,6,4
"273275,5f45d0002d92d1b5",31,<50,419,25,27,28,28,31,0,37,0,0,0,7,5,24,22
"273275,5f76d0005974eade",12,<50,241,3,4,4,4,15,0,21,0,0,0,0,0,12,4
"273275,5fbf1000cce2e62a",20,<50,751,8,9,9,9,24,0,36,0,0,0,0,0,20,9
"273275,6053f000df8cac5f",7,<50,295,7,7,7,7,10,0,28,0,0,0,0,0,7,7
"273275,6174700082adb5ae",54,50-100,708,26,33,36,36,34,0,48,0,0,0,0,0,54,33
"273275,617d000001617923",20,<50,458,16,16,16,16,22,0,32,0,1,1,17,13,2,2
"273275,617f2000c1a55350",17,<50,463,16,16,16,16,21,0,26,0,0,0,0,0,17,16
"273275,61a310006b18a64f",14,<50,713,13,13,13,13,20,0,25,0,0,0,0,0,14,13
"273275,61b520009ce9712b",13,<50,257,10,11,11,11,16,0,25,0,0,0,0,0,13,11
"273275,61e6f000e3c1a17c",8,<50,161,4,4,4,4,9,0,10,0,0,0,0,0,8,4
"273275,62395000108b8335",56,50-100,568,22,35,40,40,16,0,39,0,0,0,37,22,19,13
"273275,62559000aadc911a",15,<50,477,14,14,14,14,28,0,34,0,0,0,0,0,15,14
"273275,62704000cb77dbdc",9,<50,262,9,9,9,9,9,0,11,0,0,0,0,0,9,9
"273275,62a1c00088d69865",19,<50,534,14,16,19,19,24,0,38,0,0,0,0,0,19,16
"273275,63930008e97294c",26,<50,623,23,23,23,23,24,0,40,0,0,0,3,3,23,20
"273275,63c37000dfbc7a0f",30,<50,355,14,17,19,19,30,0,36,0,0,0,0,0,30,17
"273275,64740005aeaa64e",39,<50,951,22,27,32,32,32,0,63,0,0,0,2,0,37,27
"273275,648f10000b4a30d9",12,<50,426,10,12,12,12,19,0,23,0,0,0,2,2,10,10
"273275,64a72000403ce05b",48,<50,770,21,28,33,34,21,0,33,0,0,0,25,11,23,17
"273275,64ab40006e103144",162,150-300,661,67,99,111,112,17,0,43,0,0,0,156,97,6,2
"273275,64c2e00069ce7425",17,<50,212,17,17,17,17,19,0,24,0,0,0,0,0,17,17
"273275,64c53000357df944",34,<50,570,13,18,25,25,25,0,51,0,0,0,15,3,19,15
"273275,64c8e000d4b8aee2",14,<50,612,13,13,14,14,17,0,34,0,0,0,2,2,12,11
"273275,652670005ea9ee2c",11,<50,509,8,9,9,9,13,0,19,0,0,0,1,0,10,9
"273275,657f90008bd05a2b",24,<50,587,10,17,18,18,36,0,54,0,0,0,0,0,24,17
"273275,65d8d000a80b047b",5,<50,191,0,0,0,0,7,0,14,0,0,0,0,0,5,0
"273275,65db3000b570296b",30,<50,445,22,22,22,22,17,0,34,0,5,2,16,11,9,9
"273275,66640000c115eaf8",8,<50,348,5,6,6,6,19,0,36,0,5,3,3,3,0,0
"273275,6672e000a75d2db7",21,<50,708,19,19,19,19,23,0,31,0,0,0,7,6,14,13
"273275,667d4000d8908252",21,<50,649,14,16,17,17,18,0,36,0,0,0,2,2,19,14
"273275,66ad00043f895a3",20,<50,621,18,20,20,20,23,0,35,0,0,0,19,19,1,1
"273275,677880001e4ae6b6",5,<50,172,5,5,5,5,6,0,10,0,0,0,0,0,5,5
"273275,678b800070cc8c71",4,<50,353,4,4,4,4,6,0,15,0,0,0,0,0,4,4
"273275,68490004c680b42",4,<50,280,3,4,4,4,6,0,10,0,0,0,1,1,3,3
"273275,684f8000670dd837",31,<50,875,21,24,25,27,28,0,38,0,0,0,6,2,25,22
"273275,6861b0002cc67ec9",39,<50,728,23,26,32,32,34,0,53,0,1,1,10,7,28,18
"273275,686d90005babdea0",19,<50,411,10,11,12,12,14,0,19,0,2,1,4,0,13,10
"273275,687930009fecaadc",27,<50,874,19,23,24,24,24,0,38,0,0,0,6,4,21,19
"273275,696ef0003d7b52b4",6,<50,78,6,6,6,6,7,0,10,0,0,0,0,0,6,6
"273275,69a25000ba365330",20,<50,443,15,16,16,16,11,0,23,0,8,7,8,6,4,3
"273275,69b9900022bf846f",14,<50,410,13,14,14,14,15,0,24,0,1,1,4,4,9,9
"273275,69d44000f09fdce9",7,<50,240,6,6,6,6,9,0,14,0,0,0,0,0,7,6
"273275,69e51000d796faca",4,<50,103,1,1,1,1,5,0,6,0,0,0,0,0,4,1
"273275,69f8e0002acc2afc",11,<50,528,9,10,10,10,12,0,23,0,0,0,1,1,10,9
"273275,6a8300080218468",18,<50,972,11,13,16,16,25,0,65,0,2,1,9,5,7,7
"273275,6aedf000ea4a2dcf",75,50-100,613,36,52,56,56,22,0,41,0,29,23,20,9,26,20
"273275,6af2200061012bb2",108,100-150,883,47,65,77,81,36,0,68,0,0,0,55,34,53,31
"273275,6af9200059534c94",6,<50,234,1,1,1,1,7,0,9,0,0,0,0,0,6,1
"273275,6b000077288c8a",15,<50,609,13,14,14,14,14,0,19,0,0,0,9,8,6,6
"273275,6b03c000e3ba5f36",4,<50,256,4,4,4,4,5,0,13,0,0,0,0,0,4,4
"273275,6b06c00049bd286c",34,<50,639,27,29,31,31,25,0,37,0,1,1,23,18,10,10
"273275,6b0f200062d1422f",19,<50,7,0,0,0,0,0,0,0,0,0,0,16,0,3,0
"273275,6b51e000938668ae",5,<50,68,5,5,5,5,6,0,9,0,0,0,0,0,5,5
"273275,6b5c20001973c257",11,<50,700,8,8,8,8,9,0,17,0,0,0,0,0,11,8
"273275,6b61e000492bb3a0",5,<50,311,4,5,5,5,10,0,18,0,0,0,1,1,4,4
"273275,6b91c000c870d62c",35,<50,655,27,29,30,30,24,0,37,0,0,0,15,10,20,19
"273275,6b95900022ee32a2",42,<50,476,25,28,28,28,24,0,39,0,0,0,15,6,27,22
"273275,6b99d0002f333944",28,<50,688,26,26,27,27,23,0,42,0,5,5,7,7,16,14
"273275,6b9bd000d04e77ed",9,<50,169,9,9,9,9,8,0,13,0,0,0,6,6,3,3
"273275,6bcc20004b6ccfe2",73,50-100,853,49,61,63,65,27,0,52,0,0,0,44,37,29,24
"273275,6bf6f00030f2ed27",4,<50,217,0,0,0,0,3,0,10,0,0,0,0,0,4,0
"273275,6bf8b00099f5b5c0",141,100-150,309,8,13,13,13,8,0,14,0,0,0,52,1,89,12
"273275,6c397000e2ad2f44",14,<50,560,8,9,9,9,15,0,28,0,0,0,0,0,14,9
"273275,6c640007b6ec372",14,<50,538,11,13,13,13,22,0,37,0,1,1,10,9,3,3
"273275,6c70f00028727fb9",10,<50,481,10,10,10,10,14,0,30,0,0,0,0,0,10,10
"273275,6ca0001de90d86",31,<50,904,17,22,24,25,35,0,69,0,1,1,18,11,12,10
"273275,6ca90000f3b3e5d0",42,<50,892,16,21,23,25,29,0,51,0,0,0,1,0,41,21
"273275,6cab0000799d530b",9,<50,315,7,7,7,7,9,0,16,0,0,0,0,0,9,7
"273275,6cc530000604f5b6",22,<50,52,0,0,0,0,0,0,5,0,0,0,0,0,22,0
"273275,6cda4000fcdb3a6e",15,<50,553,12,13,13,13,14,0,23,0,0,0,3,2,12,11
"273275,6d0b20000a6896c2",4,<50,96,0,0,0,0,4,0,8,0,0,0,0,0,4,0
"273275,6d5290003ee40ffa",32,<50,586,27,28,31,31,26,0,48,0,1,1,23,19,8,8
"273275,6db3a0002bc04d2c",11,<50,537,8,8,8,8,12,0,22,0,0,0,0,0,11,8
"273275,6de59000df55a0c5",21,<50,533,15,19,19,19,11,0,24,0,0,0,11,9,10,10
"273275,6e03a0005f7e077b",17,<50,442,11,11,11,11,13,0,22,0,0,0,2,0,15,11
"273275,6e0cd00076988575",14,<50,831,11,12,12,12,24,0,45,0,0,0,0,0,14,12
"273275,6e6900030607830",16,<50,376,0,0,0,0,19,0,25,0,0,0,4,0,12,0
"273275,6e95f0001fc35eb7",19,<50,460,15,17,17,17,18,0,35,0,0,0,0,0,19,17
"273275,6e9b7000df55268d",5,<50,104,0,0,0,0,4,0,6,0,0,0,0,0,5,0
"273275,6ebeb0003ff02c10",13,<50,174,9,9,9,9,7,0,9,0,6,2,4,4,3,3
"273275,6efa2000b154ef4b",56,50-100,477,38,45,46,46,20,0,33,0,27,19,9,7,20,19
"273275,6efbe0008857ce5e",13,<50,242,4,6,6,6,17,0,29,0,0,0,0,0,13,6
"273275,6f1a4000590821cf",10,<50,419,9,9,9,9,8,0,15,0,0,0,0,0,10,9
"273275,6f1dc000b219d305",17,<50,462,17,17,17,17,16,0,34,0,0,0,1,1,16,16
"273275,6f9300003a33d61f",46,<50,818,29,38,41,42,26,0,45,0,0,0,0,0,46,38
"273275,6ff12000c62c7abf",13,<50,573,8,11,12,12,14,0,23,0,0,0,0,0,13,11
"273275,6fffa000bc557984",6,<50,177,6,6,6,6,7,0,16,0,1,1,2,2,3,3
"273275,70210000f1cde3f6",6,<50,123,4,4,4,4,8,0,10,0,0,0,6,4,0,0
"273275,702300007f859fcd",16,<50,332,14,15,15,15,21,0,29,0,0,0,0,0,16,15
"273275,707310002bcaf87d",37,<50,428,15,18,18,18,17,0,30,0,2,1,6,6,29,11
"273275,70e6700027baa3cb",13,<50,207,5,6,6,6,12,0,16,0,0,0,0,0,13,6
"273275,711d0000d82df46f",24,<50,344,23,24,24,24,18,0,31,0,0,0,14,14,10,10
"273275,71439000c7824433",12,<50,484,9,10,10,10,13,0,25,0,0,0,9,7,3,3
"273275,720840003a49cf5b",86,50-100,80,9,9,9,9,5,0,11,0,18,0,65,8,3,1
"273275,72127000538abc91",12,<50,438,9,11,12,12,12,0,23,0,0,0,0,0,12,11
"273275,721600003c5c0ccd",8,<50,301,8,8,8,8,8,0,9,0,0,0,0,0,8,8
"273275,72475000699a7ba0",12,<50,228,12,12,12,12,13,0,13,0,0,0,0,0,12,12
"273275,728540008c896695",13,<50,656,12,12,12,12,20,0,47,0,0,0,2,2,11,10
"273275,7343c0008bc06f07",7,<50,258,7,7,7,7,10,0,15,0,0,0,0,0,7,7
"273275,737200048e06566",16,<50,888,15,16,16,16,19,0,31,0,4,4,8,8,4,4
"273275,7381f000ee04584e",15,<50,291,10,11,11,11,13,0,24,0,0,0,2,1,13,10
"273275,73a5c00033b1131c",14,<50,654,10,11,11,11,19,0,27,0,0,0,0,0,14,11
"273275,73de4000f537f1dc",11,<50,264,8,9,9,9,11,0,11,0,0,0,0,0,11,9
"273275,73f36000d1f4e751",17,<50,648,13,13,15,15,17,0,26,0,2,0,1,1,14,12
"273275,74298000322ab2d1",19,<50,367,13,14,14,14,16,0,23,0,0,0,0,0,19,14
"273275,7489f000f72d11f0",44,<50,440,31,37,39,39,23,0,39,0,0,0,8,5,36,32
"273275,7565100067c5f20c",27,<50,476,21,21,23,23,19,0,23,0,12,11,9,5,6,5
"273275,7568a000b2421f17",92,50-100,628,34,56,63,63,21,0,40,0,43,26,28,16,21,14
"273275,756c0000b1404133",4,<50,76,3,3,3,3,4,0,6,0,0,0,0,0,4,3
"273275,7585000042a16071",15,<50,639,14,14,14,14,21,0,35,0,0,0,4,4,11,10
"273275,75d43000dd1bbbe8",19,<50,267,18,18,18,18,22,0,23,0,0,0,0,0,19,18
"273275,75de900094728ad1",30,<50,426,28,30,30,30,18,0,35,0,1,1,28,28,1,1
"273275,761b700088694981",39,<50,714,24,30,32,34,24,0,48,0,0,0,25,17,14,13
"273275,76410000e93ccf07",10,<50,258,8,8,8,8,12,0,17,0,0,0,0,0,10,8
"273275,76c190005b599328",42,<50,643,23,27,30,30,24,0,46,0,24,17,17,10,1,0
"273275,76cb60005cb0393a",227,150-300,945,64,93,112,123,33,0,61,0,0,0,209,78,18,15
"273275,76e230006474733b",21,<50,473,14,17,20,20,22,0,36,0,0,0,10,9,11,8
"273275,76fbe0007c3d6f60",8,<50,67,8,8,8,8,8,0,10,0,0,0,0,0,8,8
"273275,76fdd000f9b22a78",24,<50,681,17,18,20,20,21,0,32,0,0,0,1,1,23,17
"273275,771bc0002ed1550f",12,<50,130,11,11,11,11,14,0,18,0,0,0,0,0,12,11
"273275,77209000c1b53e4c",15,<50,466,9,9,9,9,29,0,35,0,0,0,0,0,15,9
"273275,7727900050d89bb3",10,<50,246,9,9,9,9,13,0,13,0,0,0,0,0,10,9
"273275,7777c000385591f4",4,<50,37,4,4,4,4,4,0,4,0,0,0,0,0,4,4
"273275,77c4f0005906829c",27,<50,508,17,21,22,22,28,0,36,0,0,0,0,0,27,21
"273275,77d1a000e572151e",9,<50,490,8,9,9,9,15,0,23,0,0,0,0,0,9,9
"273275,77f91000877d9b9f",11,<50,92,0,0,0,0,15,0,18,0,0,0,0,0,11,0
"273275,78510008b2ddf54",9,<50,371,9,9,9,9,11,0,16,0,0,0,4,4,5,5
"273275,787b5000bcf6d803",14,<50,280,13,13,13,13,18,0,22,0,0,0,0,0,14,13
"273275,790d90009c59571e",5,<50,111,4,4,4,4,2,0,10,0,0,0,0,0,5,4
"273275,79c6b00051ef38ab",9,<50,120,8,8,8,8,10,0,11,0,0,0,0,0,9,8
"273275,79e400079c824e6",32,<50,394,16,18,18,18,15,0,28,0,0,0,22,9,10,9
"273275,7a4d200002b3629b",13,<50,247,8,9,9,9,15,0,19,0,0,0,0,0,13,9
"273275,7ac700009ab1ebf",30,<50,449,9,14,15,15,16,0,25,0,0,0,9,1,21,13
"273275,7adad000696c3f6b",6,<50,129,5,5,5,5,5,0,6,0,0,0,0,0,6,5
"273275,7bf410009a96f780",11,<50,310,9,9,9,9,10,0,18,0,0,0,0,0,11,9
"273275,7c0ce0001913e97b",14,<50,306,8,8,8,8,18,0,24,0,0,0,0,0,14,8
"273275,7c1c8000fc251079",38,<50,439,26,28,30,30,37,0,44,0,0,0,0,0,38,28
"273275,7c2a10000d97b05a",8,<50,97,6,6,6,6,10,0,11,0,0,0,0,0,8,6
"273275,7c36300000581711",40,<50,381,23,26,28,28,27,0,36,0,0,0,1,0,39,26
"273275,7c6d2000c9b713d3",159,150-300,1000,31,55,77,88,42,0,99,0,6,1,129,34,24,20
"273275,7c896000d63fc24b",6,<50,148,6,6,6,6,9,0,12,0,0,0,0,0,6,6
"273275,7d48d000fc8ad71c",15,<50,472,14,14,14,14,19,0,25,0,0,0,0,0,15,14
"273275,7db46000492aba1f",6,<50,312,4,5,5,5,8,0,17,0,0,0,0,0,6,5
"273275,7ddbc000a446430f",7,<50,294,6,6,6,6,13,0,19,0,0,0,0,0,7,6
"273275,7dde3000505e3e70",18,<50,660,11,14,14,15,19,0,27,0,0,0,0,0,18,14
"273275,7ded0007a3f251c",20,<50,912,16,16,17,17,19,0,38,0,0,0,2,1,18,15
"273275,7df3c0005c72d10a",26,<50,365,18,22,22,22,27,0,38,0,0,0,16,13,10,9
"273275,7dfca00051a97d50",19,<50,787,17,18,18,18,22,0,39,0,0,0,1,1,18,17
"273275,7e60f000d817491d",19,<50,208,13,17,17,17,20,0,23,0,0,0,0,0,19,17
"273275,7ed44000163439fc",53,50-100,893,29,30,36,38,37,0,67,0,11,2,39,25,3,3
"273275,7ee8f0006ea47b86",38,<50,867,25,28,33,35,21,0,41,0,0,0,10,5,28,23
"273275,7f585000981df765",11,<50,695,7,8,9,9,14,0,25,0,0,0,0,0,11,8
"273275,7fbb700094ce7cc9",6,<50,502,5,6,6,6,10,0,19,0,0,0,0,0,6,6
"273275,7fcfa000ddd71e42",32,<50,725,24,26,30,30,23,0,39,0,0,0,14,9,18,17
"273275,7fd580008362f5e6",64,50-100,474,36,45,46,46,23,0,41,0,0,0,32,19,32,26
"273275,7fea2000313aaf3c",12,<50,196,10,10,10,10,13,0,17,0,0,0,0,0,12,10
"273275,8069a000591830d8",17,<50,123,13,13,13,13,0,0,2,0,17,13,0,0,0,0
"273275,8070e00094ebb59c",7,<50,411,6,6,6,6,10,0,16,0,0,0,0,0,7,6
"273275,809cb0002cb5edb4",4,<50,92,4,4,4,4,4,0,4,0,0,0,0,0,4,4
"273275,80b76000acb3e4c3",7,<50,533,5,5,7,7,21,0,39,0,0,0,0,0,7,5
"273275,80c69000ce3fba5b",21,<50,998,16,19,19,19,33,0,71,0,0,0,21,19,0,0
"273275,80cc40008132bc33",13,<50,362,9,9,9,9,23,0,34,0,0,0,7,3,6,6
"273275,80d640008c6f29e7",8,<50,217,6,6,6,6,8,0,12,0,0,0,0,0,8,6
"273275,810f3000f87f56f0",8,<50,158,6,6,6,6,9,0,19,0,0,0,0,0,8,6
"273275,81613000bb83e702",18,<50,455,12,14,14,14,18,0,24,0,0,0,0,0,18,14
"273275,8192f000acfb8e7b",17,<50,394,10,12,12,12,18,0,27,0,0,0,0,0,17,12
"273275,81a0d000131632b3",10,<50,243,10,10,10,10,21,0,26,0,0,0,0,0,10,10
"273275,81f4100045d2d675",15,<50,224,9,10,10,10,7,0,16,0,2,1,4,4,9,5
"273275,81f67000b00a4606",22,<50,764,17,17,18,19,13,0,22,0,0,0,3,2,19,15
"273275,823430001f60b0f9",9,<50,284,5,5,5,5,10,0,12,0,0,0,0,0,9,5
"273275,823d0006b57469e",28,<50,466,18,20,21,21,24,0,45,0,0,0,19,11,9,9
"273275,8297b00004188945",6,<50,83,4,4,4,4,7,0,8,0,1,1,0,0,5,3
"273275,82f500035ecb551",19,<50,491,17,18,18,18,23,0,34,0,0,0,0,0,19,18
"273275,8390000817f6d28",44,<50,843,27,30,35,35,32,0,47,0,21,12,23,18,0,0
"273275,8398800073205b97",17,<50,293,16,16,16,16,26,0,35,0,0,0,0,0,17,16
"273275,843e10002fac0e70",37,<50,509,28,31,32,32,17,0,34,0,14,11,23,20,0,0
"273275,8440c0005fbaedac",18,<50,125,16,16,16,16,20,0,21,0,0,0,0,0,18,16
"273275,8466200001318c96",14,<50,128,0,0,0,0,5,0,6,0,0,0,0,0,14,0
"273275,84a1c000f27f8602",6,<50,368,2,3,3,3,14,0,23,0,0,0,0,0,6,3
"273275,84b56000e507699b",15,<50,222,12,14,14,14,17,0,19,0,0,0,0,0,15,14
"273275,84c74000c837fa88",25,<50,502,19,22,22,22,26,0,34,0,0,0,4,3,21,19
"273275,8564d000f891bc31",53,50-100,773,20,28,30,35,23,0,61,0,0,0,5,3,48,25
"273275,85de50004114bf3a",48,<50,422,33,35,37,37,26,0,44,0,19,15,18,15,11,5
"273275,8602a000a9de7cfa",11,<50,464,10,10,10,10,14,0,22,0,0,0,0,0,11,10
"273275,86398000ad69ecd4",3,<50,82,2,2,2,2,5,0,7,0,0,0,0,0,3,2
"273275,86e3a000989fd9b1",17,<50,651,13,14,15,15,18,0,21,0,0,0,0,0,17,14
"273275,873f3000cf688078",8,<50,674,7,7,7,7,13,0,18,0,0,0,1,1,7,6
"273275,876a6000dbb1785f",8,<50,225,8,8,8,8,8,0,13,0,0,0,0,0,8,8
"273275,89361000a80e30a3",4,<50,222,1,1,1,1,4,0,10,0,0,0,0,0,4,1
"273275,8944c0008b7ef2a9",13,<50,544,12,12,12,12,15,0,23,0,0,0,0,0,13,12
"273275,895190004ee23532",4,<50,191,4,4,4,4,5,0,6,0,0,0,0,0,4,4
"273275,896700070f57d82",14,<50,567,14,14,14,14,21,0,40,0,3,3,9,9,2,2
"273275,89a1000038889b9d",16,<50,363,15,16,16,16,14,0,24,0,0,0,0,0,16,16
"273275,89b5c00047842fc4",10,<50,382,10,10,10,10,16,0,20,0,0,0,0,0,10,10
"273275,89b9400082dab42c",20,<50,483,14,16,16,16,17,0,33,0,0,0,3,3,17,13
"273275,89c81000ca5cd6d3",4,<50,69,1,1,1,1,8,0,10,0,0,0,0,0,4,1
"273275,89d7100065098f5f",30,<50,429,13,23,26,26,11,0,30,0,0,0,19,16,11,7
"273275,8a1cb00047a7e340",8,<50,192,8,8,8,8,8,0,12,0,0,0,0,0,8,8
"273275,8b1e4000a3395c80",8,<50,344,2,2,2,2,6,0,11,0,0,0,0,0,8,2
"273275,8c32600059f9c994",13,<50,432,9,10,10,10,12,0,18,0,0,0,0,0,13,10
"273275,8ca330000dcc2f3b",5,<50,77,1,1,1,1,6,0,8,0,0,0,0,0,5,1
"273275,8ce160004963a862",5,<50,195,5,5,5,5,5,0,7,0,0,0,0,0,5,5
"273275,8d88c0000c343e45",3,<50,84,0,0,0,0,6,0,8,0,0,0,0,0,3,0
"273275,8df7600081023a69",16,<50,201,11,13,13,13,18,0,21,0,0,0,0,0,16,13
"273275,8e36500005b4c871",92,50-100,957,30,46,55,64,26,0,54,0,0,0,60,28,32,18
"273275,8e3be000429c22d8",11,<50,297,11,11,11,11,12,0,20,0,0,0,0,0,11,11
"273275,8e60f000a12b9a33",14,<50,417,13,13,13,13,18,0,25,0,0,0,0,0,14,13
"273275,8eb6e0002057963d",16,<50,220,4,4,4,4,16,0,21,0,0,0,2,2,14,2
"273275,8eba90002c1556e9",19,<50,547,15,17,17,17,23,0,29,0,0,0,0,0,19,17
"273275,8ed44000a1fe11f6",22,<50,1000,11,11,15,17,34,0,73,0,0,0,0,0,22,11
"273275,8f7d7000c2dce85c",32,<50,523,25,27,29,29,38,0,52,0,0,0,0,0,32,27
"273275,8fa2b0007907318e",18,<50,227,12,15,15,15,15,0,28,0,1,1,0,0,17,14
"273275,8fafb000aafd6450",10,<50,300,7,7,7,7,9,0,18,0,0,0,0,0,10,7
"273275,8fefc000a78c93c3",9,<50,269,5,5,5,5,10,0,13,0,0,0,0,0,9,5
"273275,8ff4600081538c05",30,<50,297,23,25,25,25,25,0,35,0,1,1,16,15,13,9
"273275,90834000574d228a",5,<50,66,0,0,0,0,6,0,7,0,0,0,0,0,5,0
"273275,90b72000abac0bd4",12,<50,194,12,12,12,12,13,0,17,0,0,0,0,0,12,12
"273275,90c22000bdf1a340",12,<50,337,12,12,12,12,16,0,22,0,0,0,0,0,12,12
"273275,90e7c000ad8944ac",5,<50,70,4,4,4,4,5,0,7,0,0,0,0,0,5,4
"273275,90f09000c6284d75",36,<50,324,19,23,23,23,19,0,38,0,0,0,19,12,17,11
"273275,90f63000c5009bfc",9,<50,140,8,8,8,8,9,0,9,0,0,0,0,0,9,8
"273275,91afb000c4f6e0eb",35,<50,519,12,19,21,21,34,0,44,0,0,0,0,0,35,19
"273275,91b30000a5d4e084",8,<50,274,8,8,8,8,8,0,12,0,0,0,0,0,8,8
"273275,91e39000966236ee",9,<50,416,8,8,8,8,10,0,12,0,0,0,0,0,9,8
"273275,92279000a4616227",11,<50,559,6,9,10,10,14,0,24,0,0,0,0,0,11,9
"273275,922b100057e37145",101,100-150,977,11,17,23,26,58,0,88,0,0,0,0,0,101,17
"273275,923630000a2fc2b8",8,<50,362,8,8,8,8,8,0,18,0,0,0,0,0,8,8
"273275,931ed000befa235c",14,<50,318,10,10,10,10,12,0,14,0,0,0,0,0,14,10
"273275,936b00003f14036f",55,50-100,662,20,34,40,41,18,0,44,0,0,0,1,0,54,34
"273275,936de0007a4b9b2c",17,<50,205,13,15,15,15,13,0,23,0,0,0,5,3,12,12
"273275,939e50000795f1c6",13,<50,277,12,12,12,12,16,0,21,0,0,0,0,0,13,12
"273275,93ed200065fae367",3,<50,162,2,2,2,2,11,0,14,0,0,0,0,0,3,2
"273275,943800005f976f2a",7,<50,44,7,7,7,7,7,0,7,0,0,0,0,0,7,7
"273275,948cf000317c75f4",5,<50,473,5,5,5,5,9,0,17,0,0,0,0,0,5,5
"273275,94a0a000302dabea",12,<50,315,11,12,12,12,17,0,28,0,0,0,0,0,12,12
"273275,94db2000403507d3",8,<50,290,7,7,7,7,12,0,21,0,0,0,0,0,8,7
"273275,94e620008c9b3267",5,<50,141,0,0,0,0,5,0,7,0,0,0,0,0,5,0
"273275,96cf7000d91b869f",18,<50,848,14,16,16,16,22,0,35,0,0,0,1,1,17,15
"273275,97909000f44f248b",88,50-100,715,40,52,59,61,10,0,28,0,1,0,84,49,3,3
"273275,98731000251d2391",10,<50,301,6,7,7,7,10,0,22,0,0,0,0,0,10,7
"273275,989ce000cf17943d",4,<50,312,4,4,4,4,9,0,13,0,0,0,0,0,4,4
"273275,99690000a913d56c",14,<50,884,10,10,10,10,34,0,55,0,0,0,0,0,14,10
"273275,9984a00006980f17",11,<50,417,11,11,11,11,13,0,17,0,0,0,0,0,11,11
"273275,99b47000060cc139",8,<50,503,3,6,6,6,13,0,25,0,0,0,0,0,8,6
"273275,99ee00009d685d04",48,<50,405,41,42,43,43,42,0,58,0,0,0,0,0,48,42
"273275,9a0c700049865633",9,<50,348,9,9,9,9,12,0,24,0,0,0,0,0,9,9
"273275,9aed000c5e14285",14,<50,934,10,14,14,14,10,0,23,0,0,0,0,0,14,14
"273275,9b1da0003897b905",37,<50,753,24,26,28,29,35,0,55,0,0,0,0,0,37,26
"273275,9b2370009c136faa",14,<50,169,14,14,14,14,13,0,16,0,0,0,2,2,12,12
"273275,9b281000e8a970ef",14,<50,579,8,11,11,11,8,0,11,0,4,2,5,4,5,5
"273275,9b8e1000b59f36e1",147,100-150,976,35,52,73,83,36,0,75,0,0,0,1,0,146,52
"273275,9be970009937aaba",7,<50,119,7,7,7,7,9,0,9,0,0,0,0,0,7,7
"273275,9bf68000a3c22939",28,<50,655,16,18,20,20,27,0,40,0,0,0,1,0,27,18
"273275,9c08d00040ecf8a1",3,<50,79,0,0,0,0,4,0,8,0,0,0,0,0,3,0
"273275,9c39c000bf7fcb30",14,<50,893,11,13,13,13,30,0,48,0,0,0,4,4,10,9
"273275,9c52400045504dac",29,<50,615,14,21,24,24,21,0,44,0,0,0,20,12,9,9
"273275,9c54400018a32ab9",9,<50,391,5,6,6,6,7,0,18,0,1,1,7,4,1,1
"273275,9c56b000e975a086",23,<50,533,18,19,20,20,19,0,33,0,0,0,2,2,21,17
"273275,9c5b4000a2e76694",9,<50,50,9,9,9,9,10,0,10,0,0,0,0,0,9,9
"273275,9cb2d000ca0fe7af",36,<50,480,21,33,33,33,32,0,43,0,0,0,0,0,36,33
"273275,9cba6000e24bdab9",56,50-100,824,29,34,42,43,25,0,52,0,0,0,0,0,56,34
"273275,9ccb00056800124",53,50-100,655,33,40,42,42,20,0,36,0,21,14,31,25,1,1
"273275,9d895000940b294e",5,<50,196,0,0,0,0,5,0,12,0,0,0,0,0,5,0
"273275,9da48000e064d232",5,<50,283,3,4,4,4,4,0,7,0,0,0,4,3,1,1
"273275,9de360005b9a0fdf",21,<50,351,16,19,19,19,32,0,39,0,0,0,0,0,21,19
"273275,9de92000638e30a1",18,<50,316,18,18,18,18,22,0,23,0,0,0,0,0,18,18
"273275,9e4cb000c4ee7c41",7,<50,241,7,7,7,7,10,0,15,0,0,0,0,0,7,7
"273275,9e5a20005ee56f02",4,<50,154,4,4,4,4,5,0,7,0,0,0,0,0,4,4
"273275,9e7c8000d5fd5df9",4,<50,105,2,2,2,2,7,0,9,0,0,0,0,0,4,2
"273275,9f0a20000e58fa4f",15,<50,477,13,14,14,14,19,0,32,0,0,0,0,0,15,14
"273275,9f77200090d923b3",38,<50,485,24,32,34,34,28,0,47,0,0,0,8,3,30,29
"273275,9f8950005abbdb11",13,<50,397,12,12,12,12,22,0,34,0,0,0,0,0,13,12
"273275,a019c000024d9b63",20,<50,201,18,20,20,20,20,0,24,0,0,0,0,0,20,20
"273275,a02c9000bdd4821a",23,<50,335,23,23,23,23,22,0,26,0,0,0,0,0,23,23
"273275,a08ce000286ad340",8,<50,85,4,4,4,4,11,0,12,0,0,0,0,0,8,4
"273275,a0f82000df187896",13,<50,330,9,11,12,12,15,0,22,0,0,0,8,6,5,5
"273275,a124d0006904c057",4,<50,381,1,1,1,1,9,0,23,0,0,0,0,0,4,1
"273275,a1480000ba8f68cc",6,<50,184,6,6,6,6,7,0,8,0,4,4,2,2,0,0
"273275,a151d000e316b16b",41,<50,562,31,36,39,39,18,0,45,0,24,21,15,13,2,2
"273275,a1567000a96f0f66",16,<50,454,11,11,12,12,18,0,24,0,0,0,0,0,16,11
"273275,a1859000c51cd77c",11,<50,282,10,10,10,10,13,0,15,0,0,0,1,1,10,9
"273275,a18cc000fa82e6ac",20,<50,745,5,7,9,10,21,0,36,0,0,0,2,0,18,7
"273275,a19c1000d0e90140",5,<50,125,2,2,2,2,3,0,6,0,0,0,0,0,5,2
"273275,a1d50000aebf1908",4,<50,136,4,4,4,4,4,0,9,0,0,0,0,0,4,4
"273275,a373c000c0360ec1",16,<50,618,14,16,16,16,22,0,32,0,2,2,10,10,4,4
"273275,a3bab000197e67c5",8,<50,176,8,8,8,8,9,0,12,0,0,0,0,0,8,8
"273275,a3bd4000fda9195d",12,<50,224,12,12,12,12,13,0,13,0,0,0,0,0,12,12
"273275,a423900098de8461",15,<50,318,13,15,15,15,12,0,22,0,0,0,4,4,11,11
"273275,a505500026a5d7eb",10,<50,661,7,10,10,10,15,0,29,0,0,0,0,0,10,10
"273275,a53fa0006dd7a762",17,<50,355,15,15,15,15,18,0,27,0,0,0,14,12,3,3
"273275,a574e000c2ea1079",7,<50,220,7,7,7,7,9,0,11,0,0,0,0,0,7,7
"273275,a59cd00011e5144a",6,<50,168,6,6,6,6,11,0,13,0,0,0,0,0,6,6
"273275,a5a2d0000ed1febc",13,<50,284,12,12,12,12,10,0,12,0,0,0,8,7,5,5
"273275,a5c040005f17a136",14,<50,303,12,12,12,12,17,0,21,0,2,1,7,6,5,5
"273275,a66f600049b2d02b",11,<50,244,11,11,11,11,11,0,14,0,0,0,0,0,11,11
"273275,a67600000dd6760e",9,<50,253,6,7,7,7,9,0,11,0,0,0,0,0,9,7
"273275,a690d000777dade8",24,<50,472,19,19,20,20,25,0,41,0,0,0,0,0,24,19
"273275,a709000436ba751",28,<50,458,15,15,15,15,14,0,26,0,1,0,24,13,3,2
"273275,a763c000645719db",7,<50,243,6,6,6,6,12,0,15,0,0,0,0,0,7,6
"273275,a7b08000ac4f2edd",6,<50,296,2,2,2,2,13,0,20,0,0,0,0,0,6,2
"273275,a8447000fe40df4a",16,<50,413,14,15,15,15,15,0,20,0,1,1,6,6,9,8
"273275,a89fe0007ad3d532",5,<50,228,3,3,3,3,8,0,13,0,0,0,0,0,5,3
"273275,a8a3c00053dfcd62",8,<50,251,7,7,7,7,7,0,8,0,1,1,2,2,5,4
"273275,a8c0e00091a549c1",14,<50,183,12,12,12,12,16,0,21,0,0,0,2,1,12,11
"273275,a8c42000a017977a",12,<50,979,5,7,7,7,51,0,86,0,0,0,0,0,12,7
"273275,a8de5000b8259695",12,<50,942,11,12,12,12,38,0,73,0,0,0,12,12,0,0
"273275,a91af00096cd988d",16,<50,699,11,11,11,11,22,0,38,0,0,0,0,0,16,11
"273275,a975b000ac090d03",6,<50,231,6,6,6,6,6,0,7,0,0,0,0,0,6,6
"273275,aa5f3000a9bbcdeb",14,<50,529,12,12,13,13,16,0,30,0,0,0,0,0,14,12
"273275,ab02400020553511",10,<50,180,6,6,6,6,5,0,10,0,0,0,4,2,6,4
"273275,ab0e6000f377e5ca",17,<50,420,16,16,16,16,20,0,24,0,0,0,0,0,17,16
"273275,ab49a000163dfd58",14,<50,207,12,12,12,12,15,0,19,0,0,0,0,0,14,12
"273275,abd33000cffc7ca6",18,<50,587,12,15,17,17,16,0,29,0,0,0,6,4,12,11
"273275,ac3c4000308d9858",19,<50,257,16,18,18,18,30,0,40,0,0,0,0,0,19,18
"273275,ad61100009752291",11,<50,327,8,9,9,9,14,0,18,0,0,0,7,5,4,4
"273275,ad86b0007910da05",18,<50,136,4,4,4,4,14,0,18,0,0,0,0,0,18,4
"273275,addb9000e2598b2a",10,<50,360,10,10,10,10,10,0,15,0,0,0,0,0,10,10
"273275,ae1a000017f471c1",5,<50,79,0,0,0,0,7,0,8,0,0,0,0,0,5,0
"273275,ae978000bd826f8f",4,<50,100,1,1,1,1,5,0,7,0,0,0,0,0,4,1
"273275,aecca0004f26debf",4,<50,117,0,0,0,0,5,0,7,0,0,0,0,0,4,0
"273275,b126d000f5e2600f",13,<50,506,8,11,11,11,15,0,26,0,0,0,0,0,13,11
"273275,b1521000194a4bad",18,<50,87,3,3,3,3,18,0,19,0,0,0,0,0,18,3
"273275,b1880004e5b4a9b",28,<50,745,24,25,26,27,18,0,34,0,1,1,18,16,9,8
"273275,b1956000a912b5fc",3,<50,136,0,0,0,0,3,0,5,0,0,0,0,0,3,0
"273275,b21b000cc4d609e",8,<50,413,8,8,8,8,11,0,14,0,0,0,7,7,1,1
"273275,b2fe100012858bb7",11,<50,372,7,9,9,9,12,0,19,0,0,0,1,1,10,8
"273275,b2ffd0001785a433",12,<50,454,6,9,9,9,24,0,31,0,0,0,0,0,12,9
"273275,b3594000bc421ad3",7,<50,148,6,6,6,6,8,0,9,0,0,0,0,0,7,6
"273275,b368b00011683f86",32,<50,460,16,23,27,27,27,0,39,0,0,0,1,0,31,23
"273275,b3f92000d88ec2dd",14,<50,190,11,12,12,12,14,0,15,0,0,0,0,0,14,12
"273275,b400d0007131029e",17,<50,757,12,15,16,16,19,0,46,0,0,0,0,0,17,15
"273275,b44680001cef089b",11,<50,244,8,9,9,9,16,0,23,0,0,0,0,0,11,9
"273275,b4860000e9ab9b23",22,<50,327,19,21,21,21,20,0,31,0,0,0,9,8,13,13
"273275,b572d0001087aac3",8,<50,231,6,8,8,8,7,0,10,0,0,0,2,2,6,6
"273275,b63d100000145d4c",14,<50,300,14,14,14,14,16,0,25,0,0,0,14,14,0,0
"273275,b6444000d046d60e",6,<50,133,3,3,3,3,8,0,10,0,0,0,0,0,6,3
"273275,b6c0a00060817afe",7,<50,318,7,7,7,7,8,0,12,0,0,0,0,0,7,7
"273275,b6f40002c7e59ac",15,<50,476,11,13,15,15,20,0,40,0,13,12,2,1,0,0
"273275,b7230008ce4d827",27,<50,611,22,24,25,25,25,0,47,0,0,0,24,22,3,2
"273275,b761c00026699423",8,<50,205,7,7,7,7,8,0,14,0,0,0,0,0,8,7
"273275,b76390003a6a8fb5",154,150-300,352,8,15,15,15,6,0,21,0,9,0,144,15,1,0
"273275,b922100060dd45b7",8,<50,246,2,3,3,3,7,0,13,0,0,0,0,0,8,3
"273275,b9240004476889b",22,<50,358,15,16,17,17,16,0,23,0,0,0,22,16,0,0
"273275,b929b0006234664e",21,<50,381,12,13,14,14,22,0,36,0,0,0,0,0,21,13
"273275,b9ba70007b5ab000",10,<50,214,9,10,10,10,19,0,25,0,0,0,0,0,10,10
"273275,ba04d000c7f2d034",53,50-100,707,20,23,30,30,37,0,62,0,0,0,15,5,38,18
"273275,ba4d0000fad3fc9d",14,<50,341,14,14,14,14,20,0,30,0,0,0,0,0,14,14
"273275,ba59800047d8f863",11,<50,368,4,4,4,4,10,0,18,0,0,0,0,0,11,4
"273275,ba6800021429833",29,<50,583,22,22,23,23,20,0,32,0,0,0,25,19,4,3
"273275,ba9350002bc0c146",17,<50,250,15,15,15,15,17,0,18,0,0,0,0,0,17,15
"273275,bb4a700076a2ea23",11,<50,152,8,8,8,8,10,0,16,0,0,0,5,5,6,3
"273275,bbc450005baa77f1",15,<50,317,13,13,13,13,16,0,18,0,0,0,0,0,15,13
"273275,bbf0c000baaea095",40,<50,680,17,21,22,23,29,0,49,0,0,0,10,3,30,18
"273275,bc1720009f98c98e",6,<50,124,5,5,5,5,5,0,7,0,0,0,0,0,6,5
"273275,bc5f9000857357d2",12,<50,204,10,12,12,12,24,0,30,0,0,0,0,0,12,12
"273275,bc800000d75d6681",24,<50,161,14,14,14,14,13,0,18,0,0,0,1,0,23,14
"273275,bca00000b7788ae4",11,<50,169,11,11,11,11,11,0,16,0,0,0,0,0,11,11
"273275,bd15000a84d85b4",10,<50,406,9,9,9,9,18,0,27,0,0,0,3,3,7,6
"273275,bd5a500004afae80",13,<50,204,6,7,7,7,12,0,18,0,0,0,0,0,13,7
"273275,bdc2b000321149cd",10,<50,232,10,10,10,10,15,0,19,0,0,0,0,0,10,10
"273275,bddc5000be166714",15,<50,534,7,10,11,11,13,0,23,0,0,0,0,0,15,10
"273275,be6690001e303ff4",7,<50,42,4,4,4,4,2,0,2,0,0,0,4,3,3,1
"273275,be690003b5815cc",20,<50,611,11,11,14,14,20,0,33,0,1,0,6,3,13,8
"273275,bed7f000b146f5ed",9,<50,166,4,4,4,4,11,0,15,0,0,0,0,0,9,4
"273275,bf7da0003024bbf8",38,<50,985,25,30,34,35,34,0,68,0,3,1,15,12,20,17
"273275,bf8f10006cbe6861",15,<50,394,11,14,14,14,14,0,18,0,0,0,0,0,15,14
"273275,c00300087feb370",25,<50,430,17,19,19,19,21,0,32,0,2,0,10,7,13,12
"273275,c0117000219ee3eb",17,<50,280,13,13,13,13,18,0,19,0,0,0,0,0,17,13
"273275,c01310005a429ce1",7,<50,233,2,2,2,2,6,0,7,0,0,0,0,0,7,2
"273275,c02bb000f48f8a62",7,<50,213,6,6,6,6,7,0,8,0,0,0,0,0,7,6
"273275,c08cc000b6ef1dc1",10,<50,527,4,6,6,6,33,0,47,0,0,0,0,0,10,6
"273275,c0ae0000aec25c12",35,<50,349,30,31,32,32,18,0,39,0,6,4,26,25,3,2
"273275,c2ef600099335a0e",13,<50,438,13,13,13,13,11,0,27,0,0,0,0,0,13,13
"273275,c32c90009a2e1e30",14,<50,333,13,13,13,13,12,0,13,0,2,1,0,0,12,12
"273275,c4da40001b61003f",8,<50,359,6,7,7,7,8,0,13,0,0,0,0,0,8,7
"273275,c4f3b00089e829b2",31,<50,945,17,18,20,22,31,0,52,0,0,0,0,0,31,18
"273275,c4fe5000ca1d5178",39,<50,720,37,39,39,39,34,0,51,0,0,0,0,0,39,39
"273275,c51500038214ba2",36,<50,460,32,33,33,33,28,0,48,0,12,11,21,19,3,3
"273275,c6039000b2767565",23,<50,784,13,17,18,19,26,0,36,0,0,0,0,0,23,17
"273275,c6a030005cbfcad2",26,<50,648,21,23,24,24,26,0,37,0,0,0,0,0,26,23
"273275,c6c02000dbe1a287",12,<50,197,11,12,12,12,17,0,20,0,0,0,0,0,12,12
"273275,c6e3700071ea6a92",11,<50,420,10,11,11,11,13,0,27,0,0,0,0,0,11,11
"273275,c6e9200031a608c9",13,<50,228,13,13,13,13,16,0,22,0,0,0,0,0,13,13
"273275,c7878000b7cfedbe",14,<50,230,12,14,14,14,13,0,15,0,0,0,0,0,14,14
"273275,c812500014412d06",8,<50,189,8,8,8,8,10,0,13,0,0,0,0,0,8,8
"273275,c86560007ed3c043",4,<50,52,4,4,4,4,4,0,4,0,0,0,0,0,4,4
"273275,c96000010b8fb29",15,<50,640,12,14,14,14,17,0,27,0,0,0,0,0,15,14
"273275,c965f0007fd32688",5,<50,123,3,3,3,3,5,0,9,0,0,0,0,0,5,3
"273275,c96a800051117e10",13,<50,200,13,13,13,13,12,0,13,0,2,2,6,6,5,5
"273275,c9ada000d5ace865",19,<50,428,18,19,19,19,22,0,27,0,0,0,3,3,16,16
"273275,c9ea3000b86c3b0e",6,<50,164,1,1,1,1,6,0,10,0,0,0,0,0,6,1
"273275,ca04e000168e5f9d",5,<50,327,5,5,5,5,6,0,10,0,0,0,0,0,5,5
"273275,ca3bf00066d85bc5",54,50-100,972,39,45,49,51,37,0,65,0,0,0,42,33,12,12
"273275,ca8c0000f75c592",30,<50,680,20,23,23,25,27,0,45,0,0,0,1,0,29,23
"273275,ca9350007433912e",17,<50,365,8,11,12,12,22,0,32,0,0,0,0,0,17,11
"273275,cadc2000e94c848e",26,<50,285,25,25,25,25,18,0,31,0,0,0,20,19,6,6
"273275,cb1a00015d16972",25,<50,811,21,23,24,24,26,0,49,0,0,0,6,5,19,18
"273275,cb93f0005860ff4e",32,<50,621,22,23,24,24,22,0,37,0,3,1,28,21,1,1
"273275,ccfb30001732cf8a",19,<50,244,18,18,18,18,19,0,24,0,0,0,0,0,19,18
"273275,cd081000e9949a22",14,<50,497,12,13,13,13,16,0,27,0,0,0,0,0,14,13
"273275,cd3cb00076c87fb5",20,<50,783,18,18,18,18,20,0,37,0,0,0,5,5,15,13
"273275,cd7fa000556a3ab9",22,<50,871,13,15,19,19,18,0,31,0,0,0,9,5,13,10
"273275,cd820000863f84ee",30,<50,538,7,9,9,9,34,0,44,0,0,0,0,0,30,9
"273275,ce049000c27fa507",24,<50,896,19,22,22,22,29,0,42,0,0,0,2,2,22,20
"273275,ce0da000c4e8c6d6",11,<50,389,7,8,8,8,14,0,21,0,0,0,0,0,11,8
"273275,ce150000cce911d4",8,<50,248,7,7,7,7,9,0,10,0,0,0,0,0,8,7
"273275,ce67100003bb23df",16,<50,316,14,15,15,15,19,0,27,0,1,0,1,1,14,14
"273275,cf7760008c71ece2",12,<50,835,8,10,10,10,38,0,76,0,0,0,0,0,12,10
"273275,cfadc000669b5577",3,<50,255,2,2,2,2,3,0,5,0,0,0,0,0,3,2
"273275,cfdaa000dd286552",21,<50,157,19,19,19,19,14,0,20,0,3,2,18,17,0,0
"273275,d00b3000dd6c38f5",30,<50,497,15,22,25,25,51,0,63,0,0,0,0,0,30,22
"273275,d0e64000c54eb7d0",8,<50,217,5,5,5,5,10,0,15,0,0,0,0,0,8,5
"273275,d2057000f6bfc1c0",13,<50,460,11,12,12,12,15,0,26,0,0,0,1,1,12,11
"273275,d2f6d000cdd1cf34",5,<50,78,5,5,5,5,6,0,9,0,0,0,0,0,5,5
"273275,d309000eccb37fb",14,<50,426,9,13,13,13,12,0,15,0,3,3,7,6,4,4
"273275,d34e70001efcdc2f",21,<50,385,20,21,21,21,18,0,31,0,0,0,12,12,9,9
"273275,d358b0008b034f6b",16,<50,398,13,13,13,13,14,0,23,0,3,3,0,0,13,10
"273275,d3a990007c845b3f",15,<50,462,15,15,15,15,16,0,24,0,0,0,0,0,15,15
"273275,d42d100096f858bc",42,<50,813,27,32,34,34,24,0,49,0,2,2,40,30,0,0
"273275,d457000b20960f1",7,<50,191,6,6,6,6,9,0,11,0,0,0,7,6,0,0
"273275,d47b60001e30c04c",17,<50,322,17,17,17,17,19,0,23,0,0,0,0,0,17,17
"273275,d4d5e000b3fb43be",5,<50,208,5,5,5,5,3,0,10,0,0,0,1,1,4,4
"273275,d5627000dfb89f1b",9,<50,122,9,9,9,9,9,0,10,0,0,0,0,0,9,9
"273275,d66df00074212d08",24,<50,587,22,23,23,23,23,0,42,0,0,0,16,15,8,8
"273275,d67190003be4d979",45,<50,645,18,25,29,30,20,0,43,0,1,0,27,16,17,9
"273275,d6751000b88022ea",7,<50,227,6,7,7,7,6,0,7,0,0,0,7,7,0,0
"273275,d7270000190073ac",8,<50,385,8,8,8,8,10,0,19,0,0,0,0,0,8,8
"273275,d745c0001e2efaa0",28,<50,990,18,25,27,27,29,0,57,0,0,0,0,0,28,25
"273275,d7747000b17bedd0",19,<50,397,18,18,18,18,20,0,22,0,0,0,0,0,19,18
"273275,d7dd2000a659d40b",21,<50,397,21,21,21,21,24,0,33,0,0,0,1,1,20,20
"273275,d81cf000df84baac",24,<50,345,18,19,19,19,20,0,32,0,7,4,3,2,14,13
"273275,d82b6000e2f782e7",41,<50,801,26,34,34,35,22,0,53,0,0,0,24,20,17,14
"273275,d88700086ce145f",73,50-100,824,36,47,52,53,28,0,45,0,5,1,41,29,27,17
"273275,d89400005b9bd1f0",33,<50,535,21,26,28,28,27,0,41,0,0,0,0,0,33,26
"273275,d8cfb000419f91ec",15,<50,132,3,3,3,3,15,0,19,0,0,0,0,0,15,3
"273275,d948c000c19c0d6d",14,<50,384,14,14,14,14,18,0,25,0,0,0,12,12,2,2
"273275,d982e00012ef15bc",10,<50,277,6,6,6,6,15,0,23,0,1,1,0,0,9,5
"273275,d9fc00027a31c92",28,<50,655,23,24,24,24,25,0,46,0,8,5,19,18,1,1
"273275,da65a000d49039a8",34,<50,766,20,24,29,29,41,0,64,0,0,0,0,0,34,24
"273275,daa82000e4358a89",28,<50,500,16,21,23,23,22,0,42,0,0,0,0,0,28,21
"273275,db1380005dfd04bb",13,<50,356,10,12,12,12,13,0,18,0,0,0,1,1,12,11
"273275,db46900063903fe2",31,<50,369,20,22,25,25,20,0,28,0,0,0,5,4,26,18
"273275,db79b000533cdb82",10,<50,181,10,10,10,10,9,0,14,0,0,0,0,0,10,10
"273275,dba2d000ef61fd4d",17,<50,499,12,13,13,13,16,0,24,0,0,0,1,1,16,12
"273275,dc1b40002abe0cab",27,<50,359,19,23,23,23,22,0,33,0,0,0,9,6,18,17
"273275,dc9040002078a4d1",21,<50,576,14,17,18,18,30,0,46,0,0,0,0,0,21,17
"273275,dcd67000e706239d",82,50-100,723,30,43,48,49,17,0,35,0,13,7,59,32,10,4
"273275,dd6c90007fda3cef",53,50-100,610,34,40,42,42,24,0,38,0,1,1,46,33,6,6
"273275,dd70700070cb35db",28,<50,486,25,26,26,26,30,0,48,0,0,0,9,8,19,18
"273275,dd8e800024a59e41",16,<50,302,9,10,10,10,33,0,35,0,0,0,0,0,16,10
"273275,de6b600015763c03",13,<50,763,7,9,10,10,16,0,35,0,0,0,5,4,8,5
"273275,e02ba00048affdcc",10,<50,317,8,9,9,9,13,0,17,0,0,0,0,0,10,9
"273275,e04f5000090e3eed",10,<50,290,10,10,10,10,14,0,19,0,0,0,0,0,10,10
"273275,e0a6000d9175913",23,<50,441,20,21,21,21,29,0,47,0,0,0,11,9,12,12
"273275,e18dc0003f5891b9",53,50-100,613,28,35,37,38,31,0,48,0,0,0,22,10,31,25
"273275,e191000af25dcd1",41,<50,896,28,31,34,34,22,0,37,0,10,9,26,19,5,3
"273275,e1b2c0005f786e32",10,<50,312,9,9,9,9,10,0,18,0,0,0,0,0,10,9
"273275,e1eee00014d07995",13,<50,279,7,9,9,9,21,0,26,0,0,0,0,0,13,9
"273275,e24520008a0f6b96",6,<50,192,3,4,4,4,6,0,6,0,0,0,0,0,6,4
"273275,e2a3a000938366ba",23,<50,309,11,15,15,15,24,0,32,0,0,0,0,0,23,15
"273275,e32d900084a66a37",6,<50,304,5,6,6,6,7,0,8,0,0,0,0,0,6,6
"273275,e34910001fc77b7e",4,<50,59,0,0,0,0,4,0,5,0,0,0,0,0,4,0
"273275,e354c00055ac7d3f",16,<50,337,15,15,15,15,19,0,24,0,0,0,0,0,16,15
"273275,e37ef0001f17c448",54,50-100,764,39,46,48,49,24,0,49,0,11,10,35,28,8,8
"273275,e3c89000bebe44ce",32,<50,658,16,20,22,22,33,0,45,0,0,0,1,1,31,19
"273275,e43ea00042a2b883",11,<50,247,4,6,6,6,12,0,19,0,0,0,0,0,11,6
"273275,e4487000fc323b00",7,<50,183,7,7,7,7,7,0,9,0,0,0,0,0,7,7
"273275,e4a5b000b0c5dcee",130,100-150,760,41,55,65,67,14,0,47,0,0,0,62,17,68,38
"273275,e4a7b0006c913418",19,<50,292,14,17,17,17,29,0,39,0,0,0,0,0,19,17
"273275,e5977000b6247d50",3,<50,295,2,2,2,2,13,0,21,0,0,0,0,0,3,2
"273275,e6ce7000a933f9a7",5,<50,197,0,0,0,0,10,0,16,0,0,0,0,0,5,0
"273275,e70b500056d1d878",89,50-100,578,55,71,73,73,25,0,54,0,12,5,66,57,11,9
"273275,e723c000f2ee2ee7",31,<50,804,28,28,29,29,26,0,44,0,0,0,0,0,31,28
"273275,e730800054107a9c",49,<50,889,21,23,26,26,35,0,87,0,0,0,29,10,20,13
"273275,e8434000b4158a9b",10,<50,244,0,0,0,0,12,0,20,0,0,0,0,0,10,0
"273275,e869b0006084fea9",19,<50,204,18,18,18,18,20,0,24,0,0,0,0,0,19,18
"273275,e86dd0009579cce3",13,<50,240,12,13,13,13,19,0,30,0,0,0,0,0,13,13
"273275,e899e000485be1b2",42,<50,692,29,37,38,38,33,0,55,0,5,2,9,9,28,26
"273275,e99d80007220d4b6",44,<50,492,11,22,27,27,26,0,45,0,0,0,1,1,43,21
"273275,e9a190004e85d891",25,<50,626,16,20,21,21,27,0,44,0,0,0,1,1,24,19
"273275,e9c21000c1451a9b",14,<50,145,0,0,0,0,10,0,13,0,0,0,0,0,14,0
"273275,ea23e000594f4108",7,<50,428,5,6,6,6,9,0,29,0,0,0,0,0,7,6
"273275,ea79000004ada157",18,<50,368,14,14,14,14,19,0,23,0,0,0,8,6,10,8
"273275,ea7b0000d2b8ebf1",10,<50,156,10,10,10,10,13,0,15,0,0,0,2,2,8,8
"273275,eaa6c000c385c5cb",21,<50,227,17,18,18,18,18,0,39,0,15,13,6,5,0,0
"273275,eaa8b0001f23904b",5,<50,152,2,2,2,2,5,0,8,0,0,0,0,0,5,2
"273275,eb5420002fc0ec43",4,<50,262,4,4,4,4,8,0,16,0,0,0,0,0,4,4
"273275,eb57800096cac50d",25,<50,998,7,12,14,15,27,0,52,0,0,0,0,0,25,12
"273275,ebc53000b5cf8b08",9,<50,305,4,5,5,5,12,0,21,0,0,0,0,0,9,5
"273275,ec35900033027196",5,<50,198,2,2,2,2,9,0,14,0,0,0,0,0,5,2
"273275,ec37e0000bf00343",12,<50,210,11,12,12,12,17,0,17,0,0,0,0,0,12,12
"273275,ecb0e000a40b73c5",18,<50,239,17,17,17,17,23,0,27,0,0,0,0,0,18,17
"273275,ecbbc000cbf4b516",10,<50,519,8,9,9,9,19,0,37,0,0,0,0,0,10,9
"273275,ecdfe0001addfe97",21,<50,320,12,19,20,20,33,0,44,0,0,0,0,0,21,19
"273275,ece9500048a93df1",17,<50,518,14,15,16,16,19,0,34,0,0,0,0,0,17,15
"273275,ecf4e000861d6786",17,<50,333,8,9,9,9,25,0,33,0,0,0,0,0,17,9
"273275,ed15c0005df597f3",19,<50,487,16,16,16,16,22,0,30,0,0,0,0,0,19,16
"273275,ed78400052ff3d1f",22,<50,930,15,18,18,18,32,0,52,0,0,0,0,0,22,18
"273275,ee211000f66dfda9",5,<50,127,4,4,4,4,6,0,9,0,0,0,0,0,5,4
"273275,ee42c00052de57ff",36,<50,579,24,32,34,34,64,0,83,0,0,0,0,0,36,32
"273275,ee5100007fc8817f",16,<50,680,10,12,12,12,19,0,22,0,0,0,0,0,16,12
"273275,efa36000a9214eab",14,<50,498,12,13,13,13,32,0,41,0,0,0,0,0,14,13
"273275,f068800049b82951",8,<50,315,7,7,7,7,11,0,18,0,0,0,0,0,8,7
"273275,f083b0001233cd0a",12,<50,821,6,9,9,10,38,0,64,0,0,0,0,0,12,9
"273275,f0c59000b19f789b",13,<50,322,11,12,12,12,14,0,20,0,0,0,0,0,13,12
"273275,f0d3f0008486d73e",26,<50,608,16,18,19,19,23,0,27,0,0,0,4,3,22,15
"273275,f130e000d1862d09",20,<50,461,12,14,15,15,20,0,32,0,3,0,10,9,7,5
"273275,f14a90007d021751",164,150-300,665,72,98,114,118,16,0,44,0,114,60,50,38,0,0
"273275,f1681000dd39107a",6,<50,171,3,4,4,4,10,0,12,0,0,0,0,0,6,4
"273275,f238b0002dfb90a7",78,50-100,791,39,51,55,58,14,0,39,0,11,4,67,47,0,0
"273275,f244b0005dfe3f6d",3,<50,180,0,0,0,0,7,0,10,0,0,0,0,0,3,0
"273275,f24b700081f68d82",12,<50,71,0,0,0,0,11,0,11,0,0,0,0,0,12,0
"273275,f2532000d2aace8f",9,<50,567,9,9,9,9,12,0,17,0,0,0,0,0,9,9
"273275,f2715000d68aa75b",48,<50,682,27,32,38,38,29,0,54,0,0,0,48,32,0,0
"273275,f3c1a00043f37a67",13,<50,326,12,12,12,12,16,0,19,0,0,0,4,3,9,9
"273275,f41db0002b8bed34",3,<50,125,3,3,3,3,4,0,8,0,0,0,0,0,3,3
"273275,f45f500005f57af6",9,<50,1000,6,6,7,7,24,0,52,0,0,0,2,1,7,5
"273275,f469e0000225c25d",96,50-100,989,24,34,42,60,43,0,85,0,0,0,0,0,96,34
"273275,f475c0006b679579",28,<50,763,13,19,20,20,27,0,47,0,0,0,15,9,13,10
"273275,f50a3000faba19d2",7,<50,740,3,3,6,6,14,0,30,0,0,0,0,0,7,3
"273275,f55ba000cc5509af",5,<50,186,5,5,5,5,9,0,10,0,0,0,0,0,5,5
"273275,f648e000b611a81c",7,<50,108,7,7,7,7,7,0,9,0,0,0,0,0,7,7
"273275,f73aa000486cebab",4,<50,167,0,0,0,0,4,0,4,0,0,0,0,0,4,0
"273275,f75760000ba62a01",14,<50,321,10,11,11,11,14,0,16,0,0,0,0,0,14,11
"273275,f75b100094bab0f9",26,<50,491,18,20,21,21,22,0,41,0,0,0,0,0,26,20
"273275,f8c7d00063c3da16",36,<50,473,14,20,22,22,16,0,43,0,0,0,32,16,4,4
"273275,f8cb500075a9c4fc",14,<50,356,12,13,13,13,12,0,23,0,3,2,11,11,0,0
"273275,fa713000ae39ef2e",3,<50,586,2,2,2,2,9,0,23,0,0,0,0,0,3,2
"273275,fa7b20001ed3cf27",5,<50,96,1,1,1,1,3,0,4,0,0,0,0,0,5,1
"273275,faa2700060051862",10,<50,454,8,8,9,9,14,0,26,0,0,0,0,0,10,8
"273275,fade1000c936c0fc",6,<50,267,6,6,6,6,6,0,15,0,0,0,0,0,6,6
"273275,fb5f30002c54e675",8,<50,337,4,4,4,4,9,0,12,0,0,0,1,0,7,4
"273275,fb6500028cee19c",22,<50,654,20,21,21,21,28,0,49,0,0,0,20,19,2,2
"273275,fba72000ef394de0",8,<50,385,6,7,7,7,6,0,11,0,3,3,4,4,1,0
"273275,fc9e300008740385",11,<50,236,1,1,1,1,14,0,26,0,0,0,0,0,11,1
"273275,fcc0a0007276e09d",28,<50,530,19,21,24,24,48,0,66,0,0,0,0,0,28,21
"273275,fd671000aa453c73",37,<50,367,10,15,16,16,31,0,43,0,0,0,0,0,37,15
"273275,fdbe00003e1de45b",20,<50,357,10,11,11,11,23,0,40,0,0,0,0,0,20,11
"273275,fe14d0000a4dff84",6,<50,415,4,4,4,4,16,0,28,0,0,0,0,0,6,4
"273275,fe96700089398e06",15,<50,317,14,14,14,14,11,0,15,0,0,0,0,0,15,14
"273275,fef44000afde4f95",9,<50,238,5,5,5,5,12,0,24,0,0,0,0,0,9,5
"273275,ffc0000a6e9be0f",27,<50,198,9,9,9,9,10,0,11,0,4,1,20,5,3,3
"273278,100115000bb13f6bd",16,<50,719,11,11,11,12,32,0,56,0,0,0,3,2,13,9
"273278,10015000017fab156",19,<50,477,13,13,14,14,18,0,25,0,0,0,5,4,14,9
"273278,10018d0006975f271",23,<50,579,19,19,19,19,19,0,26,0,0,0,13,9,10,10
"273278,1001f80003a256a47",37,<50,932,26,33,33,33,39,0,75,0,0,0,22,19,15,14
"273278,1002a50002f786bd8",24,<50,758,15,17,18,18,19,0,33,0,0,0,3,0,21,17
"273278,10034000d2f8f848",6,<50,274,3,3,3,3,6,0,10,0,0,0,0,0,6,3
"273278,10038f000b9ede6b7",14,<50,436,12,13,13,13,11,0,18,0,3,3,1,1,10,9
"273278,10049500047e82c79",12,<50,361,12,12,12,12,16,0,30,0,0,0,7,7,5,5
"273278,1004e00006a12d047",5,<50,269,4,5,5,5,14,0,17,0,0,0,0,0,5,5
"273278,1005d3000330893f5",10,<50,447,8,8,8,8,16,0,27,0,0,0,0,0,10,8
"273278,1006d20007daf8366",21,<50,577,20,20,20,20,27,0,42,0,0,0,0,0,21,20
"273278,100d7400009e37c38",37,<50,711,24,25,26,26,23,0,37,0,3,0,25,18,9,7
"273278,100e78000579e260c",18,<50,469,13,15,16,16,14,0,31,0,0,0,6,6,12,9
"273278,101ab20001613531b",30,<50,662,24,26,27,27,26,0,32,0,4,4,24,20,2,2
"273278,102e800069bf901a",7,<50,265,5,5,5,5,11,0,14,0,0,0,0,0,7,5
"273278,103204000dfd1be77",7,<50,654,2,4,5,5,27,0,46,0,0,0,0,0,7,4
"273278,1041f000f32e9da7",23,<50,702,11,14,14,14,20,0,43,0,0,0,0,0,23,14
"273278,104e20000371740c",17,<50,573,12,13,13,13,12,0,22,0,0,0,1,1,16,12
"273278,106ab000099beb769",33,<50,609,28,29,30,30,22,0,40,0,1,1,26,22,6,6
"273278,106da9000c20ac8ef",6,<50,608,5,5,5,5,15,0,26,0,0,0,0,0,6,5
"273278,107b240001d983e81",20,<50,954,10,14,14,14,19,0,30,0,0,0,8,4,12,10
"273278,10853d00030835456",5,<50,421,4,4,4,4,12,0,15,0,0,0,2,1,3,3
"273278,108775000a1447202",18,<50,662,5,6,7,7,13,0,21,0,0,0,0,0,18,6
"273278,108dfb000be2e44b5",128,100-150,905,71,113,125,126,4,0,22,0,2,1,126,112,0,0
"273278,1096c0000e05875d9",238,150-300,967,37,78,110,126,31,0,64,0,25,1,192,63,21,14
"273278,109aa10008a2848c7",91,50-100,827,49,63,70,74,30,0,54,0,8,4,83,59,0,0
"273278,109b26000ad38d419",25,<50,771,19,20,22,22,24,0,40,0,0,0,25,20,0,0
"273278,10ad5500069ff08f1",81,50-100,788,44,56,59,59,30,0,49,0,1,0,57,38,23,18
"273278,10aff60002059db32",26,<50,738,22,23,24,25,28,0,43,0,3,3,21,19,2,1
"273278,10b058000a2e11237",22,<50,596,14,18,18,18,35,0,55,0,13,10,9,8,0,0
"273278,10b295000d40d842a",22,<50,477,18,19,20,20,21,0,31,0,0,0,5,4,17,15
"273278,10b9c1000c3ae8ec2",11,<50,608,2,2,2,2,5,0,20,0,0,0,0,0,11,2
"273278,10bc76000d5e7a5a4",11,<50,507,10,11,11,11,14,0,31,0,0,0,4,4,7,7
"273278,10bdb10007de6071d",30,<50,688,25,27,27,27,20,0,35,0,0,0,19,18,11,9
"273278,10c7db000a4619a49",30,<50,723,27,28,28,28,31,0,52,0,0,0,6,6,24,22
"273278,10d6d60007528974b",13,<50,649,7,9,11,11,14,0,21,0,5,1,8,8,0,0
"273278,10d720000202076d",18,<50,246,9,10,10,10,11,0,22,0,0,0,11,7,7,3
"273278,10d812000579ab825",32,<50,824,16,23,26,26,41,0,69,0,0,0,5,4,27,19
"273278,10e079000dcbab9dc",13,<50,526,10,11,12,12,13,0,20,0,0,0,4,4,9,7
"273278,10e214000f02bcfa5",8,<50,485,8,8,8,8,10,0,16,0,0,0,0,0,8,8
"273278,10f6da000eb0093d5",46,<50,702,38,43,45,45,31,0,48,0,11,10,34,32,1,1
"273278,10f997000e16ebfe0",17,<50,372,12,13,13,13,16,0,28,0,0,0,0,0,17,13
"273278,10fa00005a880f8c",21,<50,450,16,17,19,19,20,0,24,0,0,0,1,1,20,16
"273278,111002000cd3dfed3",13,<50,647,9,11,11,11,9,0,28,0,0,0,0,0,13,11
"273278,11162d0003d11a69e",23,<50,302,21,21,21,21,21,0,31,0,1,1,21,19,1,1
"273278,112553000aeaa6f91",37,<50,398,32,34,34,34,24,0,41,0,18,15,17,17,2,2
"273278,1125ce0002a5136ad",24,<50,758,16,21,23,23,26,0,46,0,0,0,10,8,14,13
"273278,113df0000efdcdce6",10,<50,891,8,8,8,8,15,0,25,0,0,0,9,7,1,1
"273278,11432a0008a561b38",37,<50,275,13,14,14,14,19,0,24,0,2,0,24,12,11,2
"273278,11483000092033afa",18,<50,457,13,15,16,16,15,0,26,0,9,6,5,5,4,4
"273278,114971000c1384135",15,<50,359,9,11,11,11,6,0,14,0,2,2,9,8,4,1
"273278,114ae50000df4076f",51,50-100,720,26,34,36,37,32,0,50,0,6,3,37,29,8,2
"273278,114b1b00072cd6433",17,<50,401,14,16,16,16,14,0,25,0,0,0,17,16,0,0
"273278,114bfb000bf92b86e",32,<50,556,22,24,26,26,16,0,28,0,0,0,16,11,16,13
"273278,11520b000feec4d1d",38,<50,875,21,25,29,29,20,0,32,0,7,2,26,18,5,5
"273278,115229000649fccdc",27,<50,593,22,24,24,24,20,0,32,0,4,4,19,17,4,3
"273278,116e9d00070132d3e",10,<50,81,2,2,2,2,5,0,6,0,0,0,10,2,0,0
"273278,11762f000c90c7561",9,<50,293,6,6,6,6,9,0,18,0,0,0,2,0,7,6
"273278,117f5d0007317556f",57,50-100,647,23,35,41,41,13,0,36,0,57,35,0,0,0,0
"273278,1189e0000c4446ad6",30,<50,662,22,28,29,29,25,0,45,0,0,0,3,3,27,25
"273278,118a1a0006d01c3bf",56,50-100,948,35,45,47,48,47,0,73,0,5,4,12,11,39,30
"273278,118bc100062810fd1",30,<50,434,25,26,26,26,26,0,34,0,13,12,17,14,0,0
"273278,1193020004095144d",23,<50,720,12,12,12,12,24,0,46,0,8,1,12,9,3,2
"273278,1199aa000330205e0",30,<50,551,13,15,16,16,17,0,36,0,5,1,22,11,3,3
"273278,119a44000f3a12eda",149,100-150,690,61,84,97,99,36,0,64,0,37,13,91,57,21,14
"273278,119a8c00081dee15f",17,<50,511,13,15,15,15,20,0,29,0,0,0,6,5,11,10
"273278,119b49000145232b1",22,<50,462,12,13,14,14,18,0,26,0,0,0,21,13,1,0
"273278,119cda000378dd484",10,<50,563,7,8,8,8,17,0,39,0,0,0,7,5,3,3
"273278,119d1e0007a00646b",21,<50,989,15,16,18,18,30,0,65,0,0,0,13,9,8,7
"273278,119d760006bf1ca43",12,<50,904,10,11,11,11,31,0,69,0,0,0,12,11,0,0
"273278,11a0170002a94c4af",12,<50,408,7,7,7,7,10,0,20,0,0,0,5,4,7,3
"273278,11a32b0009afe0b17",23,<50,550,14,14,14,14,23,0,35,0,8,5,11,9,4,0
"273278,11a6b000f68eab36",7,<50,174,6,7,7,7,7,0,12,0,0,0,0,0,7,7
"273278,11b952000775b6641",64,50-100,927,43,55,57,57,29,0,77,0,33,27,31,28,0,0
"273278,11ba49000d48226cd",13,<50,681,5,8,8,9,12,0,22,0,0,0,4,2,9,6
"273278,11c17d0002374d01a",12,<50,461,8,9,9,9,26,0,42,0,0,0,9,6,3,3
"273278,11c39d0003ff17c86",7,<50,319,2,2,2,2,13,0,16,0,0,0,7,2,0,0
"273278,11c8fa0008ddfcdb0",49,<50,617,22,28,28,28,25,0,40,0,0,0,32,23,17,5
"273278,11cc4f000ce00e000",48,<50,117,4,4,4,4,3,0,6,0,0,0,6,0,42,4
"273278,11ccfd000d2a5dfa1",11,<50,331,9,9,9,9,14,0,22,0,1,0,6,5,4,4
"273278,11ce420006fa679b2",5,<50,379,5,5,5,5,7,0,13,0,0,0,0,0,5,5
"273278,11d34b000324b520c",14,<50,620,7,7,8,8,19,0,35,0,3,2,6,5,5,0
"273278,11d6810006f70c5d0",48,<50,169,11,12,12,12,7,0,10,0,2,0,41,10,5,2
"273278,11d6b0000755a6222",11,<50,525,10,10,10,10,17,0,30,0,1,1,8,8,2,1
"273278,11d70b00089e4b6a2",61,50-100,645,44,49,52,52,34,0,74,0,0,0,18,11,43,38
"273278,11dbc8000dfa0b0bd",108,100-150,894,34,59,68,71,34,0,69,0,1,0,64,30,43,29
"273278,11e02b0009a0d5b27",29,<50,763,21,25,26,26,24,0,42,0,0,0,9,6,20,19
"273278,11e583000a1c00d58",43,<50,615,30,34,37,37,26,0,46,0,3,1,40,33,0,0
"273278,11e608000dfa9f51e",148,100-150,837,9,19,28,35,14,0,41,0,0,0,97,15,51,4
"273278,11ee80000a8822054",25,<50,409,14,16,17,17,20,0,38,0,0,0,22,13,3,3
"273278,11f1e9000b6e88729",99,50-100,962,33,56,65,74,28,0,51,0,2,1,55,25,42,30
"273278,11f9e600064f6c6a6",52,50-100,629,33,40,42,43,27,0,42,0,22,16,28,22,2,2
"273278,11fd3f00067a1790c",65,50-100,511,39,50,55,55,27,0,40,0,40,27,23,21,2,2
"273278,120318000e33c5438",16,<50,543,13,13,14,14,19,0,26,0,3,2,5,5,8,6
"273278,12056a000c0a54105",21,<50,280,15,15,15,15,18,0,29,0,0,0,17,13,4,2
"273278,1207780005c6a21a2",55,50-100,829,37,43,47,47,45,0,62,0,1,1,43,33,11,9
"273278,1217f1000a42b82b9",22,<50,577,20,20,20,20,26,0,44,0,0,0,17,15,5,5
"273278,121cb000049b1137d",23,<50,901,17,19,19,19,23,0,33,0,1,0,8,5,14,14
"273278,121e9600006fedac1",13,<50,335,7,7,7,7,10,0,21,0,0,0,6,3,7,4
"273278,12207b000cfa2b2ac",30,<50,822,24,26,26,27,32,0,44,0,0,0,3,3,27,23
"273278,1224a9000d6db2643",68,50-100,836,42,53,56,59,30,0,50,0,1,1,58,44,9,8
"273278,12258200053fa2e71",17,<50,501,12,13,13,13,28,0,42,0,0,0,12,12,5,1
"273278,122a260008a54ddd5",15,<50,486,9,11,13,13,13,0,36,0,0,0,14,11,1,0
"273278,122e9100003ec98d7",12,<50,478,7,8,8,8,13,0,22,0,0,0,0,0,12,8
"273278,1234c4000334bf7ad",22,<50,499,14,15,15,15,24,0,48,0,0,0,10,6,12,9
"273278,1236e2000398f0719",46,<50,632,35,39,41,41,38,0,54,0,0,0,46,39,0,0
"273278,1244ed000307c46d9",46,<50,527,32,36,38,38,25,0,48,0,2,2,41,31,3,3
"273278,124889000135bfa5e",28,<50,242,25,25,25,25,22,0,33,0,16,14,6,6,6,5
"273278,1252e900006e13a4f",15,<50,869,14,14,14,14,17,0,28,0,1,1,12,11,2,2
"273278,12561000074b16b92",7,<50,236,7,7,7,7,11,0,18,0,0,0,6,6,1,1
"273278,12572c000fa579b60",30,<50,665,23,27,27,27,25,0,36,0,5,5,14,12,11,10
"273278,1258ff00014096fd7",4,<50,324,4,4,4,4,10,0,12,0,0,0,0,0,4,4
"273278,125d8700017df6d3a",16,<50,237,8,8,8,8,3,0,3,0,0,0,0,0,16,8
"273278,126f800001398ff5a",16,<50,436,12,14,14,14,17,0,21,0,0,0,6,5,10,9
"273278,12726c00029afc0f0",42,<50,489,21,23,25,25,24,0,38,0,0,0,42,23,0,0
"273278,1276f000361adc15",12,<50,571,9,10,10,10,13,0,31,0,0,0,0,0,12,10
"273278,127950005d59d51d",18,<50,623,15,16,16,16,32,0,53,0,18,16,0,0,0,0
"273278,127b200003f844a0",16,<50,383,14,14,14,14,17,0,29,0,0,0,0,0,16,14
"273278,128c06000217d7dc3",19,<50,360,9,11,12,12,16,0,25,0,5,0,9,6,5,5
"273278,128c9a0007f636361",16,<50,677,13,13,14,14,18,0,27,0,0,0,0,0,16,13
"273278,129112000264c9dc1",51,50-100,617,34,38,40,40,23,0,33,0,12,6,37,32,2,0
"273278,12949b000f788b741",20,<50,596,18,20,20,20,12,0,20,0,3,3,17,17,0,0
"273278,1296c5000d81dbac4",34,<50,465,27,29,30,30,22,0,38,0,0,0,9,7,25,22
"273278,129c000003d111609",17,<50,643,15,15,15,15,19,0,40,0,0,0,0,0,17,15
"273278,12a2100096a6b3f5",5,<50,193,3,3,3,3,7,0,10,0,0,0,0,0,5,3
"273278,12a3910008ac45f2c",17,<50,205,16,16,16,16,13,0,21,0,0,0,10,10,7,6
"273278,12aad50007c35e0b8",10,<50,533,8,9,9,9,16,0,34,0,0,0,1,1,9,8
"273278,12b4e3000ec1fb1fd",8,<50,216,7,7,7,7,10,0,14,0,1,1,2,2,5,4
"273278,12b4fd0005cc1185e",7,<50,183,5,6,6,6,3,0,4,0,0,0,0,0,7,6
"273278,12b9720005cb04b8f",11,<50,549,9,9,9,9,16,0,26,0,0,0,0,0,11,9
"273278,12bafd000d4906a9d",32,<50,773,25,27,29,29,25,0,36,0,4,4,20,15,8,8
"273278,12cfaa00066c4734f",10,<50,362,7,7,7,7,8,0,14,0,0,0,3,1,7,6
"273278,12d5a00000b7cb45",4,<50,371,3,4,4,4,7,0,11,0,0,0,0,0,4,4
"273278,12db2000f0d94fd1",8,<50,235,8,8,8,8,6,0,12,0,0,0,0,0,8,8
"273278,12db39000262a2db5",26,<50,460,19,21,21,21,19,0,35,0,12,8,9,8,5,5
"273278,12e4e60000934e1af",36,<50,664,25,27,29,30,26,0,34,0,0,0,14,9,22,18
"273278,12f26e000855247b5",11,<50,454,11,11,11,11,13,0,22,0,2,2,7,7,2,2
"273278,12f3cc0001e6ee241",103,100-150,930,44,61,73,76,30,0,53,0,4,0,98,61,1,0
"273278,12f44f00043560129",11,<50,632,8,8,8,8,17,0,29,0,0,0,4,2,7,6
"273278,12f56000087fafde1",12,<50,897,10,11,11,11,20,0,44,0,0,0,0,0,12,11
"273278,12f5a9000fc264e1f",17,<50,563,12,14,15,15,10,0,20,0,0,0,2,2,15,12
"273278,12f70000089b7b56a",9,<50,241,9,9,9,9,8,0,11,0,0,0,0,0,9,9
"273278,12f8d10008a22353d",15,<50,752,11,12,14,14,16,0,37,0,3,3,11,8,1,1
"273278,12f9f4000f655af02",12,<50,316,9,9,9,9,11,0,13,0,0,0,8,7,4,2
"273278,12fa0e000d6e0de9b",14,<50,351,10,10,10,10,12,0,18,0,0,0,1,0,13,10
"273278,12faf5000a2d7cde0",20,<50,574,20,20,20,20,24,0,39,0,1,1,14,14,5,5
"273278,12fd4b000cf6622b4",46,<50,925,30,33,35,37,30,0,58,0,1,1,21,13,24,19
"273278,12fdf800007a2b893",24,<50,504,10,13,13,13,20,0,37,0,0,0,4,3,20,10
"273278,12ff7000288e3b70",19,<50,445,13,15,15,15,16,0,30,0,0,0,0,0,19,15
"273278,1301d2000cf15c7b9",72,50-100,701,44,55,58,58,19,0,35,0,4,3,67,51,1,1
"273278,13029e000b74c6b4d",16,<50,803,11,13,14,14,14,0,34,0,0,0,3,2,13,11
"273278,130327000ef70a0b7",52,50-100,771,25,29,31,33,20,0,33,0,5,1,33,16,14,12
"273278,1308900097d8732b",8,<50,179,7,8,8,8,11,0,17,0,0,0,6,6,2,2
"273278,1311ed000676aaa61",13,<50,635,6,6,8,8,16,0,29,0,0,0,9,6,4,0
"273278,13155d00036433749",14,<50,351,4,4,5,5,15,0,19,0,0,0,8,4,6,0
"273278,131725000a60cca44",26,<50,732,14,16,18,18,24,0,45,0,0,0,0,0,26,16
"273278,131d010009221fee0",12,<50,671,8,8,8,8,11,0,21,0,0,0,6,4,6,4
"273278,13211b0007aa4111c",15,<50,572,9,10,11,11,14,0,21,0,0,0,4,3,11,7
"273278,13215d000634ff993",19,<50,690,16,18,19,19,16,0,41,0,0,0,18,17,1,1
"273278,132316000125e6ddc",16,<50,526,7,8,8,8,15,0,27,0,0,0,9,6,7,2
"273278,13274700073db4b9b",13,<50,516,10,12,13,13,10,0,21,0,0,0,0,0,13,12
"273278,132db80008be4d873",79,50-100,676,15,23,23,23,15,0,32,0,0,0,45,10,34,13
"273278,1340320001be76383",43,<50,772,28,31,33,35,21,0,43,0,0,0,16,8,27,23
"273278,134324000be205fa0",35,<50,625,16,19,22,22,16,0,30,0,0,0,5,2,30,17
"273278,13452e0005f30d04a",24,<50,647,22,22,22,23,20,0,28,0,0,0,19,17,5,5
"273278,134612000d1349339",12,<50,366,7,7,7,7,13,0,21,0,0,0,0,0,12,7
"273278,13489900028d1cf15",19,<50,484,15,16,16,16,12,0,17,0,0,0,15,12,4,4
"273278,1348b500047a02ea5",62,50-100,664,40,49,53,53,24,0,47,0,6,5,54,44,2,0
"273278,134ace000f3ba6fe6",14,<50,443,12,12,12,12,15,0,21,0,0,0,10,10,4,2
"273278,134b5f000dd6f9493",17,<50,474,6,6,7,7,14,0,22,0,0,0,5,4,12,2
"273278,134c66000ab3231d6",16,<50,413,12,14,14,14,13,0,24,0,0,0,6,4,10,10
"273278,1350f7000d44f8e77",17,<50,562,15,16,16,16,17,0,29,0,5,5,9,8,3,3
"273278,135122000bc641544",27,<50,401,24,25,27,27,22,0,37,0,20,19,7,6,0,0
"273278,13558c000840c0abf",20,<50,421,15,18,18,18,15,0,30,0,0,0,6,6,14,12
"273278,135f0e000a32c28c0",9,<50,414,8,8,8,8,8,0,15,0,0,0,0,0,9,8
"273278,135f7b0006a673bfd",13,<50,443,6,8,8,8,16,0,22,0,2,2,6,6,5,0
"273278,1362da000a87b9181",32,<50,980,11,15,18,21,27,0,49,0,0,0,3,3,29,12
"273278,13654e00044284d50",19,<50,580,14,15,15,15,14,0,32,0,0,0,2,2,17,13
"273278,136588000dfe4b1b2",33,<50,822,26,28,30,31,31,0,47,0,0,0,10,9,23,19
"273278,136c9a000798343ea",15,<50,549,12,13,13,13,22,0,31,0,0,0,0,0,15,13
"273278,1370420003e880ce5",16,<50,505,9,10,10,10,15,0,18,0,0,0,1,0,15,10
"273278,137825000d1b23658",38,<50,834,18,21,24,25,23,0,43,0,0,0,25,14,13,7
"273278,137e74000890aedc4",16,<50,671,16,16,16,16,29,0,47,0,0,0,12,12,4,4
"273278,137f8d0009161f6ae",22,<50,990,13,15,16,17,16,0,30,0,0,0,13,8,9,7
"273278,137fb50007350f1e4",12,<50,586,7,7,9,9,13,0,32,0,0,0,1,1,11,6
"273278,138156000b5c781a9",27,<50,857,21,23,23,25,23,0,33,0,0,0,13,12,14,11
"273278,1384570008246d446",25,<50,475,15,18,18,18,11,0,20,0,18,13,7,5,0,0
"273278,13847100087e318be",8,<50,293,4,5,5,5,13,0,18,0,0,0,0,0,8,5
"273278,1396fd0008de1e103",87,50-100,773,31,45,54,54,13,0,36,0,8,2,71,35,8,8
"273278,1399a3000de8d36ec",19,<50,533,14,15,15,15,14,0,32,0,0,0,11,7,8,8
"273278,139cfd00021802b1b",28,<50,677,17,21,22,22,21,0,36,0,4,1,14,13,10,7
"273278,139d1e0009381bafa",29,<50,618,14,16,17,17,20,0,32,0,0,0,16,12,13,4
"273278,139e3100038752c2d",51,50-100,906,27,35,38,38,28,0,49,0,0,0,0,0,51,35
"273278,13a264000c44d83ff",9,<50,408,8,8,8,8,10,0,16,0,4,3,4,4,1,1
"273278,13ac230000ff9d489",28,<50,629,13,17,19,19,21,0,33,0,0,0,0,0,28,17
"273278,13ada30000b698f30",14,<50,865,11,11,12,12,11,0,18,0,0,0,1,0,13,11
"273278,13adc5000aead18d0",22,<50,479,14,17,18,18,17,0,31,0,0,0,20,16,2,1
"273278,13ae63000b2f2e09a",7,<50,419,7,7,7,7,10,0,14,0,0,0,0,0,7,7
"273278,13af28000e9ac56ab",17,<50,626,15,15,16,16,16,0,27,0,0,0,15,13,2,2
"273278,13b070000a7c2e917",8,<50,631,3,5,5,5,4,0,15,0,0,0,3,1,5,4
"273278,13b3fd00017b6e8d7",32,<50,779,18,19,21,21,18,0,38,0,0,0,8,7,24,12
"273278,13b45c000cd1337e0",7,<50,276,5,5,5,5,7,0,14,0,0,0,2,1,5,4
"273278,13b8c50007acd86bb",13,<50,490,11,12,13,13,12,0,18,0,0,0,8,8,5,4
"273278,13bb3d0006db1fa62",14,<50,504,14,14,14,14,19,0,25,0,4,4,9,9,1,1
"273278,13bec9000d624327d",17,<50,560,8,12,13,13,16,0,28,0,0,0,1,0,16,12
"273278,13bf6c000000cff04",11,<50,414,5,5,5,5,12,0,25,0,0,0,2,2,9,3
"273278,13c1930004628f0f5",21,<50,316,2,3,3,3,8,0,12,0,0,0,8,3,13,0
"273278,13c227000c7146fcb",38,<50,830,20,27,29,29,18,0,36,0,0,0,6,3,32,24
"273278,13c5c000029327bf5",18,<50,572,18,18,18,18,22,0,39,0,0,0,0,0,18,18
"273278,1402c000043dd5ff",5,<50,120,5,5,5,5,4,0,6,0,0,0,0,0,5,5
"273278,14081f000db0bb9ab",18,<50,551,14,17,17,17,22,0,32,0,5,5,13,12,0,0
"273278,140a440006a53d382",3,<50,237,3,3,3,3,7,0,10,0,0,0,0,0,3,3
"273278,140b08000d2ad31b6",5,<50,283,4,4,4,4,5,0,9,0,0,0,1,1,4,3
"273278,140e6100027c8ddde",4,<50,127,3,3,3,3,3,0,3,0,0,0,3,2,1,1
"273278,140ee20001a75b83a",28,<50,515,23,25,25,25,18,0,27,0,15,12,11,11,2,2
"273278,14130b000f24b42ca",5,<50,252,3,3,3,3,6,0,11,0,0,0,0,0,5,3
"273278,141757000cba5a469",60,50-100,940,30,40,43,49,26,0,61,0,17,10,37,25,6,5
"273278,14190f0008c68bee8",12,<50,232,8,9,9,9,6,0,11,0,7,5,5,4,0,0
"273278,1423fe0003fabb3a3",9,<50,418,6,6,7,7,9,0,13,0,0,0,3,2,6,4
"273278,142caa000c4746744",18,<50,228,16,16,16,16,15,0,20,0,17,15,1,1,0,0
"273278,142f36000314ecc3d",70,50-100,920,45,55,59,62,35,0,57,0,0,0,21,14,49,41
"273278,144414000d4cfd07b",4,<50,311,3,4,4,4,8,0,13,0,0,0,0,0,4,4
"273278,14492b00057c65e75",36,<50,635,28,29,29,30,23,0,43,0,14,10,19,17,3,2
"273278,1452060001ee5182a",7,<50,938,7,7,7,7,10,0,14,0,0,0,0,0,7,7
"273278,1453f9000b55d7f73",22,<50,529,16,17,18,18,17,0,23,0,0,0,14,10,8,7
"273278,145480000fc20ec7f",49,<50,424,11,19,20,20,16,0,26,0,0,0,9,3,40,16
"273278,145d150003deb8393",64,50-100,434,51,55,56,56,21,0,41,0,64,55,0,0,0,0
"273278,145eed000cb9a2c9c",35,<50,660,24,26,27,27,28,0,50,0,4,3,21,15,10,8
"273278,145f7700050baa223",14,<50,552,9,10,10,10,17,0,26,0,0,0,3,2,11,8
"273278,148bd00078d21e99",11,<50,550,10,10,11,11,14,0,24,0,0,0,0,0,11,10
"273278,14a56000af246fa1",26,<50,828,15,17,19,19,34,0,53,0,0,0,0,0,26,17
"273278,14de90000071523b",9,<50,426,9,9,9,9,11,0,13,0,0,0,0,0,9,9
"273278,14e540002e0f2f9c",13,<50,387,6,6,8,8,14,0,20,0,0,0,2,0,11,6
"273278,150490009b47ee8d",11,<50,101,3,3,3,3,2,0,3,0,0,0,0,0,11,3
"273278,1534f00034009205",5,<50,210,3,3,3,3,7,0,9,0,0,0,0,0,5,3
"273278,154ac0000acff663",10,<50,267,8,8,8,8,13,0,20,0,0,0,0,0,10,8
"273278,156a500067f9bb1f",8,<50,436,7,8,8,8,15,0,19,0,0,0,0,0,8,8
"273278,159030004634a785",7,<50,173,6,7,7,7,13,0,15,0,0,0,0,0,7,7
"273278,15b0b000f57e9123",14,<50,245,1,1,1,1,12,0,25,0,0,0,0,0,14,1
"273278,15c0d000a3457597",19,<50,728,18,18,18,18,16,0,33,0,0,0,0,0,19,18
"273278,15fa2000ba276466",7,<50,315,4,5,5,5,8,0,15,0,0,0,0,0,7,5
"273278,16041000398bc1e5",4,<50,338,3,3,3,3,3,0,11,0,0,0,0,0,4,3
"273278,1661f000d4a62a47",9,<50,400,6,7,7,7,10,0,16,0,0,0,1,1,8,6
"273278,1666f000a836c1e8",35,<50,605,20,22,24,24,26,0,43,0,0,0,6,5,29,17
"273278,1680a0004d5854bf",11,<50,525,5,5,6,6,9,0,25,0,0,0,0,0,11,5
"273278,169860009eadaf78",4,<50,321,4,4,4,4,5,0,10,0,0,0,0,0,4,4
"273278,16a1d000d0a91f9e",23,<50,535,9,13,14,14,26,0,35,0,0,0,1,0,22,13
"273278,16c7a0000490fb17",11,<50,323,8,9,9,9,10,0,21,0,1,1,5,5,5,3
"273278,18049000dca3ef84",11,<50,300,4,6,6,6,10,0,16,0,0,0,3,0,8,6
"273278,18175000facaa853",12,<50,281,7,7,7,7,9,0,17,0,0,0,1,0,11,7
"273278,183f7000a1348030",23,<50,438,15,17,19,19,29,0,41,0,0,0,0,0,23,17
"273278,184ef00092488804",8,<50,325,7,7,8,8,13,0,20,0,0,0,0,0,8,7
"273278,18b5f000bba4759b",8,<50,282,4,5,5,5,17,0,25,0,0,0,0,0,8,5
"273278,18cca00038e0869a",10,<50,301,7,8,8,8,12,0,18,0,0,0,0,0,10,8
"273278,18f78000a5909777",19,<50,308,3,5,5,5,9,0,17,0,0,0,7,2,12,3
"273278,190c50002ddba10b",10,<50,378,8,10,10,10,16,0,24,0,0,0,5,5,5,5
"273278,19b22000286fee74",8,<50,188,5,6,6,6,7,0,10,0,0,0,0,0,8,6
"273278,1a87c000453e7132",11,<50,435,11,11,11,11,15,0,17,0,0,0,1,1,10,10
"273278,1a96e0004c19aa68",8,<50,332,7,8,8,8,15,0,24,0,0,0,0,0,8,8
"273278,1ac850005b57ffc3",42,<50,496,11,19,27,27,17,0,34,0,0,0,6,2,36,17
"273278,1af390003173a249",6,<50,289,6,6,6,6,6,0,12,0,0,0,0,0,6,6
"273278,1af90001ac27161",18,<50,807,10,12,13,13,17,0,35,0,0,0,0,0,18,12
"273278,1b57a00091af9022",16,<50,448,15,16,16,16,13,0,27,0,1,1,11,11,4,4
"273278,1bc4e0003e825d40",4,<50,226,3,3,3,3,2,0,5,0,0,0,0,0,4,3
"273278,1bd2300057c989f5",10,<50,380,8,8,8,8,5,0,11,0,7,5,3,3,0,0
"273278,1bd6e00090ab82ff",20,<50,409,17,18,18,18,17,0,33,0,2,2,8,7,10,9
"273278,1bdef00063ae5e62",25,<50,481,19,20,20,20,18,0,31,0,4,0,14,14,7,6
"273278,1be12000b07a3e4b",6,<50,201,5,5,5,5,11,0,15,0,0,0,0,0,6,5
"273278,1c9d0006b583e70",22,<50,734,19,21,21,21,16,0,32,0,1,1,13,12,8,8
"273278,1ddcb000a1d7cbca",21,<50,400,10,14,15,15,14,0,28,0,0,0,0,0,21,14
"273278,1e760000f68259c3",6,<50,218,6,6,6,6,12,0,19,0,0,0,0,0,6,6
"273278,1f3f4000a29205be",20,<50,604,19,20,20,20,19,0,37,0,0,0,5,5,15,15
"273278,1f45b000833f7783",6,<50,366,6,6,6,6,8,0,12,0,0,0,0,0,6,6
"273278,20815000a1dafde0",7,<50,292,6,7,7,7,13,0,21,0,0,0,0,0,7,7
"273278,20e9f0000fdbb79d",11,<50,353,10,11,11,11,14,0,28,0,0,0,0,0,11,11
"273278,21998000baf7affc",8,<50,336,8,8,8,8,13,0,18,0,0,0,0,0,8,8
"273278,21b1b000bf38d057",6,<50,275,5,5,5,5,9,0,15,0,0,0,0,0,6,5
"273278,21f8e0009caf5e2e",10,<50,373,6,6,6,6,9,0,15,0,0,0,5,4,5,2
"273278,220cc0002765d29e",5,<50,151,5,5,5,5,6,0,8,0,0,0,0,0,5,5
"273278,2248d0009b4da194",3,<50,313,3,3,3,3,12,0,22,0,0,0,0,0,3,3
"273278,2334e0006eab96a4",42,<50,369,7,9,10,10,21,0,41,0,0,0,19,0,23,9
"273278,238e9000377243af",9,<50,510,9,9,9,9,8,0,15,0,0,0,7,7,2,2
"273278,23af10002a0e5846",23,<50,475,15,18,19,19,22,0,37,0,0,0,7,5,16,13
"273278,24578000e83f9b6e",20,<50,705,18,19,19,20,17,0,40,0,0,0,6,6,14,13
"273278,247fd00042d58db3",23,<50,253,14,14,14,14,14,0,22,0,2,1,20,12,1,1
"273278,2509500079f013bf",21,<50,762,14,15,17,18,24,0,43,0,0,0,7,5,14,10
"273278,256e2000fa5d201c",30,<50,462,11,15,15,15,18,0,34,0,0,0,4,2,26,13
"273278,259ab0005e84b420",14,<50,378,10,12,12,12,12,0,19,0,1,1,11,9,2,2
"273278,26c64000ed3f60be",7,<50,206,6,6,6,6,6,0,8,0,4,4,3,2,0,0
"273278,270970007827c6b9",10,<50,344,7,8,8,8,10,0,19,0,1,1,6,4,3,3
"273278,2789f000423c5ed0",53,50-100,911,21,30,35,37,31,0,50,0,0,0,0,0,53,30
"273278,2838e000c37beef4",79,50-100,897,43,55,61,62,31,0,63,0,10,4,45,35,24,16
"273278,28558000b5e34889",16,<50,481,15,16,16,16,16,0,27,0,3,3,10,10,3,3
"273278,286180000ffcaee2",9,<50,288,5,6,6,6,7,0,7,0,1,0,5,5,3,1
"273278,28633000ff657227",11,<50,319,7,7,7,7,6,0,11,0,0,0,8,5,3,2
"273278,28b4f00000455307",37,<50,840,19,27,31,31,19,0,44,0,0,0,26,16,11,11
"273278,28b96000f4cc6da7",21,<50,362,2,3,3,3,25,0,33,0,0,0,0,0,21,3
"273278,28d2800037b56e40",40,<50,498,9,12,13,13,17,0,33,0,0,0,0,0,40,12
"273278,2966900068e51f75",36,<50,876,16,18,23,24,31,0,60,0,8,3,24,12,4,3
"273278,29d530002b26eea4",23,<50,327,8,10,10,10,10,0,17,0,0,0,5,0,18,10
"273278,2a3330009d53a0b0",28,<50,482,11,13,14,14,21,0,30,0,6,3,22,10,0,0
"273278,2a5470006d8a5dde",8,<50,264,7,7,7,7,7,0,15,0,0,0,5,5,3,2
"273278,2a792000b29c02c8",10,<50,395,9,10,10,10,11,0,17,0,0,0,0,0,10,10
"273278,2a921000058b03df",3,<50,241,2,3,3,3,23,0,30,0,0,0,0,0,3,3
"273278,2b4dd000850bfc57",22,<50,392,14,17,17,17,23,0,32,0,0,0,0,0,22,17
"273278,2be66000b8d83f77",21,<50,839,13,17,18,18,28,0,57,0,0,0,16,13,5,4
"273278,2c43200049af2002",31,<50,640,12,13,13,13,27,0,39,0,0,0,0,0,31,13
"273278,2c46e0009a782e48",13,<50,234,8,9,9,9,11,0,18,0,2,2,7,3,4,4
"273278,2d896000c2ba3c41",11,<50,269,9,9,9,9,9,0,13,0,0,0,7,6,4,3
"273278,2dbde0008aa92b58",52,50-100,651,29,35,37,38,31,0,60,0,38,23,14,12,0,0
"273278,2dc4c00003576794",13,<50,483,9,11,12,12,19,0,33,0,4,4,8,6,1,1
"273278,2dc6e000518de531",5,<50,268,3,3,3,3,5,0,8,0,0,0,0,0,5,3
"273278,2de3f000ddb4ddf2",25,<50,839,15,19,20,21,29,0,59,0,0,0,2,2,23,17
"273278,2e1220007d65839c",52,50-100,921,28,42,45,46,36,0,79,0,0,0,0,0,52,42
"273278,2e2d5000b17d7e47",12,<50,236,7,9,9,9,7,0,11,0,0,0,0,0,12,9
"273278,2e59d0004c94ec7a",79,50-100,855,36,49,50,51,42,0,73,0,2,1,63,37,14,11
"273278,2e64e000b701acec",28,<50,676,26,27,27,27,28,0,41,0,3,3,20,20,5,4
"273278,2e92c000361dfb6b",25,<50,160,18,19,19,19,12,0,23,0,24,18,1,1,0,0
"273278,2eafd0007f024b73",25,<50,797,18,21,21,21,15,0,36,0,5,2,20,19,0,0
"273278,2ecc0000f496618a",12,<50,393,8,8,9,9,17,0,25,0,5,3,6,5,1,0
"273278,2ef96000e0c30515",100,100-150,865,29,46,54,59,31,0,50,0,5,0,43,14,52,32
"273278,2f1f6000d0a2527d",69,50-100,594,45,57,61,61,21,0,43,0,49,40,20,17,0,0
"273278,2f759000427ed9d6",4,<50,332,2,3,3,3,4,0,10,0,0,0,0,0,4,3
"273278,2f836000c2abf4d3",5,<50,205,5,5,5,5,9,0,13,0,0,0,0,0,5,5
"273278,2f8eb000570340e0",19,<50,743,16,18,18,18,15,0,32,0,14,14,5,4,0,0
"273278,2fa72000b044e044",3,<50,203,2,2,2,2,5,0,9,0,0,0,0,0,3,2
"273278,2fb300084459150",19,<50,409,13,14,15,15,21,0,40,0,0,0,5,4,14,10
"273278,2fc0e0003aa48e3a",19,<50,496,10,11,12,12,21,0,38,0,0,0,1,0,18,11
"273278,2fc68000065d85b3",29,<50,884,24,24,25,26,33,0,54,0,2,1,27,23,0,0
"273278,2fe660007d21f0f3",40,<50,716,23,28,29,30,21,0,33,0,2,2,33,22,5,4
"273278,30468000cc2144b5",66,50-100,883,39,44,46,46,33,0,66,0,0,0,55,36,11,8
"273278,304e400014aa740d",50,50-100,796,31,35,38,38,27,0,41,0,22,10,28,25,0,0
"273278,30564000cfad4539",27,<50,787,18,21,21,21,27,0,43,0,0,0,11,11,16,10
"273278,31431000e4d6eecd",15,<50,596,12,12,12,12,21,0,40,0,1,1,11,10,3,1
"273278,318480005531f945",15,<50,548,10,10,12,12,21,0,28,0,0,0,0,0,15,10
"273278,3209b00089a1296c",20,<50,342,4,4,4,4,12,0,21,0,0,0,0,0,20,4
"273278,3211b0007ee50c04",38,<50,611,20,22,22,22,16,0,29,0,15,7,23,15,0,0
"273278,321cb0007b58ff39",25,<50,886,21,23,23,23,22,0,40,0,0,0,4,4,21,19
"273278,32562000e356cc0c",14,<50,500,12,12,12,12,17,0,38,0,0,0,13,11,1,1
"273278,32973000182de3e6",5,<50,389,5,5,5,5,12,0,20,0,0,0,0,0,5,5
"273278,33194000073c4edf",19,<50,474,17,17,18,18,19,0,26,0,0,0,12,10,7,7
"273278,335220007935042a",7,<50,331,7,7,7,7,9,0,15,0,0,0,4,4,3,3
"273278,343380009673e035",28,<50,572,22,24,24,24,26,0,40,0,0,0,13,11,15,13
"273278,346790004fb55cbc",27,<50,767,16,22,23,23,28,0,43,0,1,1,19,15,7,6
"273278,35470000645a48b7",22,<50,506,15,16,16,16,19,0,34,0,0,0,5,4,17,12
"273278,3549800097ae8679",4,<50,262,3,3,3,3,2,0,3,0,0,0,0,0,4,3
"273278,356290001c6c9c0c",14,<50,509,12,12,12,12,16,0,32,0,0,0,2,1,12,11
"273278,35a9e000887d3607",15,<50,683,11,12,13,14,9,0,22,0,0,0,1,1,14,11
"273278,35ce10009d8edbaa",9,<50,241,4,4,4,4,9,0,17,0,0,0,0,0,9,4
"273278,35d3700050c0e2e2",10,<50,186,8,9,9,9,8,0,11,0,8,7,1,1,1,1
"273278,35f7100025aac659",3,<50,112,3,3,3,3,7,0,12,0,0,0,0,0,3,3
"273278,36001000bfc478e2",7,<50,241,3,3,3,3,7,0,10,0,0,0,0,0,7,3
"273278,360570006d06a3f7",14,<50,435,12,12,12,12,16,0,28,0,0,0,7,5,7,7
"273278,360720006ff843d3",32,<50,675,12,18,18,18,18,0,34,0,0,0,1,0,31,18
"273278,3638d000c887b3ec",17,<50,438,5,8,8,8,8,0,14,0,0,0,7,3,10,5
"273278,363aa000833b4fb8",9,<50,213,5,6,6,6,7,0,18,0,0,0,1,0,8,6
"273278,364f000045f8c42f",9,<50,246,5,6,6,6,9,0,16,0,0,0,0,0,9,6
"273278,3691c0003b9e6c48",17,<50,529,10,14,14,14,8,0,21,0,0,0,4,4,13,10
"273278,36ac400075416dbf",15,<50,481,10,11,11,11,13,0,23,0,0,0,1,0,14,11
"273278,36dad0003017b2d3",10,<50,593,6,6,6,6,10,0,15,0,0,0,0,0,10,6
"273278,36e2e000dd52ec65",19,<50,453,14,17,17,17,13,0,27,0,0,0,7,7,12,10
"273278,37d5b0007e47577c",5,<50,239,5,5,5,5,9,0,10,0,0,0,0,0,5,5
"273278,37d7b000d269af38",5,<50,8,0,0,0,0,0,0,0,0,0,0,0,0,5,0
"273278,388230003e143747",9,<50,386,7,7,7,7,9,0,16,0,0,0,0,0,9,7
"273278,3931c0002d34318e",15,<50,729,8,11,11,11,14,0,40,0,0,0,0,0,15,11
"273278,3967f00097df926a",10,<50,498,4,4,4,4,7,0,17,0,0,0,1,0,9,4
"273278,3979300061080c12",7,<50,370,6,6,6,6,12,0,22,0,0,0,0,0,7,6
"273278,39b4e000f00d1131",20,<50,598,12,15,15,15,21,0,34,0,0,0,6,3,14,12
"273278,39faf000c18fa2ce",26,<50,549,23,24,25,25,23,0,35,0,0,0,17,15,9,9
"273278,3a168000a19a7355",23,<50,683,16,18,19,19,10,0,30,0,0,0,0,0,23,18
"273278,3a27c000f3808456",11,<50,134,7,8,8,8,6,0,9,0,0,0,8,5,3,3
"273278,3a3ed00039b91c22",15,<50,533,13,14,14,14,16,0,29,0,0,0,0,0,15,14
"273278,3a7c4000807af33d",19,<50,241,4,5,5,5,9,0,13,0,0,0,2,1,17,4
"273278,3ac7e000e57fecbd",18,<50,584,11,12,15,15,15,0,31,0,0,0,0,0,18,12
"273278,3adf10006485a378",24,<50,687,16,18,19,19,16,0,39,0,1,1,13,9,10,8
"273278,3af0b0008890a8c7",4,<50,268,4,4,4,4,3,0,10,0,0,0,0,0,4,4
"273278,3b44e000ccf48076",4,<50,475,3,3,3,3,15,0,28,0,0,0,0,0,4,3
"273278,3b57f0001eac33da",15,<50,569,14,14,14,14,16,0,27,0,0,0,8,8,7,6
"273278,3b6c20006be3df73",21,<50,511,16,18,19,19,17,0,27,0,2,0,14,13,5,5
"273278,3b73a0002b77fa98",5,<50,315,1,1,1,1,4,0,9,0,0,0,0,0,5,1
"273278,3b7ce000a7c98bea",28,<50,423,22,25,25,25,14,0,30,0,10,10,14,14,4,1
"273278,3b8650008ddb46a0",38,<50,656,7,13,14,14,22,0,44,0,0,0,0,0,38,13
"273278,3b9ee00004e09198",7,<50,211,6,6,6,6,6,0,12,0,0,0,3,3,4,3
"273278,3c026000b6752918",20,<50,635,20,20,20,20,22,0,42,0,0,0,13,13,7,7
"273278,3c4490000721c7e9",14,<50,677,11,12,13,13,18,0,40,0,0,0,0,0,14,12
"273278,3c8c20003f12b65a",4,<50,252,4,4,4,4,7,0,12,0,0,0,0,0,4,4
"273278,3d11f000520d78bc",11,<50,393,8,10,10,10,6,0,13,0,0,0,1,1,10,9
"273278,3d225000ab78c888",6,<50,349,6,6,6,6,10,0,13,0,0,0,0,0,6,6
"273278,3ddb800026425e50",13,<50,407,13,13,13,13,17,0,23,0,0,0,8,8,5,5
"273278,3de0500057884f5d",4,<50,148,3,3,3,3,4,0,9,0,0,0,1,0,3,3
"273278,3e197000eb115072",6,<50,360,4,4,4,4,6,0,16,0,0,0,0,0,6,4
"273278,3e6cd000a22424b4",6,<50,224,4,5,5,5,10,0,15,0,0,0,0,0,6,5
"273278,3e6f2000eb862a63",22,<50,726,16,18,19,19,21,0,58,0,2,2,14,10,6,6
"273278,3f68c00034c66a05",5,<50,283,3,3,3,3,4,0,12,0,0,0,0,0,5,3
"273278,3ffee00000e633e6",14,<50,442,7,8,8,8,10,0,21,0,0,0,6,2,8,6
"273278,40118000ba2b35de",9,<50,300,7,7,7,7,9,0,15,0,0,0,0,0,9,7
"273278,4053f00085ecaa3a",19,<50,460,10,12,12,12,6,0,16,0,1,0,9,4,9,8
"273278,40a04000cb4cbc58",6,<50,209,2,3,3,3,8,0,13,0,0,0,0,0,6,3
"273278,40a420007ea37032",7,<50,218,4,5,5,5,9,0,11,0,0,0,2,1,5,4
"273278,40d48000c093e01f",10,<50,289,8,8,8,8,7,0,27,0,0,0,4,3,6,5
"273278,4113900068ebdb96",12,<50,297,9,11,11,11,15,0,22,0,0,0,2,2,10,9
"273278,411cd00081bfb360",18,<50,188,16,17,17,17,6,0,13,0,0,0,18,17,0,0
"273278,41a250009a3bd461",13,<50,318,11,12,12,12,16,0,25,0,0,0,0,0,13,12
"273278,41ba000090737c94",22,<50,308,14,16,16,16,9,0,17,0,0,0,15,10,7,6
"273278,42574000fb61769c",22,<50,464,11,13,14,14,20,0,35,0,0,0,0,0,22,13
"273278,428690002d18ee1a",15,<50,485,12,14,14,14,15,0,24,0,0,0,0,0,15,14
"273278,432aa0005f6e0747",13,<50,426,11,11,11,11,14,0,19,0,0,0,0,0,13,11
"273278,43cc4000c744b4fe",16,<50,347,3,5,5,5,17,0,39,0,0,0,2,1,14,4
"273278,4439200073638d62",12,<50,311,10,10,10,10,16,0,20,0,0,0,0,0,12,10
"273278,44e9d00036f75beb",7,<50,421,6,6,6,6,11,0,13,0,0,0,0,0,7,6
"273278,44fbc00054b6cec1",14,<50,589,10,11,11,11,8,0,20,0,0,0,4,3,10,8
"273278,45798000ab315fa8",8,<50,368,8,8,8,8,8,0,17,0,0,0,2,2,6,6
"273278,45ce2000bcfb4475",14,<50,591,10,12,12,12,11,0,20,0,0,0,0,0,14,12
"273278,46558000ffcc3055",116,100-150,634,59,86,91,91,34,0,68,0,40,20,70,60,6,6
"273278,467b3000830e0efd",10,<50,248,10,10,10,10,10,0,17,0,0,0,4,4,6,6
"273278,46b7900084957890",25,<50,844,16,17,18,18,31,0,46,0,0,0,3,2,22,15
"273278,46be1000b38c3cd9",36,<50,914,25,28,31,32,32,0,61,0,1,0,16,11,19,17
"273278,472f8000d68aff97",3,<50,220,2,3,3,3,7,0,9,0,1,1,1,1,1,1
"273278,489270009aec7286",6,<50,140,6,6,6,6,6,0,7,0,0,0,0,0,6,6
"273278,497640006826045c",3,<50,105,3,3,3,3,2,0,4,0,0,0,0,0,3,3
"273278,49a6a000e0c6409d",54,50-100,957,32,36,36,38,47,0,80,0,0,0,0,0,54,36
"273278,4b1590006729d42a",15,<50,368,11,13,13,13,20,0,39,0,13,11,2,2,0,0
"273278,4b674000e1df96b3",11,<50,465,8,10,11,11,15,0,24,0,0,0,5,5,6,5
"273278,4bcb000d2b76adc",10,<50,509,9,10,10,10,18,0,27,0,0,0,0,0,10,10
"273278,4bd4b00058668065",5,<50,344,5,5,5,5,13,0,25,0,0,0,0,0,5,5
"273278,4bd8c000e0ab6e5a",37,<50,447,33,36,36,36,31,0,46,0,25,24,11,11,1,1
"273278,4c26500080b191c7",28,<50,570,11,17,18,18,22,0,38,0,2,0,24,15,2,2
"273278,4cb5f000b16c93bd",9,<50,313,2,4,4,4,10,0,18,0,0,0,1,1,8,3
"273278,4d225000d1f69c93",11,<50,547,6,8,8,8,13,0,24,0,0,0,0,0,11,8
"273278,4d2e000db775926",14,<50,479,9,10,11,11,15,0,28,0,1,0,4,3,9,7
"273278,4d861000b3a15799",13,<50,573,7,8,8,8,18,0,26,0,1,1,5,4,7,3
"273278,4dd0b00029e51c9d",4,<50,159,4,4,4,4,4,0,5,0,0,0,0,0,4,4
"273278,4dd6b0002ca212cc",3,<50,61,2,2,2,2,4,0,6,0,0,0,0,0,3,2
"273278,4e1ae0009b33eb15",34,<50,479,26,27,29,29,28,0,37,0,5,3,29,24,0,0
"273278,4e2330006aaf3baa",3,<50,222,3,3,3,3,4,0,9,0,0,0,0,0,3,3
"273278,4f2d80007164d216",20,<50,780,12,14,14,15,19,0,33,0,1,0,14,11,5,3
"273278,4f803000c0caa9a8",26,<50,735,21,23,24,24,24,0,36,0,0,0,15,12,11,11
"273278,4fc7a00004888f8e",26,<50,591,20,21,21,21,21,0,37,0,0,0,0,0,26,21
"273278,4fd010003c543ea2",49,<50,734,16,21,25,28,19,0,41,0,1,0,24,9,24,12
"273278,506c70008c26627e",45,<50,757,27,34,35,38,32,0,50,0,0,0,1,1,44,33
"273278,508ac0007af61d33",6,<50,209,1,1,1,1,5,0,11,0,4,1,2,0,0,0
"273278,508fe0005801a9fe",3,<50,313,2,3,3,3,4,0,10,0,0,0,0,0,3,3
"273278,50a4a0001d0f2ef9",27,<50,597,10,14,14,14,24,0,37,0,0,0,5,3,22,11
"273278,50c1300032089686",121,100-150,644,60,86,93,93,32,0,51,0,39,14,80,70,2,2
"273278,5120700051987e5f",8,<50,338,7,7,7,7,10,0,19,0,0,0,1,1,7,6
"273278,513250005178c3e6",36,<50,508,36,36,36,36,31,0,48,0,9,9,24,24,3,3
"273278,5144f000d4b5b40b",72,50-100,924,39,53,59,64,34,0,69,0,0,0,23,9,49,44
"273278,51db6000a88ddaf1",31,<50,482,23,24,24,24,24,0,28,0,0,0,19,16,12,8
"273278,51ef0000d9c1afe0",20,<50,766,17,18,20,20,17,0,25,0,1,1,18,16,1,1
"273278,52607000da011375",13,<50,685,10,10,10,10,16,0,31,0,0,0,0,0,13,10
"273278,52a2700031ceb07c",26,<50,526,19,21,22,22,20,0,36,0,0,0,24,20,2,1
"273278,52aa50006f8b81ed",15,<50,297,9,10,10,10,15,0,27,0,1,1,7,4,7,5
"273278,52bd8000ce90a196",22,<50,615,19,20,20,20,24,0,36,0,14,12,8,8,0,0
"273278,52c31000230f38fd",48,<50,430,20,22,22,22,27,0,38,0,0,0,24,5,24,17
"273278,53766000634abead",8,<50,369,8,8,8,8,10,0,17,0,0,0,0,0,8,8
"273278,53a90001952f794",13,<50,276,9,9,9,9,12,0,18,0,2,1,0,0,11,8
"273278,5411700027c1420c",10,<50,306,8,8,8,8,10,0,16,0,0,0,6,5,4,3
"273278,54546000c324c0d7",12,<50,344,10,10,10,10,14,0,24,0,1,1,6,4,5,5
"273278,552300025c9de15",5,<50,286,5,5,5,5,8,0,12,0,0,0,5,5,0,0
"273278,55d8300021e00976",8,<50,258,6,6,6,6,13,0,20,0,0,0,2,1,6,5
"273278,56af300038b9c8f1",13,<50,579,10,11,11,11,15,0,23,0,0,0,0,0,13,11
"273278,577f700059ed0ef8",9,<50,291,7,8,8,8,8,0,11,0,0,0,1,1,8,7
"273278,580c7000a2f0c282",16,<50,465,13,13,13,13,18,0,35,0,0,0,11,8,5,5
"273278,5818100078cec4da",21,<50,495,16,18,18,18,22,0,39,0,0,0,15,12,6,6
"273278,59bd60007795ecc6",18,<50,523,16,17,17,17,17,0,30,0,0,0,14,13,4,4
"273278,5a2970004bf962dc",15,<50,506,12,13,13,13,25,0,33,0,0,0,0,0,15,13
"273278,5a4b90009e4d4bee",14,<50,436,10,10,10,10,12,0,15,0,0,0,13,10,1,0
"273278,5a8040006dce62e4",43,<50,465,23,27,30,30,16,0,31,0,7,3,35,23,1,1
"273278,5b36300090587413",5,<50,268,4,5,5,5,10,0,17,0,0,0,1,1,4,4
"273278,5c08500008908319",13,<50,669,11,11,11,12,25,0,42,0,0,0,3,3,10,8
"273278,5cd95000cf6974f4",9,<50,581,7,8,8,8,20,0,36,0,0,0,3,2,6,6
"273278,5d2a9000d804f502",19,<50,354,18,18,18,18,20,0,32,0,0,0,1,1,18,17
"273278,5d545000766d41d1",4,<50,217,4,4,4,4,5,0,12,0,0,0,0,0,4,4
"273278,5dbcf000a69a9bb8",24,<50,617,21,22,24,24,32,0,52,0,0,0,3,3,21,19
"273278,5e8d100075dd6c01",13,<50,436,7,9,10,10,18,0,31,0,0,0,0,0,13,9
"273278,5eb3c000973fe654",7,<50,261,6,6,6,6,11,0,16,0,0,0,3,3,4,3
"273278,5f061000d6a93d00",8,<50,133,1,1,1,1,5,0,9,0,0,0,0,0,8,1
"273278,5f110003de7f037",9,<50,462,9,9,9,9,13,0,23,0,0,0,4,4,5,5
"273278,5f5340004ed16a8b",14,<50,326,8,9,10,10,11,0,25,0,6,3,7,5,1,1
"273278,5fda600021422b49",16,<50,742,14,16,16,16,22,0,34,0,0,0,0,0,16,16
"273278,600850002bd156e6",14,<50,488,10,11,11,11,17,0,27,0,0,0,5,4,9,7
"273278,600e5000db6370fb",4,<50,193,4,4,4,4,7,0,8,0,0,0,0,0,4,4
"273278,6022a0005c2cda63",14,<50,479,8,9,11,11,20,0,33,0,0,0,0,0,14,9
"273278,60a40000c5b1a3c4",3,<50,196,3,3,3,3,5,0,8,0,0,0,0,0,3,3
"273278,60d21000be7370e5",13,<50,612,12,13,13,13,28,0,47,0,5,5,4,4,4,4
"273278,60dc500044840b6c",14,<50,197,1,2,2,2,14,0,22,0,0,0,2,0,12,2
"273278,60f740000203cd0a",3,<50,123,3,3,3,3,4,0,4,0,0,0,0,0,3,3
"273278,615650002eb4ef52",10,<50,350,8,8,8,8,8,0,12,0,0,0,0,0,10,8
"273278,615bd000b711dc04",39,<50,860,16,19,23,25,30,0,48,0,0,0,0,0,39,19
"273278,61d7000d08c728a",8,<50,246,7,8,8,8,7,0,7,0,0,0,6,6,2,2
"273278,62b67000601b025d",21,<50,840,16,18,20,20,23,0,52,0,0,0,0,0,21,18
"273278,6398f000dc4fa731",21,<50,704,13,14,16,17,19,0,45,0,0,0,3,1,18,13
"273278,64084000e0d95490",5,<50,303,4,4,4,4,7,0,12,0,0,0,0,0,5,4
"273278,645c5000d0bd7fe0",9,<50,98,8,8,8,8,8,0,10,0,3,3,6,5,0,0
"273278,64dfc0004a7185f9",22,<50,503,11,11,11,11,28,0,46,0,0,0,3,2,19,9
"273278,652a2000f7717c5a",94,50-100,951,43,57,66,69,38,0,72,0,14,4,74,52,6,1
"273278,6604f0003881cd04",5,<50,207,4,5,5,5,4,0,5,0,0,0,0,0,5,5
"273278,662f4000f7a15ff6",20,<50,584,11,15,16,16,18,0,28,0,0,0,4,1,16,14
"273278,6836400002d81ad4",15,<50,367,13,13,13,13,22,0,28,0,0,0,9,7,6,6
"273278,689a0006b653086",4,<50,213,4,4,4,4,3,0,11,0,0,0,0,0,4,4
"273278,689d90002a9c4f57",16,<50,781,9,14,14,15,12,0,36,0,0,0,0,0,16,14
"273278,68b6900024d68724",12,<50,397,8,8,8,8,13,0,18,0,0,0,1,0,11,8
"273278,68bde0004ec2aacd",33,<50,745,23,24,25,26,23,0,47,0,0,0,5,4,28,20
"273278,6adc100036754b2c",16,<50,326,12,14,14,14,9,0,14,0,0,0,11,9,5,5
"273278,6ae8d000c02d71b1",19,<50,867,16,16,16,16,25,0,55,0,2,2,13,10,4,4
"273278,6aedd000c951069d",11,<50,510,7,7,9,9,12,0,24,0,0,0,0,0,11,7
"273278,6bea50003aa3a604",23,<50,667,22,23,23,23,27,0,54,0,0,0,0,0,23,23
"273278,6c345000198783d3",7,<50,269,7,7,7,7,11,0,24,0,0,0,6,6,1,1
"273278,6c3990006bea9acc",12,<50,562,10,11,11,11,20,0,30,0,0,0,8,7,4,4
"273278,6c3e9000bf20ddea",8,<50,422,8,8,8,8,12,0,19,0,0,0,2,2,6,6
"273278,6c48200020a96699",4,<50,202,3,3,3,3,6,0,9,0,0,0,0,0,4,3
"273278,6c87e0005a8de76e",18,<50,640,12,12,14,14,14,0,27,0,0,0,4,2,14,10
"273278,6cbf6000c7def4d3",13,<50,36,0,0,0,0,0,0,1,0,0,0,0,0,13,0
"273278,6d362000d9b9e7eb",4,<50,344,4,4,4,4,5,0,11,0,0,0,0,0,4,4
"273278,6d42000076754cd7",52,50-100,469,37,40,42,42,29,0,36,0,1,1,51,39,0,0
"273278,6d7d70005f8921d6",35,<50,832,31,32,33,34,30,0,52,0,0,0,7,6,28,26
"273278,6d8bb0001ed10bd2",12,<50,768,11,11,11,11,16,0,28,0,0,0,2,2,10,9
"273278,6dabe000d26fb014",11,<50,399,7,10,10,10,15,0,29,0,2,1,3,3,6,6
"273278,6dc26000798cb952",27,<50,588,8,12,12,12,19,0,40,0,0,0,1,0,26,12
"273278,6df26000ecc6687a",61,50-100,853,23,32,36,39,23,0,41,0,7,3,29,11,25,18
"273278,6df560004d17eee1",9,<50,344,9,9,9,9,13,0,27,0,0,0,0,0,9,9
"273278,6e01600042b220ab",6,<50,300,6,6,6,6,10,0,15,0,0,0,0,0,6,6
"273278,6e95e000e0c1c1e5",30,<50,689,24,24,24,24,28,0,34,0,15,14,15,10,0,0
"273278,6eaed000c0ccb1e5",14,<50,965,7,9,10,11,13,0,29,0,0,0,2,2,12,7
"273278,6ec5b000c6054cc3",22,<50,452,16,18,19,19,20,0,35,0,0,0,17,15,5,3
"273278,6ef630000566977f",47,<50,456,13,17,17,17,11,0,29,0,0,0,29,2,18,15
"273278,6f06c0000076e0d4",9,<50,399,8,9,9,9,11,0,16,0,0,0,0,0,9,9
"273278,6f37200085dcc96a",35,<50,491,26,27,27,27,25,0,39,0,0,0,35,27,0,0
"273278,6f8ea000b82d28b6",5,<50,244,3,3,3,3,8,0,10,0,0,0,0,0,5,3
"273278,6fab20006e0ce5b5",14,<50,456,10,11,13,13,18,0,32,0,1,0,2,2,11,9
"273278,6fb5c000795968a3",8,<50,205,5,5,5,5,7,0,12,0,0,0,0,0,8,5
"273278,706da0009a3d1fbf",26,<50,642,14,18,19,19,23,0,38,0,0,0,17,9,9,9
"273278,708bb000d08e14da",9,<50,333,8,8,8,8,17,0,30,0,2,1,4,4,3,3
"273278,70a5b0007288be5a",11,<50,422,10,11,11,11,14,0,17,0,0,0,0,0,11,11
"273278,70e24000c22b6651",34,<50,903,11,19,25,29,45,0,83,0,1,0,2,1,31,18
"273278,7143700064e582b7",8,<50,384,6,6,6,6,9,0,12,0,0,0,2,1,6,5
"273278,7270f00060bda17a",11,<50,554,6,8,9,9,23,0,40,0,0,0,2,0,9,8
"273278,7278b000ffb9e5b4",20,<50,264,3,3,3,3,5,0,11,0,0,0,20,3,0,0
"273278,733680009e6c5c00",36,<50,622,20,24,26,26,24,0,44,0,4,3,21,14,11,7
"273278,7345f0005c6d37f1",137,100-150,692,51,69,84,84,26,0,57,0,0,0,45,7,92,62
"273278,747fd000e86caeb1",50,50-100,202,9,9,9,9,7,0,13,0,3,0,47,9,0,0
"273278,7490400063714943",36,<50,726,15,17,20,21,28,0,53,0,2,2,27,10,7,5
"273278,7493a000bcefa9a7",22,<50,954,11,16,18,21,38,0,74,0,0,0,0,0,22,16
"273278,7544d0001b8a3e9e",41,<50,785,24,29,30,31,22,0,36,0,9,3,32,26,0,0
"273278,756c000068cc9f6b",12,<50,597,9,9,10,10,13,0,24,0,1,0,9,7,2,2
"273278,75b8300024427eef",26,<50,943,8,11,13,16,39,0,67,0,0,0,13,4,13,7
"273278,75d05000c30a19ec",40,<50,970,12,18,20,22,47,0,77,0,0,0,32,14,8,4
"273278,75d24000e6f10189",7,<50,303,5,5,5,5,7,0,14,0,0,0,3,1,4,4
"273278,75d61000971289a7",15,<50,612,10,12,13,13,16,0,29,0,0,0,0,0,15,12
"273278,763c70006f5ae39c",19,<50,579,14,16,17,17,25,0,35,0,0,0,11,9,8,7
"273278,763eb000261ea638",23,<50,735,14,16,16,16,23,0,42,0,0,0,0,0,23,16
"273278,7675f00051cd410d",104,100-150,805,49,66,71,71,21,0,48,0,47,25,57,41,0,0
"273278,7678e000035ca8c0",23,<50,463,13,17,17,17,14,0,25,0,4,3,14,11,5,3
"273278,76802000732a3dff",9,<50,555,6,7,7,7,6,0,9,0,0,0,7,5,2,2
"273278,768a0000726ec8c2",15,<50,508,5,7,7,7,16,0,27,0,0,0,0,0,15,7
"273278,76d0e000dba39eae",35,<50,857,22,29,30,31,22,0,50,0,6,5,28,23,1,1
"273278,76fef00087226994",31,<50,764,14,22,26,26,41,0,73,0,0,0,0,0,31,22
"273278,778a9000c04b2471",27,<50,391,12,13,13,13,14,0,22,0,0,0,18,4,9,9
"273278,778f0000f531216b",15,<50,576,10,13,14,14,15,0,28,0,0,0,0,0,15,13
"273278,7798a000c4b9156b",16,<50,786,9,11,11,12,19,0,28,0,0,0,0,0,16,11
"273278,77acc00068de57d0",39,<50,749,11,16,19,19,33,0,67,0,0,0,1,0,38,16
"273278,77c4000001caff07",11,<50,657,6,6,6,6,20,0,41,0,0,0,0,0,11,6
"273278,77dd20008df92cd6",36,<50,895,20,23,25,26,21,0,41,0,0,0,0,0,36,23
"273278,7823e000b453d977",8,<50,857,7,7,7,7,14,0,22,0,0,0,0,0,8,7
"273278,7860c000343201ad",30,<50,912,17,20,20,21,30,0,54,0,0,0,13,11,17,9
"273278,78ea4000f5bb98cd",6,<50,138,6,6,6,6,6,0,10,0,0,0,0,0,6,6
"273278,79147000c45f27f0",16,<50,397,12,13,14,14,18,0,25,0,0,0,1,0,15,13
"273278,79193000d6786f2d",5,<50,271,4,4,4,4,11,0,18,0,0,0,0,0,5,4
"273278,791ef000c93dea70",20,<50,410,16,19,19,19,26,0,35,0,0,0,0,0,20,19
"273278,795bf0005e8e595b",16,<50,302,13,13,13,13,21,0,35,0,7,4,9,9,0,0
"273278,79dbc000677c0ce4",3,<50,243,3,3,3,3,7,0,13,0,0,0,0,0,3,3
"273278,7a1790003723a0ec",10,<50,617,8,10,10,10,19,0,39,0,0,0,0,0,10,10
"273278,7a38c000efe417c5",13,<50,308,7,9,9,9,16,0,26,0,0,0,0,0,13,9
"273278,7a5a80003b68524a",46,<50,288,10,21,21,21,18,0,33,0,0,0,0,0,46,21
"273278,7a5fb000e8ddf7b4",5,<50,211,5,5,5,5,5,0,6,0,0,0,0,0,5,5
"273278,7a6b7000b6637ef9",21,<50,436,16,16,17,17,21,0,28,0,0,0,7,5,14,11
"273278,7a8c4000e0ead23d",10,<50,288,9,10,10,10,17,0,27,0,2,2,2,2,6,6
"273278,7a95c00016e871cb",22,<50,391,17,18,18,18,21,0,28,0,0,0,10,6,12,12
"273278,7a99700062b4146b",6,<50,60,6,6,6,6,6,0,8,0,0,0,0,0,6,6
"273278,7a9b700013e6c33b",20,<50,372,9,12,12,12,12,0,22,0,2,1,7,4,11,7
"273278,7b25d000a4ae451f",3,<50,88,0,0,0,0,5,0,10,0,0,0,0,0,3,0
"273278,7b2cd000b8fe2f2e",10,<50,93,10,10,10,10,9,0,12,0,0,0,2,2,8,8
"273278,7bb74000cef7e45f",18,<50,345,10,13,13,13,21,0,29,0,0,0,0,0,18,13
"273278,7be2b000cf2a4cf3",16,<50,491,14,14,14,14,25,0,35,0,0,0,0,0,16,14
"273278,7bfab0007f95abd4",50,50-100,507,34,39,40,40,30,0,42,0,0,0,29,25,21,14
"273278,7ca92000523a3ee5",20,<50,272,13,14,14,14,10,0,14,0,0,0,0,0,20,14
"273278,7d9270007f3fbdd9",21,<50,227,18,18,18,18,18,0,21,0,0,0,8,6,13,12
"273278,7d9780008293c652",7,<50,197,4,4,4,4,9,0,21,0,1,1,5,2,1,1
"273278,7da860008b6587eb",19,<50,279,15,15,15,15,15,0,23,0,0,0,5,4,14,11
"273278,7dae1000197ad8d5",6,<50,254,6,6,6,6,13,0,25,0,0,0,0,0,6,6
"273278,7db2a000d26c1531",17,<50,649,12,13,14,14,16,0,28,0,0,0,0,0,17,13
"273278,7ee2b0001b548670",11,<50,160,10,10,10,10,10,0,11,0,0,0,2,1,9,9
"273278,7f91f000947aa38a",8,<50,180,4,4,4,4,8,0,14,0,0,0,0,0,8,4
"273278,7facf0000300c67d",8,<50,257,8,8,8,8,9,0,11,0,0,0,2,2,6,6
"273278,7ffb5000c6bb4709",18,<50,242,15,17,17,17,20,0,24,0,0,0,0,0,18,17
"273278,80075000efdd52e7",28,<50,305,15,20,20,20,20,0,38,0,1,1,15,8,12,11
"273278,801e5000f699f6fb",25,<50,502,8,10,11,11,25,0,37,0,0,0,0,0,25,10
"273278,8026f000e8817b90",36,<50,534,10,17,18,18,17,0,38,0,0,0,3,2,33,15
"273278,80901000e0fd3ad3",6,<50,113,6,6,6,6,6,0,6,0,0,0,0,0,6,6
"273278,80a2100012bd0ffa",10,<50,440,7,7,7,7,10,0,19,0,0,0,0,0,10,7
"273278,80c8e0009e5fa297",14,<50,205,5,5,5,5,16,0,18,0,0,0,0,0,14,5
"273278,80e8600038f699f9",8,<50,700,5,6,7,7,16,0,25,0,0,0,0,0,8,6
"273278,80f7b00057c6031b",13,<50,152,3,4,4,4,7,0,12,0,0,0,0,0,13,4
"273278,815e1000c4db1500",12,<50,194,9,9,9,9,10,0,14,0,0,0,0,0,12,9
"273278,819d50002f143246",14,<50,509,11,11,12,12,14,0,26,0,0,0,0,0,14,11
"273278,8279d000fed49d8a",22,<50,405,16,19,19,19,25,0,40,0,0,0,0,0,22,19
"273278,827f6000077d63d0",17,<50,356,12,15,15,15,29,0,44,0,2,2,0,0,15,13
"273278,82ab900051c0fe97",22,<50,989,9,13,14,14,31,0,66,0,0,0,0,0,22,13
"273278,82b3a0008c82e1f7",35,<50,430,8,10,12,12,16,0,23,0,0,0,0,0,35,10
"273278,831dd000a9bf8fe5",17,<50,379,11,14,14,14,21,0,25,0,0,0,0,0,17,14
"273278,83ed60000da145a4",12,<50,351,12,12,12,12,12,0,16,0,0,0,0,0,12,12
"273278,842140006a496abf",17,<50,306,12,13,13,13,18,0,21,0,0,0,0,0,17,13
"273278,8450b000c9f57c3b",21,<50,329,20,21,21,21,18,0,27,0,0,0,0,0,21,21
"273278,8465d0008914ac03",5,<50,97,5,5,5,5,10,0,13,0,0,0,0,0,5,5
"273278,8488b000ddca07d6",85,50-100,293,17,22,22,22,17,0,32,0,26,3,43,8,16,11
"273278,84a8100028b73393",29,<50,468,11,16,17,17,29,0,40,0,1,0,0,0,28,16
"273278,85154000ffe252fc",5,<50,200,0,0,0,0,5,0,10,0,0,0,0,0,5,0
"273278,851b9000cc09883c",19,<50,257,13,15,15,15,12,0,17,0,0,0,4,2,15,13
"273278,851fb000f27b72e3",3,<50,36,1,1,1,1,4,0,5,0,0,0,1,1,2,0
"273278,8541700054809a70",8,<50,278,8,8,8,8,9,0,14,0,0,0,2,2,6,6
"273278,865880007e2ab3bd",8,<50,476,6,7,7,7,22,0,32,0,0,0,0,0,8,7
"273278,875020008bd1c463",32,<50,610,19,24,27,27,21,0,32,0,0,0,9,5,23,19
"273278,8771f00057a9c4cb",75,50-100,794,26,47,51,53,39,0,76,0,0,0,13,7,62,40
"273278,8838100005b0cc95",26,<50,494,21,23,24,24,31,0,47,0,0,0,17,15,9,8
"273278,883ae000269c944d",5,<50,69,5,5,5,5,7,0,7,0,0,0,0,0,5,5
"273278,88cf00002c7d6d26",10,<50,109,0,0,0,0,10,0,11,0,0,0,0,0,10,0
"273278,88fee00041315d3c",63,50-100,635,32,43,46,46,23,0,47,0,0,0,33,20,30,23
"273278,8908e0006d2c7ed7",28,<50,641,15,20,22,22,11,0,27,0,0,0,10,6,18,14
"273278,890b4000ea541843",3,<50,84,0,0,0,0,6,0,9,0,0,0,0,0,3,0
"273278,89103000e939c0b2",16,<50,335,5,6,7,7,21,0,31,0,0,0,0,0,16,6
"273278,895510007753ab1d",3,<50,73,3,3,3,3,8,0,10,0,0,0,0,0,3,3
"273278,89822000fb7c04d6",8,<50,121,2,2,2,2,8,0,11,0,0,0,0,0,8,2
"273278,89b6e00084654a41",7,<50,111,7,7,7,7,9,0,12,0,0,0,0,0,7,7
"273278,89b9400061977f26",25,<50,513,18,20,21,21,23,0,42,0,0,0,11,8,14,12
"273278,89ccc0008e116611",19,<50,160,15,15,15,15,19,0,24,0,0,0,0,0,19,15
"273278,89da000049f8079a",71,50-100,267,27,36,36,36,27,0,49,0,0,0,18,17,53,19
"273278,8afc2000a8b55f16",52,50-100,561,28,31,37,37,31,0,43,0,0,0,5,1,47,30
"273278,8b272000a4d370d4",7,<50,170,6,7,7,7,8,0,10,0,0,0,2,2,5,5
"273278,8b3ca000d5cbdfe6",13,<50,109,12,12,12,12,12,0,12,0,0,0,7,6,6,6
"273278,8b5440005cd9d9eb",13,<50,153,12,12,12,12,10,0,12,0,0,0,0,0,13,12
"273278,8b5d7000e5b6de53",7,<50,95,6,6,6,6,8,0,9,0,0,0,0,0,7,6
"273278,8b913000b873f159",32,<50,413,23,27,28,28,29,0,44,0,0,0,2,2,30,25
"273278,8c03800002e24151",16,<50,212,15,15,15,15,16,0,28,0,0,0,0,0,16,15
"273278,8c14b0002952d137",82,50-100,562,40,51,53,53,14,0,43,0,0,0,35,17,47,34
"273278,8d0c3000aec13132",5,<50,77,5,5,5,5,5,0,5,0,0,0,0,0,5,5
"273278,8d88600063a4a8c0",7,<50,178,5,5,5,5,6,0,8,0,0,0,0,0,7,5
"273278,8d9a500031ab34f8",34,<50,349,15,18,18,18,21,0,36,0,0,0,12,8,22,10
"273278,8dd630001681be1a",49,<50,675,28,36,41,41,25,0,50,0,0,0,14,8,35,28
"273278,8dd970004e4826a8",5,<50,42,5,5,5,5,4,0,4,0,0,0,0,0,5,5
"273278,8e1bb00072e59db3",8,<50,53,6,6,6,6,8,0,8,0,0,0,0,0,8,6
"273278,8e2c50000440fe16",8,<50,179,6,6,6,6,7,0,9,0,0,0,1,1,7,5
"273278,8e3050004a05c722",14,<50,241,14,14,14,14,15,0,24,0,0,0,0,0,14,14
"273278,8e3e000022a60441",12,<50,205,5,7,7,7,9,0,15,0,0,0,1,0,11,7
"273278,8e8990001e09b945",5,<50,45,4,4,4,4,5,0,7,0,0,0,0,0,5,4
"273278,8e8c20001a569c41",6,<50,180,6,6,6,6,7,0,12,0,0,0,0,0,6,6
"273278,8eb2e0008420e3f4",37,<50,22,0,0,0,0,0,0,0,0,0,0,2,0,35,0
"273278,8ed9700051cae75e",31,<50,334,30,30,30,30,32,0,42,0,0,0,2,1,29,29
"273278,8fcab000132a459d",5,<50,49,5,5,5,5,5,0,6,0,0,0,2,2,3,3
"273278,8fcd70002c883fd6",18,<50,681,16,17,18,18,15,0,26,0,0,0,14,14,4,3
"273278,8fecc0005e255b11",20,<50,245,17,17,17,17,19,0,23,0,0,0,0,0,20,17
"273278,9014800010eaae72",10,<50,94,9,9,9,9,11,0,13,0,0,0,0,0,10,9
"273278,903070004cb431f6",6,<50,97,6,6,6,6,7,0,8,0,0,0,0,0,6,6
"273278,9039e0008d0b301d",27,<50,419,21,23,24,24,25,0,38,0,0,0,0,0,27,23
"273278,907660005ca68fea",12,<50,184,7,7,7,7,14,0,20,0,0,0,0,0,12,7
"273278,90ab9000b39c55a9",19,<50,339,13,14,14,14,16,0,21,0,0,0,12,8,7,6
"273278,90f4f00059ec0807",17,<50,301,13,14,14,14,19,0,25,0,0,0,1,0,16,14
"273278,916e5000935058bf",30,<50,394,22,24,25,25,28,0,38,0,1,1,10,6,19,17
"273278,91746000c98edcd3",7,<50,208,7,7,7,7,7,0,11,0,0,0,0,0,7,7
"273278,919c600032e5099a",13,<50,350,9,11,11,11,17,0,25,0,0,0,0,0,13,11
"273278,91a120003aab3f7f",11,<50,232,8,8,8,8,9,0,10,0,0,0,2,1,9,7
"273278,91c940009119a9dd",35,<50,369,17,21,21,21,36,0,48,0,0,0,0,0,35,21
"273278,91e54000705e814f",7,<50,50,6,6,6,6,5,0,5,0,1,1,6,5,0,0
"273278,91e740009e5dc0ad",11,<50,213,11,11,11,11,13,0,25,0,0,0,0,0,11,11
"273278,9211600070387e65",10,<50,406,9,10,10,10,8,0,17,0,0,0,0,0,10,10
"273278,92256000832bf0d4",8,<50,319,8,8,8,8,10,0,14,0,0,0,2,2,6,6
"273278,92516000e3438af4",7,<50,209,7,7,7,7,9,0,12,0,2,2,0,0,5,5
"273278,932610005abac48b",6,<50,82,5,5,5,5,3,0,7,0,0,0,0,0,6,5
"273278,93280000c5661586",29,<50,551,11,12,14,14,21,0,38,0,0,0,2,2,27,10
"273278,9367000077b7ded1",9,<50,134,8,8,8,8,10,0,11,0,0,0,0,0,9,8
"273278,93bbc0007dc0400f",5,<50,169,4,4,4,4,7,0,8,0,0,0,0,0,5,4
"273278,94077000dffffe0e",9,<50,613,6,6,7,7,9,0,19,0,0,0,0,0,9,6
"273278,94094000bbc83b69",11,<50,590,9,10,10,10,16,0,33,0,0,0,7,6,4,4
"273278,943600077d52907",3,<50,144,3,3,3,3,3,0,7,0,0,0,0,0,3,3
"273278,9452f0002c0ab515",27,<50,587,21,23,25,25,18,0,25,0,0,0,5,4,22,19
"273278,94ff20002bd8a064",13,<50,275,13,13,13,13,14,0,23,0,0,0,0,0,13,13
"273278,9506300083619442",25,<50,402,13,17,17,17,23,0,30,0,0,0,1,0,24,17
"273278,950bd000bd978aa0",25,<50,495,19,23,24,24,15,0,25,0,0,0,3,2,22,21
"273278,953f6000732b79cd",7,<50,412,4,5,5,5,9,0,17,0,0,0,0,0,7,5
"273278,95e4c0008288dd99",24,<50,496,19,21,21,21,17,0,35,0,0,0,11,9,13,12
"273278,95ea000037b70658",14,<50,875,11,14,14,14,20,0,43,0,0,0,0,0,14,14
"273278,960590005cc65afe",33,<50,821,25,28,29,30,19,0,34,0,0,0,5,3,28,25
"273278,96227000a594a813",8,<50,319,5,5,5,5,8,0,16,0,0,0,0,0,8,5
"273278,962ba000bb9c0d0d",5,<50,275,4,4,4,4,7,0,11,0,0,0,0,0,5,4
"273278,962d6000530309bc",24,<50,466,16,18,18,18,23,0,45,0,1,0,6,6,17,12
"273278,9664c000958fe18d",20,<50,355,16,16,17,17,13,0,21,0,8,5,8,7,4,4
"273278,966dd000c3e695ba",13,<50,331,12,12,12,12,15,0,23,0,0,0,0,0,13,12
"273278,969c90000a955e10",6,<50,89,4,4,4,4,6,0,6,0,0,0,0,0,6,4
"273278,97365000397dd842",8,<50,506,7,7,7,7,7,0,10,0,0,0,0,0,8,7
"273278,973b4000b7ff686f",8,<50,379,7,8,8,8,14,0,19,0,0,0,0,0,8,8
"273278,976290009f53be3d",8,<50,316,8,8,8,8,13,0,15,0,0,0,0,0,8,8
"273278,9771d0001e183c63",20,<50,655,15,17,17,17,27,0,42,0,0,0,2,1,18,16
"273278,9799b000380bd046",10,<50,347,10,10,10,10,8,0,12,0,2,2,6,6,2,2
"273278,979fb000922ac7dd",7,<50,272,6,7,7,7,7,0,16,0,0,0,1,1,6,6
"273278,97ac6000f96dad42",12,<50,485,9,10,11,11,12,0,19,0,0,0,7,5,5,5
"273278,97bec00011130e10",10,<50,346,7,7,7,7,12,0,20,0,0,0,0,0,10,7
"273278,97d04000dd59d80d",11,<50,385,10,11,11,11,16,0,22,0,0,0,1,1,10,10
"273278,97f73000bd6096f4",3,<50,173,0,0,0,0,6,0,10,0,0,0,0,0,3,0
"273278,97f94000540dc780",5,<50,196,5,5,5,5,8,0,17,0,0,0,0,0,5,5
"273278,981f3000abef2b3f",5,<50,204,5,5,5,5,4,0,5,0,0,0,0,0,5,5
"273278,9864f0007c981771",13,<50,606,12,12,13,13,18,0,27,0,0,0,7,6,6,6
"273278,98ffe000fe699795",18,<50,345,15,17,17,17,13,0,18,0,0,0,1,1,17,16
"273278,9936900049845575",4,<50,140,3,3,3,3,5,0,7,0,0,0,0,0,4,3
"273278,99448000f6079e34",8,<50,308,8,8,8,8,15,0,20,0,0,0,0,0,8,8
"273278,9946d000fc9c5294",5,<50,173,5,5,5,5,8,0,10,0,0,0,0,0,5,5
"273278,994fc0008ae9b0b4",21,<50,650,14,17,17,17,27,0,43,0,15,11,3,3,3,3
"273278,99633000093b37a8",6,<50,183,5,6,6,6,4,0,9,0,0,0,0,0,6,6
"273278,999b900050e0def7",39,<50,749,25,31,33,34,39,0,65,0,0,0,20,14,19,17
"273278,99b270000a18db97",5,<50,233,4,4,4,4,6,0,6,0,0,0,0,0,5,4
"273278,9a88f00033bdaa76",8,<50,246,8,8,8,8,10,0,13,0,0,0,1,1,7,7
"273278,9aeac000db940ece",45,<50,332,7,13,13,13,30,0,41,0,0,0,0,0,45,13
"273278,9aff500010018d72",46,<50,353,17,23,23,23,14,0,21,0,0,0,40,18,6,5
"273278,9b4ad000ee5c29d9",12,<50,284,10,10,10,10,13,0,17,0,0,0,0,0,12,10
"273278,9b7fb000bc2fd66e",6,<50,261,6,6,6,6,8,0,14,0,0,0,0,0,6,6
"273278,9c17c0000d918933",7,<50,326,7,7,7,7,11,0,20,0,0,0,0,0,7,7
"273278,9c6d600064079aee",12,<50,669,11,11,11,11,15,0,27,0,0,0,0,0,12,11
"273278,9ce7e000f91c94c2",14,<50,490,10,12,12,12,18,0,22,0,0,0,0,0,14,12
"273278,9d640000d46c385e",23,<50,478,15,17,19,19,13,0,27,0,5,2,18,15,0,0
"273278,9d696000b96a9058",14,<50,390,10,10,10,10,16,0,25,0,0,0,3,2,11,8
"273278,9d71500046a95329",10,<50,370,6,7,7,7,11,0,19,0,0,0,0,0,10,7
"273278,9e0bf0008991d62d",27,<50,813,18,22,23,23,29,0,54,0,0,0,15,11,12,11
"273278,9e154000bb862575",8,<50,300,7,8,8,8,17,0,19,0,0,0,0,0,8,8
"273278,9e18d000be768cfa",33,<50,598,25,28,28,28,21,0,40,0,0,0,21,17,12,11
"273278,9e2ca00033398457",4,<50,298,4,4,4,4,5,0,10,0,0,0,0,0,4,4
"273278,a0c9b000f25a3b7e",8,<50,160,6,6,6,6,10,0,13,0,0,0,2,1,6,5
"273278,a0cb6000983af2fa",40,<50,366,12,19,23,23,28,0,45,0,0,0,0,0,40,19
"273278,a0e1d000f6c922a6",10,<50,144,7,7,7,7,10,0,10,0,0,0,0,0,10,7
"273278,a16b50000ad4b661",52,50-100,310,8,12,12,12,14,0,26,0,0,0,11,2,41,10
"273278,a29510002199586f",14,<50,413,12,12,13,13,13,0,15,0,0,0,2,2,12,10
"273278,a2d72000c87ece5f",12,<50,339,12,12,12,12,14,0,18,0,0,0,0,0,12,12
"273278,a2e6f000f0427231",9,<50,519,4,5,5,5,11,0,21,0,0,0,0,0,9,5
"273278,a2eb000a2e93bd3",49,<50,698,9,17,24,24,20,0,36,0,0,0,33,12,16,5
"273278,a2ef9000c1eac00a",38,<50,625,20,22,27,27,41,0,55,0,0,0,0,0,38,22
"273278,a38af00089077a54",6,<50,259,1,1,1,1,4,0,12,0,0,0,0,0,6,1
"273278,a39f600007429933",12,<50,602,5,5,5,5,16,0,27,0,0,0,5,2,7,3
"273278,a3c18000d2e450c3",15,<50,380,13,13,13,13,13,0,21,0,0,0,8,6,7,7
"273278,a3ce10006b6252e4",8,<50,368,6,7,7,7,9,0,13,0,0,0,0,0,8,7
"273278,a3d8400036719c3a",19,<50,227,17,17,17,17,20,0,28,0,0,0,0,0,19,17
"273278,a3db700021be7aa9",22,<50,442,15,18,18,18,25,0,27,0,0,0,0,0,22,18
"273278,a3f4d000251fae92",9,<50,189,8,8,8,8,10,0,19,0,0,0,0,0,9,8
"273278,a67b3000f9099417",19,<50,384,3,3,3,3,24,0,32,0,0,0,0,0,19,3
"273278,a6b4400078580e3a",32,<50,436,21,25,25,25,29,0,41,0,0,0,0,0,32,25
"273278,a75b700005057b73",25,<50,418,16,20,20,20,39,0,43,0,0,0,0,0,25,20
"273278,a77af0003e2ce3e6",12,<50,341,12,12,12,12,16,0,24,0,0,0,1,1,11,11
"273278,a78ba0007990962a",15,<50,439,10,10,10,10,16,0,23,0,0,0,0,0,15,10
"273278,a7e4b000732d48f3",16,<50,361,11,13,14,14,14,0,28,0,0,0,0,0,16,13
"273278,a91e60009ca525b1",10,<50,690,4,6,8,8,11,0,14,0,0,0,7,4,3,2
"273278,a922a0000eb4303b",37,<50,402,22,28,30,30,33,0,52,0,0,0,0,0,37,28
"273278,aa0f00004e60e0e3",15,<50,404,12,12,12,12,21,0,31,0,0,0,0,0,15,12
"273278,aa6940000c2dd374",5,<50,93,5,5,5,5,6,0,7,0,0,0,0,0,5,5
"273278,aa82b0005af33c86",9,<50,162,3,3,3,3,8,0,10,0,0,0,0,0,9,3
"273278,aae6a000d4221fcc",5,<50,141,1,1,1,1,5,0,10,0,0,0,0,0,5,1
"273278,aafda000c492d738",4,<50,36,3,3,3,3,4,0,4,0,0,0,0,0,4,3
"273278,ab13a000edbb5c92",17,<50,606,8,11,13,13,22,0,33,0,0,0,2,2,15,9
"273278,ab195000534ca404",49,<50,817,25,31,37,37,33,0,91,0,0,0,0,0,49,31
"273278,abbc0006a50fbf8",5,<50,262,4,5,5,5,4,0,10,0,0,0,0,0,5,5
"273278,abcfd000e6a392cd",6,<50,188,2,2,2,2,5,0,12,0,0,0,0,0,6,2
"273278,abd600062fc80b6",13,<50,814,1,2,4,5,15,0,34,0,0,0,0,0,13,2
"273278,ac067000c1e72993",31,<50,461,23,23,23,23,15,0,27,0,6,2,20,16,5,5
"273278,acfdc000c2e03fc9",37,<50,464,13,21,25,25,26,0,60,0,0,0,0,0,37,21
"273278,add9000a3b602cb",11,<50,583,6,9,9,9,16,0,30,0,0,0,4,4,7,5
"273278,ae53e000c4869718",12,<50,220,10,11,11,11,13,0,14,0,0,0,0,0,12,11
"273278,aebd0000205e0257",13,<50,236,10,12,12,12,12,0,17,0,0,0,3,3,10,9
"273278,aef8700090aeee27",10,<50,196,6,8,8,8,11,0,12,0,0,0,0,0,10,8
"273278,af39c000b9d65ea3",26,<50,330,11,12,12,12,22,0,27,0,0,0,0,0,26,12
"273278,af67b000188f1979",9,<50,274,4,4,4,4,9,0,11,0,0,0,0,0,9,4
"273278,af7330004e981e60",7,<50,441,4,4,5,5,7,0,18,0,0,0,0,0,7,4
"273278,af74f000ed89e71c",13,<50,172,3,3,3,3,15,0,21,0,0,0,0,0,13,3
"273278,af77f000a298daa1",9,<50,596,8,9,9,9,8,0,17,0,0,0,0,0,9,9
"273278,afe15000185ad12b",9,<50,173,9,9,9,9,8,0,8,0,0,0,0,0,9,9
"273278,b08fe0004f2205d4",23,<50,326,19,19,19,19,15,0,22,0,0,0,4,4,19,15
"273278,b095100040e34392",6,<50,94,1,1,1,1,5,0,7,0,0,0,0,0,6,1
"273278,b0a77000177c92d8",43,<50,438,25,31,32,32,27,0,42,0,0,0,0,0,43,31
"273278,b0bb8000cc4d55a2",8,<50,228,6,6,6,6,7,0,17,0,0,0,0,0,8,6
"273278,b0bf3000c1b2af35",16,<50,516,16,16,16,16,18,0,26,0,0,0,1,1,15,15
"273278,b15e5000cc5550b6",64,50-100,185,18,18,18,18,7,0,10,0,0,0,24,0,40,18
"273278,b1f09000cb06ec5f",23,<50,338,14,16,16,16,10,0,15,0,0,0,14,7,9,9
"273278,b234300013e2a2ba",46,<50,562,32,33,35,35,30,0,44,0,5,0,32,27,9,6
"273278,b23e2000a7232282",14,<50,504,12,12,12,12,17,0,25,0,0,0,0,0,14,12
"273278,b246b000a2c57a98",24,<50,530,21,22,22,22,26,0,41,0,0,0,5,5,19,17
"273278,b250c00072b058df",10,<50,155,9,9,9,9,13,0,17,0,0,0,0,0,10,9
"273278,b292000039f1699e",7,<50,277,4,4,4,4,14,0,19,0,0,0,0,0,7,4
"273278,b29600003ba6299d",97,50-100,974,19,34,40,47,33,0,65,0,0,0,97,34,0,0
"273278,b2b9200019b22409",7,<50,170,7,7,7,7,8,0,11,0,0,0,0,0,7,7
"273278,b2baf000477e7576",39,<50,492,29,31,33,33,20,0,33,0,4,3,35,28,0,0
"273278,b31fe000ce0a9972",6,<50,231,6,6,6,6,7,0,9,0,0,0,0,0,6,6
"273278,b39cc000539e5f96",10,<50,272,9,10,10,10,9,0,13,0,0,0,0,0,10,10
"273278,b3d91000066d1c82",11,<50,162,5,6,6,6,8,0,12,0,0,0,4,0,7,6
"273278,b3f9e000ad5d38be",34,<50,408,21,22,22,22,19,0,30,0,0,0,2,2,32,20
"273278,b46b4000ff52b08c",17,<50,455,12,13,13,13,21,0,33,0,0,0,0,0,17,13
"273278,b4b24000162ed1fa",17,<50,518,15,15,15,15,18,0,40,0,0,0,0,0,17,15
"273278,b5bc5000a52b44db",10,<50,179,7,8,8,8,16,0,21,0,0,0,0,0,10,8
"273278,b5e4c00058c7942c",5,<50,135,1,1,1,1,7,0,10,0,0,0,0,0,5,1
"273278,b5f72000b4071309",25,<50,821,18,20,23,24,16,0,35,0,0,0,5,5,20,15
"273278,b61220008912c755",21,<50,480,18,19,19,19,19,0,33,0,0,0,5,4,16,15
"273278,b6159000d852b325",9,<50,146,9,9,9,9,9,0,9,0,0,0,0,0,9,9
"273278,b6351000f69e7762",13,<50,514,9,11,11,11,10,0,17,0,0,0,2,2,11,9
"273278,b639e000aca6679c",15,<50,427,9,9,9,9,19,0,29,0,0,0,2,2,13,7
"273278,b6698000d03b97d4",9,<50,185,6,6,6,6,11,0,12,0,0,0,0,0,9,6
"273278,b696d000f7b169cd",58,50-100,966,24,33,35,40,29,0,44,0,0,0,0,0,58,33
"273278,b69fa00063d61b90",4,<50,87,0,0,0,0,4,0,6,0,0,0,0,0,4,0
"273278,b7747000f00896e1",16,<50,463,14,15,15,15,19,0,26,0,0,0,0,0,16,15
"273278,b7868000dda303df",7,<50,181,6,6,6,6,12,0,13,0,0,0,0,0,7,6
"273278,b829a000bfff7f77",19,<50,230,7,9,9,9,9,0,13,0,0,0,7,3,12,6
"273278,b82ce000cbbe9704",9,<50,171,6,6,6,6,7,0,10,0,0,0,0,0,9,6
"273278,b865f000cb667b7b",5,<50,116,4,4,4,4,9,0,15,0,0,0,0,0,5,4
"273278,b8db9000a646f096",10,<50,245,9,9,9,9,8,0,11,0,0,0,0,0,10,9
"273278,b8e52000162cd35a",5,<50,467,3,3,3,3,7,0,9,0,0,0,0,0,5,3
"273278,b8ebf00075bbd506",7,<50,236,1,3,3,3,6,0,10,0,0,0,0,0,7,3
"273278,b98720003a6907cf",14,<50,741,10,11,11,11,23,0,43,0,0,0,0,0,14,11
"273278,b9d320009ba16754",6,<50,269,6,6,6,6,10,0,14,0,0,0,0,0,6,6
"273278,ba2660009886bfa2",28,<50,419,14,18,19,19,37,0,44,0,0,0,0,0,28,18
"273278,ba3ea000f9ed66c6",9,<50,283,3,4,4,4,9,0,14,0,0,0,0,0,9,4
"273278,ba5c7000932c5b0b",17,<50,354,16,17,17,17,17,0,20,0,0,0,0,0,17,17
"273278,baa82000af9fbfaa",31,<50,798,25,26,26,27,28,0,37,0,0,0,0,0,31,26
"273278,bb482000393d6b4d",10,<50,354,7,8,8,8,11,0,13,0,1,1,0,0,9,7
"273278,bb704000accece4e",9,<50,522,4,6,7,7,14,0,22,0,0,0,1,1,8,5
"273278,bb738000ec6f20f0",10,<50,168,10,10,10,10,15,0,25,0,0,0,0,0,10,10
"273278,bbe50000b9dfbd99",13,<50,177,13,13,13,13,17,0,23,0,0,0,0,0,13,13
"273278,bc8be000dd04a01e",12,<50,257,11,11,11,11,12,0,15,0,0,0,0,0,12,11
"273278,bca2b0002085ead9",5,<50,202,5,5,5,5,6,0,8,0,0,0,0,0,5,5
"273278,bca86000ee6d1532",11,<50,385,9,10,10,10,10,0,20,0,1,0,2,2,8,8
"273278,bea44000a380d942",25,<50,494,16,17,17,17,23,0,39,0,1,1,0,0,24,16
"273278,beadf00056736235",47,<50,779,16,22,25,25,25,0,55,0,0,0,0,0,47,22
"273278,befb40006d00a1d6",15,<50,335,15,15,15,15,16,0,30,0,0,0,0,0,15,15
"273278,bf63c000e07a5165",15,<50,232,15,15,15,15,17,0,21,0,0,0,0,0,15,15
"273278,c08d0008b981429",37,<50,283,35,36,36,36,26,0,40,0,7,7,29,28,1,1
"273278,c0c14000c5e89c90",10,<50,165,10,10,10,10,10,0,16,0,3,3,3,3,4,4
"273278,c14f80002da4ea02",21,<50,666,11,13,15,15,22,0,41,0,0,0,0,0,21,13
"273278,c1ef1000c02f35fb",12,<50,333,11,12,12,12,13,0,17,0,0,0,4,4,8,8
"273278,c1ff60003178e2f6",31,<50,306,14,18,18,18,30,0,35,0,0,0,0,0,31,18
"273278,c20d10000536b70e",29,<50,501,5,11,11,11,28,0,34,0,0,0,4,2,25,9
"273278,c2629000fb2676a9",9,<50,282,9,9,9,9,14,0,20,0,0,0,9,9,0,0
"273278,c32370009a0e1bc8",17,<50,428,11,11,13,13,14,0,16,0,0,0,14,10,3,1
"273278,c37ec000d7732891",12,<50,578,11,12,12,12,12,0,20,0,0,0,0,0,12,12
"273278,c38200006cfe0746",40,<50,683,12,16,21,21,22,0,58,0,0,0,30,9,10,7
"273278,c3a23000a15b47aa",31,<50,694,19,25,26,26,28,0,53,0,0,0,0,0,31,25
"273278,c41c0000117a9b9b",27,<50,423,11,12,12,12,12,0,20,0,7,0,10,3,10,9
"273278,c5660000615b0e26",19,<50,551,15,17,17,17,13,0,19,0,0,0,8,7,11,10
"273278,c568000008585e02",34,<50,682,11,18,23,23,20,0,43,0,1,1,31,16,2,1
"273278,c5802000b5378b63",24,<50,379,10,10,10,10,8,0,20,0,0,0,18,6,6,4
"273278,c5c03000acf2e2f1",13,<50,346,11,11,11,11,14,0,23,0,1,1,4,3,8,7
"273278,c5c67000f6941f67",23,<50,359,19,21,21,21,21,0,27,0,0,0,1,0,22,21
"273278,c5f7100043e00842",26,<50,277,15,15,15,15,25,0,40,0,0,0,0,0,26,15
"273278,c6170000a3202a2d",56,50-100,220,8,11,11,11,9,0,10,0,10,0,19,5,27,6
"273278,c672b000155031e5",36,<50,825,29,30,31,32,21,0,38,0,6,6,6,3,24,21
"273278,c6abd000033ff439",11,<50,519,7,7,7,7,19,0,29,0,0,0,0,0,11,7
"273278,c6ffa000e92a93ff",46,<50,461,16,23,25,25,20,0,33,0,0,0,22,11,24,12
"273278,c70200001adc12b6",27,<50,969,8,12,13,14,15,0,48,0,0,0,15,6,12,6
"273278,c73ef0000cb23410",32,<50,298,14,14,14,14,13,0,25,0,0,0,9,6,23,8
"273278,c74f1000f3673673",34,<50,565,25,26,26,26,29,0,41,0,0,0,9,5,25,21
"273278,c7a2000046a08b01",20,<50,735,15,17,17,17,16,0,31,0,0,0,12,9,8,8
"273278,c7a6c00052aaee0c",22,<50,488,21,22,22,22,22,0,28,0,0,0,18,18,4,4
"273278,c8831000cfd289ec",8,<50,342,3,4,4,4,11,0,17,0,0,0,0,0,8,4
"273278,c9014000f588e399",7,<50,180,7,7,7,7,10,0,16,0,0,0,0,0,7,7
"273278,c944f000f39120cd",24,<50,601,17,21,22,22,19,0,28,0,0,0,14,13,10,8
"273278,c9646000c49bbbd4",39,<50,727,16,22,27,27,46,0,67,0,0,0,3,1,36,21
"273278,ca046000540eb9ef",17,<50,768,10,15,15,15,8,0,32,0,0,0,1,1,16,14
"273278,ca0ef000d0e5f567",4,<50,156,1,1,1,1,6,0,8,0,0,0,0,0,4,1
"273278,ca3370008af2108a",16,<50,656,15,15,15,15,19,0,34,0,0,0,0,0,16,15
"273278,ca621000ed8c2d60",22,<50,246,9,10,10,10,5,0,10,0,0,0,4,2,18,8
"273278,cab7b000ee593d84",8,<50,544,6,7,8,8,13,0,22,0,0,0,0,0,8,7
"273278,cabb200003fe73d0",6,<50,199,5,5,5,5,16,0,20,0,0,0,0,0,6,5
"273278,cb06c000119a3f72",28,<50,717,15,19,20,20,24,0,45,0,0,0,0,0,28,19
"273278,cb57e0003801ad9c",8,<50,122,8,8,8,8,11,0,11,0,0,0,0,0,8,8
"273278,cb737000d77a07be",18,<50,246,5,7,7,7,7,0,17,0,0,0,0,0,18,7
"273278,cb9510008111c45d",6,<50,249,2,2,2,2,6,0,13,0,0,0,0,0,6,2
"273278,cc01800025aaca10",19,<50,390,17,17,17,17,17,0,25,0,0,0,2,2,17,15
"273278,cc84b0003de93a44",12,<50,283,9,9,9,9,13,0,22,0,0,0,0,0,12,9
"273278,cce9f000e81d74d1",14,<50,362,13,13,13,13,17,0,26,0,0,0,3,3,11,10
"273278,cd24500033d46cd1",4,<50,117,4,4,4,4,4,0,5,0,0,0,0,0,4,4
"273278,cd31e000ff9a7472",10,<50,306,9,10,10,10,12,0,16,0,0,0,0,0,10,10
"273278,cd930008a922d52",16,<50,455,6,8,9,9,15,0,26,0,0,0,1,1,15,7
"273278,cdf100005cbf665e",18,<50,452,14,16,16,16,17,0,23,0,0,0,1,1,17,15
"273278,cdf87000ae44c27a",24,<50,203,18,18,18,18,18,0,20,0,0,0,12,6,12,12
"273278,ce02300044986290",5,<50,136,4,4,4,4,5,0,7,0,0,0,0,0,5,4
"273278,ce2480004c992347",11,<50,321,7,7,7,7,11,0,16,0,0,0,0,0,11,7
"273278,ce7db000ed4c3c0c",5,<50,230,5,5,5,5,10,0,18,0,0,0,1,1,4,4
"273278,cea200002128357e",10,<50,300,4,4,4,4,9,0,17,0,0,0,1,1,9,3
"273278,cf0800008407a031",11,<50,372,10,10,10,10,14,0,19,0,0,0,5,5,6,5
"273278,cf6fe000bb883872",28,<50,520,24,24,25,25,27,0,40,0,0,0,0,0,28,24
"273278,cf81e000e288aa9a",11,<50,257,9,10,10,10,10,0,12,0,0,0,1,1,10,9
"273278,cf9420009a15bdd9",33,<50,467,24,27,30,30,22,0,31,0,0,0,18,15,15,12
"273278,cfb1200064cf2d95",7,<50,142,6,6,6,6,10,0,12,0,0,0,0,0,7,6
"273278,d02c9000e20e86d8",17,<50,383,13,15,15,15,17,0,23,0,0,0,8,6,9,9
"273278,d034d0001bfe7f72",13,<50,341,13,13,13,13,17,0,25,0,0,0,3,3,10,10
"273278,d0d95000b0e223e5",9,<50,373,7,7,7,7,6,0,11,0,0,0,0,0,9,7
"273278,d0dbd000d7d44c69",17,<50,330,9,9,10,10,20,0,29,0,0,0,0,0,17,9
"273278,d1050000234c5e1a",11,<50,210,10,10,10,10,9,0,12,0,0,0,5,4,6,6
"273278,d1175000adb5a193",11,<50,284,11,11,11,11,12,0,14,0,0,0,2,2,9,9
"273278,d17b8000aea0ab35",15,<50,276,13,14,14,14,11,0,16,0,0,0,1,1,14,13
"273278,d18aa0004e381d43",24,<50,580,20,22,22,22,20,0,32,0,0,0,0,0,24,22
"273278,d18e3000768c687c",8,<50,226,7,8,8,8,7,0,9,0,0,0,0,0,8,8
"273278,d1a42000f531bc63",18,<50,280,9,13,13,13,13,0,19,0,0,0,0,0,18,13
"273278,d1b52000115f7acb",18,<50,222,15,15,15,15,10,0,23,0,0,0,0,0,18,15
"273278,d1c5a00087b7ca3b",11,<50,297,11,11,11,11,14,0,20,0,1,1,7,7,3,3
"273278,d1cf0000d091d7e3",8,<50,199,6,7,7,7,8,0,9,0,0,0,0,0,8,7
"273278,d253a0000b3fd6cd",14,<50,282,6,7,7,7,13,0,14,0,0,0,9,3,5,4
"273278,d270600008d0d9ce",6,<50,192,6,6,6,6,4,0,6,0,0,0,0,0,6,6
"273278,d28be000cccc4b6d",14,<50,216,9,9,9,9,11,0,17,0,5,3,6,5,3,1
"273278,d2910000b97b4c8f",4,<50,94,4,4,4,4,4,0,6,0,0,0,0,0,4,4
"273278,d351f0005e393748",40,<50,670,33,38,39,39,37,0,47,0,0,0,15,15,25,23
"273278,d3729000f3c6e8ce",6,<50,281,6,6,6,6,9,0,15,0,0,0,0,0,6,6
"273278,d377a0002a003871",16,<50,168,7,8,8,8,7,0,10,0,0,0,4,0,12,8
"273278,d3dd500027e6dbc4",12,<50,121,11,11,11,11,12,0,14,0,0,0,2,2,10,9
"273278,d3eed0005de3dfb2",7,<50,178,0,0,0,0,0,0,1,0,0,0,0,0,7,0
"273278,d52f5000ef164260",7,<50,224,4,4,4,4,7,0,9,0,0,0,0,0,7,4
"273278,d5316000568e79b9",9,<50,156,7,7,7,7,13,0,16,0,0,0,0,0,9,7
"273278,d55a700017f38adf",25,<50,370,13,17,18,18,13,0,27,0,0,0,3,2,22,15
"273278,d5889000817dbee3",10,<50,633,1,1,2,2,24,0,34,0,0,0,0,0,10,1
"273278,d59800000b665a2b",8,<50,343,6,8,8,8,12,0,22,0,0,0,4,4,4,4
"273278,d59a3000470741c2",22,<50,338,20,21,22,22,20,0,30,0,0,0,1,1,21,20
"273278,d5da900010676bd7",26,<50,460,18,19,20,20,24,0,35,0,0,0,1,0,25,19
"273278,d5e1c000e4c93860",6,<50,234,6,6,6,6,11,0,17,0,0,0,1,1,5,5
"273278,d6017000ccb76cd0",21,<50,541,14,17,17,17,20,0,36,0,0,0,0,0,21,17
"273278,d610b000475c6d17",13,<50,289,12,13,13,13,19,0,20,0,0,0,0,0,13,13
"273278,d68e3000c7eeda0b",9,<50,81,9,9,9,9,8,0,9,0,0,0,6,6,3,3
"273278,d6a05000f56f8a44",16,<50,210,12,13,13,13,11,0,13,0,0,0,8,6,8,7
"273278,d6ec00006d1014c4",3,<50,311,0,0,0,0,6,0,15,0,0,0,0,0,3,0
"273278,d729600017923e28",8,<50,412,7,7,7,7,8,0,12,0,0,0,0,0,8,7
"273278,d76790005f13d441",4,<50,81,0,0,0,0,6,0,6,0,0,0,0,0,4,0
"273278,d790a000b0875521",9,<50,242,2,2,2,2,12,0,16,0,0,0,0,0,9,2
"273278,d7a930002ecfc117",23,<50,296,17,18,18,18,19,0,25,0,8,5,10,9,5,4
"273278,d7b770009ad6de84",9,<50,415,8,9,9,9,12,0,18,0,0,0,0,0,9,9
"273278,d8743000f4f3e1d9",20,<50,534,17,18,18,18,19,0,28,0,0,0,0,0,20,18
"273278,d8b9e000b69a761a",71,50-100,730,58,65,65,66,36,0,72,0,66,60,5,5,0,0
"273278,d981d0002dc623b1",6,<50,205,4,4,4,4,5,0,14,0,0,0,0,0,6,4
"273278,dbdbb000d8fb2f18",22,<50,356,18,19,19,19,23,0,30,0,0,0,9,8,13,11
"273278,dc88600054c4c2ad",6,<50,461,6,6,6,6,8,0,13,0,0,0,0,0,6,6
"273278,dc9b7000ffdf718f",16,<50,202,13,14,14,14,12,0,18,0,0,0,0,0,16,14
"273278,dcccd000c14d4810",32,<50,606,21,27,27,27,20,0,40,0,1,1,17,15,14,11
"273278,ddd730007ace3c64",7,<50,334,7,7,7,7,8,0,11,0,0,0,0,0,7,7
"273278,ddfc50000b6c735a",18,<50,389,17,17,17,17,19,0,24,0,0,0,0,0,18,17
"273278,de08500057dce7ce",8,<50,258,8,8,8,8,8,0,11,0,0,0,0,0,8,8
"273278,de32100024b33a90",22,<50,523,20,20,21,21,20,0,27,0,0,0,0,0,22,20
"273278,de75f0007d040edb",22,<50,678,10,10,10,11,25,0,46,0,0,0,0,0,22,10
"273278,deb38000c2888a34",17,<50,325,6,7,7,7,9,0,25,0,1,0,6,4,10,3
"273278,dfa560003c723e5e",8,<50,451,6,7,7,7,19,0,33,0,0,0,0,0,8,7
"273278,dfcbf000c4d9dc9e",24,<50,278,20,20,20,20,22,0,27,0,0,0,0,0,24,20
"273278,e02d500051b3e91a",18,<50,343,17,17,17,17,12,0,20,0,0,0,0,0,18,17
"273278,e06e2000a72e3da1",18,<50,425,5,6,6,6,15,0,31,0,0,0,3,0,15,6
"273278,e07140006e7e0852",9,<50,375,3,3,3,3,13,0,21,0,0,0,0,0,9,3
"273278,e0ec8000013840c8",8,<50,219,7,8,8,8,8,0,10,0,0,0,0,0,8,8
"273278,e1075000560da84d",17,<50,879,3,3,4,6,56,0,91,0,0,0,0,0,17,3
"273278,e118d000ec53d5cd",5,<50,301,5,5,5,5,6,0,8,0,0,0,0,0,5,5
"273278,e1c19000cb991f92",13,<50,215,5,6,6,6,13,0,17,0,0,0,0,0,13,6
"273278,e1ecf0007b13c12c",13,<50,236,12,12,12,12,15,0,23,0,0,0,0,0,13,12
"273278,e22d5000d2036a36",4,<50,327,3,3,3,3,14,0,25,0,0,0,0,0,4,3
"273278,e2964000ee259b87",6,<50,282,6,6,6,6,11,0,17,0,0,0,0,0,6,6
"273278,e2b2d0006bfe5040",23,<50,295,12,19,19,19,24,0,30,0,0,0,0,0,23,19
"273278,e305e000dc424a55",4,<50,66,4,4,4,4,4,0,4,0,0,0,0,0,4,4
"273278,e35450003983107b",16,<50,310,15,16,16,16,20,0,35,0,0,0,0,0,16,16
"273278,e363a00002e65135",10,<50,132,10,10,10,10,11,0,13,0,0,0,5,5,5,5
"273278,e37a30002486401e",6,<50,195,6,6,6,6,7,0,9,0,0,0,0,0,6,6
"273278,e37c60005285f824",6,<50,60,0,0,0,0,6,0,9,0,0,0,0,0,6,0
"273278,e3aa30008bfd6236",5,<50,161,3,3,3,3,8,0,13,0,0,0,0,0,5,3
"273278,e3ac4000f88a1008",7,<50,218,5,5,5,5,7,0,13,0,0,0,0,0,7,5
"273278,e50000009a70d9fa",13,<50,445,11,13,13,13,17,0,27,0,0,0,0,0,13,13
"273278,e5fc80001beb4d5e",59,50-100,374,32,39,40,40,19,0,36,0,0,0,1,1,58,38
"273278,e605000000beb74c",43,<50,439,19,29,34,34,33,0,44,0,0,0,0,0,43,29
"273278,e6eec000b0b6ace1",4,<50,285,3,3,3,3,3,0,17,0,0,0,0,0,4,3
"273278,e72510000477d415",7,<50,273,5,5,5,5,7,0,13,0,0,0,0,0,7,5
"273278,e726c00079aaf3d5",17,<50,974,10,10,11,12,18,0,35,0,0,0,0,0,17,10
"273278,e7b2500055019f55",8,<50,191,8,8,8,8,9,0,10,0,0,0,0,0,8,8
"273278,e8451000f39b44fe",16,<50,461,14,16,16,16,16,0,22,0,0,0,0,0,16,16
"273278,e847b000c3aa4bfb",5,<50,39,3,3,3,3,5,0,6,0,0,0,0,0,5,3
"273278,e84a3000158e71d0",10,<50,112,9,9,9,9,11,0,12,0,0,0,0,0,10,9
"273278,e8986000e1cb00a7",23,<50,421,20,23,23,23,23,0,38,0,6,6,16,16,1,1
"273278,e8c1300073571165",46,<50,382,24,29,32,32,28,0,50,0,0,0,0,0,46,29
"273278,e9226000d3075259",5,<50,127,5,5,5,5,6,0,7,0,0,0,0,0,5,5
"273278,e9bb60005def0633",4,<50,121,2,2,2,2,8,0,11,0,0,0,0,0,4,2
"273278,e9c33000de1e0db4",9,<50,160,8,8,8,8,11,0,11,0,0,0,0,0,9,8
"273278,ea52300020d8a4ce",14,<50,149,6,6,6,6,14,0,15,0,0,0,0,0,14,6
"273278,ea5790004eddbebe",99,50-100,756,75,81,85,85,49,0,78,0,0,0,98,80,1,1
"273278,ea8a50008c33d4a4",7,<50,288,5,5,5,5,9,0,12,0,0,0,0,0,7,5
"273278,eaa3200020898177",12,<50,400,11,12,12,12,10,0,18,0,0,0,1,1,11,11
"273278,eb7b00003d57193b",10,<50,256,10,10,10,10,12,0,16,0,0,0,0,0,10,10
"273278,eb872000690fe1c8",5,<50,130,0,1,1,1,5,0,9,0,0,0,0,0,5,1
"273278,ec510000f2cdecac",21,<50,291,10,12,12,12,22,0,32,0,0,0,0,0,21,12
"273278,ec5df00063f3dd39",19,<50,407,13,18,18,18,19,0,29,0,0,0,0,0,19,18
"273278,ecb32000297d9d50",12,<50,397,10,10,10,10,17,0,26,0,0,0,7,6,5,4
"273278,ecb8400094e9f69e",6,<50,207,6,6,6,6,8,0,12,0,0,0,0,0,6,6
"273278,ecbeb00022d6f279",10,<50,309,10,10,10,10,11,0,14,0,0,0,0,0,10,10
"273278,ecc15000f8195ba2",6,<50,154,6,6,6,6,10,0,11,0,0,0,0,0,6,6
"273278,ecf680003ae33bf1",6,<50,77,5,5,5,5,5,0,5,0,0,0,0,0,6,5
"273278,ed2690009b9acbbc",35,<50,491,18,21,23,23,26,0,41,0,0,0,13,7,22,14
"273278,ed325000fa045029",27,<50,463,25,26,26,26,22,0,34,0,0,0,3,3,24,23
"273278,ed3c00009bc1e5fd",3,<50,34,2,2,2,2,3,0,5,0,0,0,0,0,3,2
"273278,ed3db0004b5b3401",26,<50,331,19,23,23,23,26,0,36,0,0,0,0,0,26,23
"273278,ed663000eb638d6c",12,<50,324,12,12,12,12,14,0,17,0,0,0,0,0,12,12
"273278,ed6d6000eddf1c71",7,<50,199,6,7,7,7,6,0,12,0,0,0,1,1,6,6
"273278,ed833000e8e7543a",10,<50,240,7,7,7,7,11,0,15,0,0,0,0,0,10,7
"273278,eda4a000602066ba",4,<50,449,3,3,3,3,10,0,19,0,0,0,0,0,4,3
"273278,edbed0008f245d38",7,<50,235,6,7,7,7,8,0,9,0,0,0,0,0,7,7
"273278,ee176000c7eabf33",20,<50,762,15,18,18,18,26,0,37,0,0,0,0,0,20,18
"273278,ee1ae000e5054921",9,<50,287,8,8,8,8,10,0,13,0,0,0,1,1,8,7
"273278,ee387000728bfe67",14,<50,386,14,14,14,14,16,0,26,0,0,0,0,0,14,14
"273278,eed74000de6573ba",14,<50,275,5,6,6,6,3,0,7,0,0,0,1,0,13,6
"273278,ef61b000db559dda",14,<50,195,11,11,11,11,10,0,13,0,8,5,5,5,1,1
"273278,ef687000e637ddaa",5,<50,127,5,5,5,5,7,0,11,0,0,0,1,1,4,4
"273278,f030400050f0ccdd",6,<50,75,2,2,2,2,6,0,10,0,0,0,0,0,6,2
"273278,f033500013f49707",18,<50,316,18,18,18,18,20,0,24,0,0,0,4,4,14,14
"273278,f03880007e5b2551",9,<50,177,8,8,8,8,10,0,15,0,0,0,0,0,9,8
"273278,f03e9000fe1d1cb7",4,<50,83,4,4,4,4,4,0,5,0,0,0,0,0,4,4
"273278,f106300006e3a394",14,<50,483,14,14,14,14,16,0,19,0,0,0,0,0,14,14
"273278,f131000728bb54a",17,<50,516,14,15,15,15,23,0,34,0,0,0,7,6,10,9
"273278,f1a110004cf82be0",9,<50,374,7,7,7,7,8,0,14,0,0,0,0,0,9,7
"273278,f25e3000e2ff6bda",11,<50,223,7,7,7,7,8,0,8,0,0,0,11,7,0,0
"273278,f26a10002e8950cd",24,<50,589,16,17,18,18,17,0,26,0,0,0,0,0,24,17
"273278,f26e00002bc92603",3,<50,194,3,3,3,3,8,0,13,0,0,0,0,0,3,3
"273278,f270600018b96a98",67,50-100,774,24,31,37,38,31,0,63,0,0,0,49,19,18,12
"273278,f2e2c0001ef3e4f8",7,<50,307,6,6,6,6,10,0,14,0,0,0,1,0,6,6
"273278,f3394000da874b51",4,<50,85,4,4,4,4,4,0,6,0,0,0,4,4,0,0
"273278,f3db300001e8d35c",8,<50,193,7,7,7,7,11,0,15,0,0,0,0,0,8,7
"273278,f40f900077ae5757",19,<50,530,13,16,16,16,19,0,27,0,0,0,1,1,18,15
"273278,f427000a1cd9706",5,<50,278,5,5,5,5,13,0,27,0,0,0,0,0,5,5
"273278,f4b50000ff4a18b9",22,<50,417,13,16,16,16,19,0,26,0,0,0,4,1,18,15
"273278,f4b8f0008c2595e6",5,<50,166,5,5,5,5,5,0,6,0,0,0,0,0,5,5
"273278,f4c220009ede658f",20,<50,215,17,17,17,17,18,0,28,0,0,0,11,9,9,8
"273278,f51f50002c9d2999",44,<50,798,27,31,33,33,24,0,36,0,0,0,2,1,42,30
"273278,f54260006e60aeaf",3,<50,40,3,3,3,3,3,0,3,0,0,0,0,0,3,3
"273278,f59460000ba2e3f5",50,50-100,489,29,35,36,36,25,0,40,0,0,0,11,7,39,28
"273278,f5beb0008fd93ee2",9,<50,187,9,9,9,9,11,0,13,0,0,0,3,3,6,6
"273278,f5c11000fe059ce4",6,<50,77,5,5,5,5,7,0,7,0,0,0,0,0,6,5
"273278,f5c43000e6f5a5f6",5,<50,199,5,5,5,5,8,0,15,0,0,0,0,0,5,5
"273278,f5d070004cd0ce80",14,<50,208,11,11,11,11,16,0,23,0,0,0,0,0,14,11
"273278,f5e4d000a9fbd7f2",6,<50,167,2,3,3,3,6,0,6,0,0,0,1,1,5,2
"273278,f644e000d657f7c3",6,<50,150,5,6,6,6,8,0,9,0,0,0,0,0,6,6
"273278,f67e9000458fc17e",21,<50,391,12,13,14,14,11,0,14,0,0,0,6,0,15,13
"273278,f6cff000cc9fe109",10,<50,419,8,8,8,8,11,0,27,0,0,0,8,6,2,2
"273278,f6d3100021128428",15,<50,404,11,13,13,13,19,0,24,0,0,0,0,0,15,13
"273278,f6daf000b66c2923",11,<50,275,4,5,5,5,10,0,14,0,0,0,0,0,11,5
"273278,f6eec000a93dd3df",17,<50,258,16,16,16,16,16,0,24,0,0,0,0,0,17,16
"273278,f7143000a5c94180",9,<50,210,9,9,9,9,11,0,16,0,0,0,0,0,9,9
"273278,f72030008012b72f",16,<50,428,12,14,14,14,23,0,27,0,0,0,0,0,16,14
"273278,f723b0001b40cc07",58,50-100,734,33,39,40,41,30,0,45,0,0,0,2,0,56,39
"273278,f75c70008195117b",21,<50,272,16,17,17,17,16,0,19,0,3,2,16,13,2,2
"273278,f765b000bcf8fa79",6,<50,130,6,6,6,6,6,0,7,0,0,0,0,0,6,6
"273278,f771f000ec3b54bf",29,<50,617,19,22,23,23,27,0,45,0,0,0,0,0,29,22
"273278,f78b7000a2aef069",5,<50,58,1,1,1,1,6,0,9,0,0,0,0,0,5,1
"273278,f80a100054b72da7",6,<50,752,2,5,5,6,10,0,22,0,0,0,0,0,6,5
"273278,f849600043ca5290",8,<50,160,3,4,4,4,9,0,10,0,0,0,0,0,8,4
"273278,f8fc6000b4104d87",7,<50,102,1,1,1,1,5,0,6,0,0,0,0,0,7,1
"273278,f93a6000fd7737f0",5,<50,103,5,5,5,5,5,0,7,0,0,0,0,0,5,5
"273278,f9483000b6597909",8,<50,174,8,8,8,8,10,0,16,0,0,0,0,0,8,8
"273278,f94e10009f899902",14,<50,276,13,13,13,13,18,0,23,0,0,0,0,0,14,13
"273278,f9742000c2854d2b",42,<50,600,26,30,34,34,31,0,48,0,0,0,32,23,10,7
"273278,fa7a20004ca97426",29,<50,789,25,26,27,27,19,0,45,0,11,11,14,12,4,3
"273278,fa8ca00036a1b959",18,<50,690,15,16,17,17,22,0,36,0,1,1,11,10,6,5
"273278,fad3200036222a85",14,<50,386,11,13,13,13,20,0,36,0,0,0,0,0,14,13
"273278,fb14a000903dc8e1",39,<50,128,5,5,5,5,8,0,11,0,37,5,2,0,0,0
"273278,fb1e8000b48e30c1",17,<50,510,13,14,14,14,20,0,33,0,0,0,14,12,3,2
"273278,fbb85000835df15a",46,<50,813,28,33,36,37,36,0,54,0,0,0,21,14,25,19
"273278,fbd610000a0abc6b",11,<50,410,10,11,11,11,13,0,18,0,0,0,0,0,11,11
"273278,fbdd3000bd6efb26",22,<50,776,11,12,17,18,21,0,37,0,0,0,0,0,22,12
"273278,fc2010004e433317",39,<50,943,23,27,28,33,32,0,67,0,0,0,4,0,35,27
"273278,fc38900000651e43",7,<50,509,6,6,6,6,12,0,17,0,0,0,1,1,6,5
"273278,fc3e6000bf3ffe97",46,<50,926,28,38,42,42,32,0,65,0,1,1,7,3,38,34
"273278,fdbd50009ea73df5",6,<50,344,5,5,5,5,20,0,32,0,0,0,5,4,1,1
"273278,fe20c0007bc1ee4f",10,<50,332,9,9,10,10,13,0,19,0,0,0,0,0,10,9
"273278,ff0e700066094092",17,<50,612,16,17,17,17,24,0,42,0,0,0,13,13,4,4
"273278,ff4e5000c44a1036",11,<50,617,9,9,9,9,24,0,39,0,4,4,7,5,0,0
"273278,ff775000c668ad26",29,<50,694,15,23,26,26,21,0,35,0,0,0,0,0,29,23
"273278,ff8e000463e0b74",28,<50,810,16,19,22,22,26,0,52,0,0,0,0,0,28,19
"273278,ff90a000fdb9810e",6,<50,491,6,6,6,6,15,0,27,0,0,0,5,5,1,1
"273278,ffb780007d97db1d",12,<50,244,7,7,7,7,5,0,9,0,6,6,6,1,0,0
"282555,100d31000bbde570d",13,<50,410,12,12,12,12,13,0,24,0,5,4,7,7,1,1
"282555,100df000030d5d0d3",41,<50,564,32,36,39,39,24,0,37,0,29,24,12,12,0,0
"282555,100e31000053363f7",7,<50,124,6,6,6,6,8,0,13,0,0,0,0,0,7,6
"282555,101cf9000890617f0",9,<50,312,8,9,9,9,8,0,13,0,3,3,3,3,3,3
"282555,102067000075d038d",41,<50,636,16,24,26,26,45,0,72,0,10,5,29,19,2,0
"282555,102b0c0003c34dc9d",16,<50,495,16,16,16,16,20,0,31,0,0,0,14,14,2,2
"282555,102b8700006bc1f81",51,50-100,605,39,45,47,47,25,0,48,0,3,2,38,33,10,10
"282555,103fc600057044e49",12,<50,336,9,10,10,10,9,0,16,0,0,0,0,0,12,10
"282555,104033000e94226c6",191,150-300,944,74,118,143,152,42,0,75,0,100,47,91,71,0,0
"282555,10563300073c7aa09",66,50-100,588,49,56,59,59,25,0,41,0,8,6,56,48,2,2
"282555,105665000bf8482fd",49,<50,290,31,36,36,36,24,0,39,0,3,1,23,14,23,21
"282555,105a2f00081e6441e",48,<50,428,18,25,26,26,23,0,33,0,12,6,36,19,0,0
"282555,105d1a000a360fe9b",20,<50,385,15,16,16,16,13,0,22,0,0,0,14,11,6,5
"282555,105ea700058778697",29,<50,377,24,26,26,26,21,0,41,0,6,6,22,20,1,0
"282555,105ed2000590434c1",7,<50,246,7,7,7,7,8,0,9,0,0,0,5,5,2,2
"282555,106cf5000a7ab0f72",34,<50,358,26,27,27,27,18,0,28,0,9,5,25,22,0,0
"282555,106f400056191867",6,<50,57,6,6,6,6,7,0,9,0,0,0,0,0,6,6
"282555,1080920008c970318",12,<50,408,10,11,11,11,9,0,13,0,0,0,0,0,12,11
"282555,1080c9000f54821f9",62,50-100,893,36,44,50,50,27,0,52,0,0,0,7,4,55,40
"282555,10819f00031764877",17,<50,401,13,14,14,14,10,0,21,0,17,14,0,0,0,0
"282555,10844200033a0aa6a",84,50-100,502,49,60,63,63,22,0,41,0,79,58,5,2,0,0
"282555,1090330001890eaf0",36,<50,601,27,30,31,31,27,0,45,0,15,11,20,19,1,0
"282555,109073000a25e8bb2",8,<50,894,3,4,4,4,10,0,18,0,0,0,1,1,7,3
"282555,1091890007978e022",239,150-300,963,57,106,130,146,15,0,44,0,0,0,1,0,238,106
"282555,1095b90009105ced8",103,100-150,686,45,66,74,78,30,0,47,0,22,9,80,56,1,1
"282555,1098ac0006f7e1dd7",4,<50,96,4,4,4,4,7,0,9,0,0,0,4,4,0,0
"282555,10a1f00000d4e29c4",23,<50,887,5,11,13,16,18,0,55,0,3,1,20,10,0,0
"282555,10b3e00010cbdf3f",9,<50,122,8,8,8,8,7,0,10,0,0,0,0,0,9,8
"282555,10bd300006ac1a8bb",46,<50,547,37,41,41,41,23,0,39,0,28,23,14,14,4,4
"282555,10c69b000bbf87b77",3,<50,273,1,1,1,1,7,0,10,0,0,0,0,0,3,1
"282555,10cac1000b15d2d11",4,<50,138,0,0,0,0,7,0,14,0,0,0,0,0,4,0
"282555,10ccde000016a66da",39,<50,799,32,33,36,36,30,0,55,0,2,1,35,32,2,0
"282555,10d1fd00028eeabf4",39,<50,831,28,33,34,34,27,0,55,0,33,27,6,6,0,0
"282555,10d3b8000e892ba17",20,<50,418,19,20,20,20,18,0,31,0,13,13,7,7,0,0
"282555,10d3e4000abd5d7fe",15,<50,706,8,9,10,10,14,0,24,0,0,0,2,0,13,9
"282555,10d41a00078240cc9",13,<50,594,7,9,9,9,11,0,14,0,0,0,0,0,13,9
"282555,10d7d900079b3601c",21,<50,515,7,9,11,11,21,0,35,0,0,0,4,0,17,9
"282555,10d95500031c43879",6,<50,152,2,2,2,2,4,0,4,0,0,0,4,2,2,0
"282555,10db340007f748394",53,50-100,905,21,28,33,34,28,0,58,0,0,0,0,0,53,28
"282555,10df4d000fab5f868",45,<50,746,34,39,39,39,32,0,48,0,0,0,5,3,40,36
"282555,10e33a000edea06b3",19,<50,289,17,17,17,17,13,0,23,0,4,3,11,10,4,4
"282555,10e432000f22822c9",35,<50,776,27,28,30,30,26,0,36,0,7,4,25,21,3,3
"282555,10e7140003cec3c95",19,<50,912,12,13,14,14,20,0,29,0,0,0,10,5,9,8
"282555,10eeca000d7939892",4,<50,184,3,3,3,3,7,0,10,0,0,0,0,0,4,3
"282555,10f9cc000b8dd151b",32,<50,701,22,26,28,28,20,0,31,0,4,2,19,16,9,8
"282555,10ff2a000582473ba",38,<50,619,26,31,32,32,24,0,36,0,8,6,25,20,5,5
"282555,11061c000137e1c87",36,<50,691,26,27,28,28,28,0,47,0,25,18,11,9,0,0
"282555,1106dd000cca930aa",4,<50,250,3,4,4,4,7,0,11,0,0,0,0,0,4,4
"282555,110b7b000a0f51e93",7,<50,338,5,6,6,6,10,0,20,0,0,0,0,0,7,6
"282555,11133000010041a95",11,<50,257,7,7,7,7,6,0,8,0,0,0,9,7,2,0
"282555,1118270008b025ba4",39,<50,624,33,36,37,37,34,0,53,0,0,0,11,11,28,25
"282555,111dd50008e5e0f83",19,<50,407,17,18,18,18,22,0,31,0,0,0,12,11,7,7
"282555,111e9c000b40558cf",44,<50,856,16,20,24,25,31,0,64,0,9,2,20,7,15,11
"282555,112a8f000fb468c2c",24,<50,385,20,21,22,22,19,0,30,0,11,9,12,11,1,1
"282555,112f1e000dd106a39",9,<50,334,9,9,9,9,4,0,12,0,0,0,3,3,6,6
"282555,1130a5000d8f13a56",74,50-100,806,27,35,43,45,25,0,47,0,3,0,16,2,55,33
"282555,113f7f000ad0bddd4",10,<50,188,9,9,9,9,10,0,12,0,0,0,0,0,10,9
"282555,1141bd000c39c62d7",27,<50,347,6,8,8,8,21,0,28,0,0,0,27,8,0,0
"282555,115386000dc137e9c",56,50-100,727,36,40,45,47,31,0,48,0,0,0,23,12,33,28
"282555,11542a000a941d1af",48,<50,883,33,36,38,40,30,0,67,0,0,0,14,11,34,25
"282555,1159ce000838b484f",14,<50,594,10,11,12,12,13,0,27,0,0,0,3,2,11,9
"282555,115a87000800206a0",17,<50,653,15,16,16,16,15,0,29,0,0,0,1,1,16,15
"282555,115d6a000327941a2",36,<50,706,28,30,32,32,24,0,37,0,10,8,22,19,4,3
"282555,115e640000ee88df8",30,<50,427,27,28,28,28,19,0,33,0,10,10,20,18,0,0
"282555,115e8f000b86c66b1",9,<50,260,2,2,2,2,7,0,14,0,0,0,1,1,8,1
"282555,115ef200092524df6",27,<50,570,15,17,19,19,20,0,39,0,0,0,0,0,27,17
"282555,11688c0003d9767ab",59,50-100,618,22,24,30,30,26,0,46,0,0,0,44,22,15,2
"282555,1169d60007e589628",27,<50,440,17,23,23,23,15,0,27,0,0,0,15,11,12,12
"282555,116b340005d5d9101",11,<50,421,8,8,8,8,9,0,15,0,0,0,2,2,9,6
"282555,116bb7000cd516b77",29,<50,571,12,15,16,16,13,0,32,0,0,0,22,12,7,3
"282555,117c7900038875eb1",20,<50,902,6,8,9,12,27,0,45,0,0,0,1,0,19,8
"282555,117fb700069933897",34,<50,647,24,25,27,28,20,0,32,0,1,1,19,13,14,11
"282555,11800b0006f91609a",12,<50,221,9,10,10,10,5,0,13,0,6,4,6,6,0,0
"282555,1181a500098a849ee",30,<50,354,22,25,25,25,20,0,38,0,7,3,23,22,0,0
"282555,1181d7000b81e498d",4,<50,103,4,4,4,4,4,0,4,0,0,0,0,0,4,4
"282555,1193fb00098687010",37,<50,706,30,33,35,35,27,0,47,0,8,7,27,25,2,1
"282555,119a5500015cd92aa",16,<50,1000,14,16,16,16,22,0,40,0,0,0,13,13,3,3
"282555,11a04f00003006d4c",18,<50,376,13,16,16,16,15,0,19,0,10,9,8,7,0,0
"282555,11a18c000a635025c",14,<50,386,12,12,12,12,13,0,19,0,0,0,5,5,9,7
"282555,11a364000384732bd",38,<50,733,34,35,35,35,33,0,49,0,0,0,26,24,12,11
"282555,11aad70007debbb80",12,<50,199,11,11,11,11,10,0,19,0,5,4,6,6,1,1
"282555,11c50e000d5612d8a",19,<50,978,7,8,9,9,8,0,20,0,3,0,8,0,8,8
"282555,11cdb200051beca27",17,<50,410,12,14,14,14,10,0,25,0,0,0,0,0,17,14
"282555,11d2b300050c9c754",28,<50,661,18,18,20,20,28,0,36,0,0,0,14,12,14,6
"282555,11d4a40008c9cfce5",8,<50,275,6,6,6,6,10,0,14,0,0,0,0,0,8,6
"282555,11d5e4000d2b0eaf9",3,<50,128,3,3,3,3,5,0,5,0,0,0,1,1,2,2
"282555,11dead000db6de7d9",48,<50,561,37,38,41,41,27,0,40,0,0,0,20,12,28,26
"282555,11ea56000edac0bc6",10,<50,268,7,9,9,9,9,0,13,0,0,0,5,4,5,5
"282555,11edfd00010ac6abd",15,<50,424,12,13,13,13,19,0,30,0,0,0,3,2,12,11
"282555,11f59a000771d3c31",8,<50,262,8,8,8,8,9,0,10,0,0,0,0,0,8,8
"282555,11f5c7000c4db07d1",83,50-100,778,50,60,64,64,20,0,46,0,35,31,39,29,9,0
"282555,11f6980002d85c3f6",3,<50,71,0,0,0,0,2,0,3,0,0,0,0,0,3,0
"282555,120083000fb7a3eb0",53,50-100,626,29,30,35,35,20,0,40,0,4,3,37,24,12,3
"282555,12015a0002f940c30",47,<50,612,23,33,36,36,18,0,37,0,0,0,16,11,31,22
"282555,12038a000f8e508d1",9,<50,261,3,4,4,4,10,0,14,0,0,0,0,0,9,4
"282555,1204a8000748f1934",52,50-100,789,38,44,48,48,38,0,60,0,0,0,20,15,32,29
"282555,1205ee0001645be78",3,<50,145,2,2,2,2,4,0,8,0,0,0,0,0,3,2
"282555,120fbf000530e7476",31,<50,458,23,26,27,27,24,0,37,0,0,0,19,15,12,11
"282555,120fde00000380e7c",59,50-100,740,26,38,41,41,22,0,51,0,15,11,39,26,5,1
"282555,121133000feced094",28,<50,427,6,6,6,6,26,0,37,0,0,0,3,3,25,3
"282555,121240007589d23b",32,<50,475,13,20,21,21,29,0,38,0,0,0,7,1,25,19
"282555,121fd9000fc7d3ce9",24,<50,184,17,20,20,20,12,0,20,0,12,8,8,8,4,4
"282555,12275c0003b652d1d",13,<50,817,6,7,9,9,13,0,21,0,0,0,0,0,13,7
"282555,122b3e0008c83618d",59,50-100,665,33,42,44,44,32,0,56,0,0,0,33,24,26,18
"282555,122e4d0002fa57a35",20,<50,725,5,5,6,6,13,0,28,0,0,0,0,0,20,5
"282555,12389000077f3a0bf",10,<50,654,7,8,9,9,15,0,28,0,0,0,1,0,9,8
"282555,123a39000b8611162",12,<50,709,9,10,10,10,14,0,21,0,0,0,7,5,5,5
"282555,123aeb000c74889d7",22,<50,434,8,11,13,13,9,0,18,0,0,0,14,4,8,7
"282555,123b81000a8b5b606",38,<50,857,23,28,29,31,29,0,45,0,0,0,6,3,32,25
"282555,1240360007312dae6",8,<50,663,5,6,6,6,11,0,22,0,0,0,0,0,8,6
"282555,1240cf000ee44854b",27,<50,675,23,25,26,26,22,0,33,0,0,0,4,3,23,22
"282555,1256af0004c320a30",49,<50,560,22,31,35,35,19,0,29,0,0,0,0,0,49,31
"282555,12cda000cea387d4",70,50-100,770,13,24,28,30,23,0,54,0,0,0,52,13,18,11
"282555,12d110007791a4d3",10,<50,347,9,9,9,9,10,0,12,0,0,0,0,0,10,9
"282555,12d620001389e6c9",10,<50,253,8,8,8,8,6,0,9,0,0,0,2,2,8,6
"282555,12e36000412759c3",19,<50,242,13,13,13,13,17,0,25,0,0,0,0,0,19,13
"282555,12f400006c94131b",205,150-300,981,33,54,81,99,15,0,36,0,0,0,12,0,193,54
"282555,130cb000bdf63d0a",18,<50,235,11,11,11,11,15,0,24,0,0,0,7,5,11,6
"282555,131b6000bca4e3fb",14,<50,173,8,8,8,8,6,0,11,0,0,0,8,4,6,4
"282555,1351000111e82a1",158,150-300,783,71,96,101,110,27,0,73,0,8,3,141,90,9,3
"282555,14190000ec991dda",132,100-150,836,22,40,61,72,10,0,18,0,8,2,118,34,6,4
"282555,14f0600095069c7e",8,<50,229,7,8,8,8,10,0,12,0,0,0,0,0,8,8
"282555,14f8500037192070",6,<50,119,6,6,6,6,6,0,6,0,0,0,0,0,6,6
"282555,1525f0007fef6ad6",7,<50,480,7,7,7,7,10,0,20,0,0,0,0,0,7,7
"282555,1531d0008f8cea5a",40,<50,950,18,26,32,33,32,0,75,0,3,2,24,13,13,11
"282555,1580007e3ba715",19,<50,279,12,13,13,13,13,0,24,0,0,0,3,2,16,11
"282555,15a080001859bf56",9,<50,222,7,7,7,7,11,0,15,0,0,0,0,0,9,7
"282555,160c1000c3319b57",21,<50,199,20,21,21,21,26,0,29,0,0,0,0,0,21,21
"282555,16176000f1a68327",10,<50,161,9,9,9,9,10,0,16,0,0,0,0,0,10,9
"282555,163f90009c863ff0",6,<50,342,6,6,6,6,16,0,25,0,0,0,0,0,6,6
"282555,16611000e32910a5",25,<50,522,20,22,22,22,23,0,30,0,0,0,0,0,25,22
"282555,167d5000e1962552",45,<50,1000,13,21,29,36,50,0,87,0,0,0,7,3,38,18
"282555,167f10006cdca523",14,<50,236,12,12,12,12,18,0,22,0,0,0,0,0,14,12
"282555,16a5a000e5588af5",8,<50,60,8,8,8,8,8,0,8,0,0,0,0,0,8,8
"282555,16ffb0001f1d79a2",11,<50,200,10,11,11,11,12,0,13,0,0,0,0,0,11,11
"282555,17081000e84f8197",5,<50,143,5,5,5,5,9,0,12,0,0,0,0,0,5,5
"282555,17126000bebeee2d",23,<50,286,12,15,15,15,32,0,41,0,0,0,0,0,23,15
"282555,1721000bc0f1797",31,<50,789,25,26,27,28,27,0,45,0,0,0,23,19,8,7
"282555,1746b0000d48703f",13,<50,126,10,10,10,10,14,0,15,0,0,0,0,0,13,10
"282555,1763a0004b1fdb4d",36,<50,267,26,33,33,33,41,0,49,0,0,0,0,0,36,33
"282555,1772e00046743437",47,<50,724,21,25,30,31,32,0,62,0,0,0,2,1,45,24
"282555,189480009bfad698",18,<50,157,17,17,17,17,20,0,26,0,0,0,0,0,18,17
"282555,18db3000aafeed4e",27,<50,325,17,22,22,22,28,0,34,0,0,0,4,3,23,19
"282555,18e9600054dc3080",12,<50,142,12,12,12,12,13,0,16,0,0,0,0,0,12,12
"282555,18fc20002d6106fa",47,<50,620,23,29,32,32,37,0,47,0,0,0,0,0,47,29
"282555,194bd000f832e410",31,<50,476,14,18,20,20,46,0,60,0,0,0,0,0,31,18
"282555,1972a000479a36d0",222,150-300,991,54,62,74,81,17,0,47,0,0,0,214,57,8,5
"282555,1974500051cd191a",8,<50,74,7,7,7,7,7,0,8,0,0,0,0,0,8,7
"282555,19c9a00050031937",38,<50,530,26,30,32,32,18,0,29,0,0,0,32,27,6,3
"282555,19e3a0004967cfa0",6,<50,208,4,4,4,4,6,0,11,0,0,0,4,4,2,0
"282555,1a349000718a210d",6,<50,176,6,6,6,6,8,0,13,0,0,0,0,0,6,6
"282555,1af06000865b9393",14,<50,301,6,7,7,7,21,0,27,0,0,0,0,0,14,7
"282555,1b2d50007ee6a567",6,<50,442,6,6,6,6,7,0,9,0,0,0,0,0,6,6
"282555,1b410000884ddc15",23,<50,282,15,16,16,16,18,0,26,0,0,0,11,9,12,7
"282555,1b5a600052b2d718",22,<50,696,10,13,17,17,23,0,40,0,0,0,0,0,22,13
"282555,1b5c9000aab4c1e7",12,<50,167,12,12,12,12,12,0,12,0,0,0,1,1,11,11
"282555,1ba80000d09456e3",5,<50,167,4,4,4,4,3,0,4,0,0,0,1,0,4,4
"282555,1baa8000aec847bc",6,<50,237,4,4,4,4,5,0,11,0,0,0,0,0,6,4
"282555,1be40000a0e0e5d2",33,<50,280,8,16,16,16,33,0,40,0,0,0,0,0,33,16
"282555,1be7a000ee72166f",55,50-100,829,19,23,29,33,35,0,66,0,0,0,0,0,55,23
"282555,1bfff000e3bb0564",100,100-150,590,42,50,55,55,27,0,48,0,1,0,3,2,96,48
"282555,1c3b000086d9552",23,<50,168,12,13,13,13,16,0,23,0,11,5,10,6,2,2
"282555,1c6400023924ded",4,<50,65,4,4,4,4,3,0,4,0,0,0,0,0,4,4
"282555,1c647000c525b6e7",20,<50,509,14,16,17,17,26,0,35,0,0,0,0,0,20,16
"282555,1c87c0009039396b",11,<50,208,9,10,10,10,11,0,13,0,0,0,0,0,11,10
"282555,1ca39000656e08bd",11,<50,399,9,10,10,10,9,0,18,0,0,0,4,4,7,6
"282555,1cb80003e4c9842",5,<50,128,5,5,5,5,4,0,5,0,0,0,4,4,1,1
"282555,1cc5b00068d8ff34",15,<50,404,13,14,14,14,16,0,28,0,0,0,0,0,15,14
"282555,1d23d0002abef8cb",12,<50,322,10,10,10,10,16,0,18,0,0,0,0,0,12,10
"282555,1d35b00024b79909",13,<50,324,5,6,6,6,16,0,27,0,0,0,0,0,13,6
"282555,1d48600059163644",8,<50,262,7,7,7,7,6,0,9,0,0,0,0,0,8,7
"282555,1d8e90001463c0fc",14,<50,382,5,6,6,6,10,0,29,0,0,0,0,0,14,6
"282555,1da8900052bf496f",12,<50,405,11,11,12,12,13,0,19,0,0,0,0,0,12,11
"282555,1e2800003b64a08d",22,<50,319,15,15,15,15,22,0,32,0,0,0,0,0,22,15
"282555,1e65a000f66ea1e8",20,<50,671,19,19,19,19,23,0,35,0,4,4,10,10,6,5
"282555,1e688000708f3fe7",77,50-100,612,17,22,26,26,9,0,19,0,0,0,32,5,45,17
"282555,1e87c000a4e6d187",123,100-150,679,38,47,53,53,27,0,43,0,0,0,86,24,37,23
"282555,1e94600017111781",3,<50,149,1,1,1,1,3,0,4,0,0,0,0,0,3,1
"282555,1ef8d0008f4748ad",9,<50,122,8,8,8,8,11,0,12,0,0,0,0,0,9,8
"282555,1f226000f63e2968",35,<50,556,19,27,28,28,37,0,50,0,0,0,0,0,35,27
"282555,1f2a80001a97211b",79,50-100,437,38,47,49,49,20,0,42,0,0,0,1,0,78,47
"282555,1f4e700089d1d2c1",8,<50,90,4,4,4,4,8,0,9,0,0,0,0,0,8,4
"282555,2027700011c2f28d",12,<50,257,12,12,12,12,15,0,18,0,0,0,0,0,12,12
"282555,20e2d0008ec7d2d7",19,<50,327,12,16,17,17,20,0,22,0,0,0,0,0,19,16
"282555,212110008bc4ff72",5,<50,100,3,3,3,3,8,0,13,0,0,0,0,0,5,3
"282555,2132900065a6fd7f",11,<50,369,7,7,7,7,16,0,22,0,0,0,0,0,11,7
"282555,2169a0004caaa75f",3,<50,31,2,2,2,2,2,0,2,0,0,0,0,0,3,2
"282555,217c7000752c740d",13,<50,265,9,10,10,10,17,0,25,0,0,0,0,0,13,10
"282555,21e56000e038a856",23,<50,266,21,23,23,23,17,0,25,0,12,12,11,11,0,0
"282555,21f8c000ac9ca9b1",90,50-100,736,21,34,42,45,21,0,38,0,0,0,58,18,32,16
"282555,21fad000c56032d5",32,<50,357,15,21,21,21,32,0,37,0,0,0,0,0,32,21
"282555,227ce0007db16565",21,<50,509,16,19,20,20,26,0,34,0,0,0,0,0,21,19
"282555,22fc6000e92fb939",22,<50,409,17,21,21,21,25,0,28,0,0,0,0,0,22,21
"282555,2301d000e3e5776c",15,<50,674,9,13,14,14,15,0,25,0,0,0,7,6,8,7
"282555,232a40009e16db1c",11,<50,463,7,7,7,7,8,0,15,0,0,0,0,0,11,7
"282555,2358000030037126",18,<50,526,10,10,10,10,20,0,27,0,0,0,0,0,18,10
"282555,238640003b9d8a74",8,<50,105,1,1,1,1,4,0,7,0,0,0,0,0,8,1
"282555,238a6000849f0478",14,<50,298,14,14,14,14,16,0,20,0,0,0,0,0,14,14
"282555,24a0f0001ffa95ee",6,<50,179,4,5,5,5,4,0,10,0,0,0,0,0,6,5
"282555,2500f000dcc6d906",10,<50,195,1,2,2,2,11,0,15,0,0,0,0,0,10,2
"282555,251a7000bdcc5a55",37,<50,936,19,26,28,29,21,0,43,0,0,0,7,4,30,22
"282555,25d42000fabe3ea7",4,<50,123,2,2,2,2,6,0,10,0,0,0,0,0,4,2
"282555,25fed000a31b8bb6",4,<50,155,2,3,3,3,8,0,14,0,0,0,0,0,4,3
"282555,263910003f40590a",30,<50,565,9,14,15,15,20,0,46,0,0,0,0,0,30,14
"282555,2662c0004f1e17bc",11,<50,279,10,10,10,10,7,0,10,0,0,0,0,0,11,10
"282555,2687000bc7aebe8",3,<50,177,3,3,3,3,3,0,4,0,0,0,1,1,2,2
"282555,2690a0008f428406",10,<50,101,4,4,4,4,3,0,7,0,0,0,1,0,9,4
"282555,26a2e000832eb71d",70,50-100,934,35,47,52,53,25,0,56,0,0,0,33,19,37,28
"282555,26cb20003dd6a118",3,<50,67,3,3,3,3,3,0,4,0,0,0,0,0,3,3
"282555,2741b000d312788c",4,<50,76,4,4,4,4,4,0,7,0,0,0,0,0,4,4
"282555,274a8000e6bc3158",6,<50,311,6,6,6,6,9,0,18,0,0,0,0,0,6,6
"282555,277b300029b332b5",28,<50,311,16,23,23,23,24,0,35,0,0,0,0,0,28,23
"282555,28220001916a93b",83,50-100,882,56,67,72,75,21,0,52,0,0,0,64,51,19,16
"282555,284a20003a530bb6",13,<50,267,11,11,11,11,13,0,33,0,0,0,0,0,13,11
"282555,2897c00092549854",3,<50,73,2,2,2,2,3,0,5,0,0,0,0,0,3,2
"282555,29049000af251de2",21,<50,71,3,3,3,3,6,0,7,0,0,0,0,0,21,3
"282555,295f70009bebdb51",85,50-100,679,49,69,74,74,29,0,56,0,48,42,37,27,0,0
"282555,29931000cf3e6d3c",4,<50,97,2,2,2,2,6,0,7,0,0,0,0,0,4,2
"282555,2a90700053e41115",3,<50,58,3,3,3,3,4,0,5,0,0,0,0,0,3,3
"282555,2ab37000ba7c98ff",12,<50,326,4,5,6,6,11,0,19,0,0,0,0,0,12,5
"282555,2b503000aef9c10d",5,<50,170,5,5,5,5,7,0,10,0,0,0,1,1,4,4
"282555,2bf700061d489b6",127,100-150,922,67,90,96,99,35,0,77,0,2,0,124,90,1,0
"282555,2c1580007c673ce5",24,<50,250,9,10,10,10,14,0,22,0,0,0,0,0,24,10
"282555,2c4aa0005b3f1c9f",6,<50,160,3,4,4,4,4,0,9,0,0,0,0,0,6,4
"282555,2c6a30006567bad4",28,<50,459,13,16,19,19,29,0,37,0,0,0,0,0,28,16
"282555,2c89c000398f54b5",28,<50,486,16,20,21,21,28,0,33,0,0,0,0,0,28,20
"282555,2cae80000271c96c",14,<50,437,10,11,12,12,22,0,33,0,0,0,0,0,14,11
"282555,2d8d200012268e1a",6,<50,150,5,5,5,5,6,0,9,0,0,0,0,0,6,5
"282555,2da88000d33705b5",14,<50,812,9,11,11,11,16,0,57,0,0,0,0,0,14,11
"282555,2dc960004c260b68",27,<50,571,23,26,26,26,19,0,31,0,0,0,27,26,0,0
"282555,2e26c000e83e7be7",21,<50,843,12,16,18,18,15,0,37,0,0,0,2,0,19,16
"282555,2e4e0000c0fee117",5,<50,327,5,5,5,5,4,0,13,0,0,0,0,0,5,5
"282555,2eda000050740616",27,<50,570,19,25,25,25,11,0,31,0,0,0,0,0,27,25
"282555,2f7b700064a9b7b7",26,<50,724,13,20,21,22,51,0,72,0,0,0,0,0,26,20
"282555,2fc830005e16f252",8,<50,179,8,8,8,8,9,0,17,0,0,0,0,0,8,8
"282555,2fe420000bd08d2d",17,<50,517,15,15,15,15,19,0,21,0,0,0,9,7,8,8
"282555,3103d000d7884417",43,<50,891,29,37,37,37,15,0,51,0,0,0,12,12,31,25
"282555,31b860000ea814c6",8,<50,566,8,8,8,8,10,0,18,0,0,0,2,2,6,6
"282555,31fd900092c9cfe3",48,<50,331,24,30,31,31,16,0,24,0,0,0,27,14,21,16
"282555,3226d000880a005a",6,<50,320,6,6,6,6,8,0,14,0,0,0,0,0,6,6
"282555,32375000010e3086",36,<50,652,24,32,34,34,28,0,53,0,0,0,11,8,25,24
"282555,323f400074b3994a",11,<50,285,8,8,8,8,4,0,14,0,0,0,1,1,10,7
"282555,32e80000b778b9c9",7,<50,340,5,6,6,6,10,0,15,0,0,0,0,0,7,6
"282555,34cf800061e59efa",33,<50,823,27,28,28,28,20,0,36,0,8,7,13,12,12,9
"282555,353740009e9d80e8",6,<50,723,6,6,6,6,9,0,17,0,0,0,0,0,6,6
"282555,357f3000b4b3e646",13,<50,532,10,11,11,11,11,0,19,0,1,1,1,1,11,9
"282555,358af00078d26e59",63,50-100,340,36,38,40,40,27,0,45,0,1,0,50,34,12,4
"282555,35b2000909e64ce",7,<50,93,6,6,6,6,8,0,9,0,0,0,0,0,7,6
"282555,35c1c00003978a0e",8,<50,486,1,1,1,1,13,0,28,0,0,0,0,0,8,1
"282555,35e640003f2f2755",27,<50,497,16,19,19,19,12,0,19,0,6,4,14,11,7,4
"282555,36c97000b6875717",86,50-100,975,32,46,56,64,16,0,81,0,0,0,0,0,86,46
"282555,3802e00048d5f4fb",6,<50,347,3,3,3,3,7,0,18,0,0,0,0,0,6,3
"282555,384ae0009ac88c14",5,<50,379,5,5,5,5,6,0,10,0,0,0,0,0,5,5
"282555,3854d0005ba79a7c",12,<50,525,4,4,4,4,9,0,19,0,0,0,0,0,12,4
"282555,3ae77000521eb951",5,<50,64,1,1,1,1,0,0,1,0,0,0,0,0,5,1
"282555,3bfc500096b43a24",5,<50,110,4,4,4,4,3,0,4,0,0,0,0,0,5,4
"282555,3c08300094c3349e",5,<50,323,5,5,5,5,11,0,15,0,0,0,0,0,5,5
"282555,3c1d4000ae7c75b4",9,<50,355,8,8,9,9,11,0,17,0,0,0,0,0,9,8
"282555,3c27d00082d73046",14,<50,275,9,11,11,11,8,0,17,0,0,0,10,9,4,2
"282555,3c8a1000f7ca5e4f",4,<50,431,2,2,2,2,13,0,21,0,0,0,0,0,4,2
"282555,3d265000e4864415",8,<50,138,6,6,6,6,11,0,15,0,0,0,0,0,8,6
"282555,3d2a100095c0169f",3,<50,150,1,1,1,1,3,0,3,0,0,0,0,0,3,1
"282555,3d62000080ff60fd",3,<50,178,2,3,3,3,5,0,9,0,0,0,0,0,3,3
"282555,3db3e000071d9314",11,<50,456,3,6,7,7,3,0,18,0,0,0,4,3,7,3
"282555,3ec81000a840eed1",5,<50,219,5,5,5,5,7,0,14,0,0,0,0,0,5,5
"282555,3ed4a0007cc892b0",8,<50,170,7,7,7,7,9,0,10,0,0,0,0,0,8,7
"282555,3f4850002e5327a6",5,<50,290,4,4,4,4,7,0,8,0,0,0,0,0,5,4
"282555,3fd0f000d328c05e",5,<50,308,5,5,5,5,7,0,7,0,0,0,0,0,5,5
"282555,414f500034755aa2",21,<50,334,19,19,19,19,8,0,25,0,0,0,3,3,18,16
"282555,4160d000a3635ca8",26,<50,169,15,16,16,16,11,0,13,0,12,5,13,10,1,1
"282555,4228500056c86c55",27,<50,141,24,24,24,24,15,0,22,0,25,23,2,1,0,0
"282555,423160004e462c58",25,<50,748,18,19,22,23,20,0,39,0,3,2,5,4,17,13
"282555,4239e000cdf90eba",25,<50,292,20,22,22,22,16,0,24,0,20,17,5,5,0,0
"282555,4255e000cc8a00fa",12,<50,271,11,11,11,11,10,0,12,0,0,0,10,9,2,2
"282555,430760004d3ec483",26,<50,308,24,24,25,25,17,0,25,0,22,20,3,3,1,1
"282555,43331000dfac2456",22,<50,482,19,21,22,22,15,0,23,0,0,0,4,4,18,17
"282555,43f3f000146b3f96",52,50-100,669,26,34,36,36,17,0,36,0,0,0,0,0,52,34
"282555,43fbd000329fe59f",10,<50,337,6,7,7,7,7,0,9,0,0,0,9,6,1,1
"282555,44017000542e5c1f",30,<50,343,29,29,30,30,19,0,32,0,0,0,6,6,24,23
"282555,442f700005474edf",46,<50,726,37,42,43,43,31,0,49,0,0,0,38,34,8,8
"282555,447c00003aad0398",10,<50,272,4,4,4,4,10,0,15,0,0,0,0,0,10,4
"282555,44e3100092af2bde",18,<50,498,17,18,18,18,15,0,19,0,0,0,7,7,11,11
"282555,44f00047f871a8",23,<50,538,18,18,21,21,24,0,41,0,0,0,0,0,23,18
"282555,4517b0000c9be75a",21,<50,364,19,19,20,20,22,0,29,0,0,0,17,15,4,4
"282555,45715000e1d694bd",56,50-100,373,35,42,43,43,21,0,30,0,0,0,27,16,29,26
"282555,46245000333830ad",25,<50,234,14,14,14,14,4,0,14,0,0,0,25,14,0,0
"282555,462b70006275753c",44,<50,358,29,33,34,34,22,0,39,0,0,0,0,0,44,33
"282555,465d90003213b3f0",67,50-100,798,28,38,42,43,25,0,48,0,1,0,30,15,36,23
"282555,4660c000dd749c3f",43,<50,863,26,30,35,37,28,0,42,0,0,0,20,14,23,16
"282555,46dd00007886ba22",12,<50,456,7,8,9,9,11,0,23,0,0,0,4,3,8,5
"282555,4705c00036911a05",45,<50,217,38,39,39,39,4,0,19,0,45,39,0,0,0,0
"282555,47273000587b4297",7,<50,369,7,7,7,7,8,0,11,0,0,0,0,0,7,7
"282555,4772500026682130",43,<50,447,35,36,38,38,24,0,38,0,1,1,42,35,0,0
"282555,489a300046f1235e",18,<50,527,16,16,16,16,15,0,22,0,4,3,8,8,6,5
"282555,48a590005b8a1d2c",37,<50,635,25,28,28,29,24,0,39,0,0,0,16,13,21,15
"282555,48a9a000d647d63d",27,<50,678,17,21,22,22,30,0,47,0,3,0,8,7,16,14
"282555,48db70007fa56fa3",72,50-100,561,38,54,56,56,41,0,67,0,24,16,48,38,0,0
"282555,48e0a00068a56a8a",24,<50,349,22,23,23,23,16,0,30,0,0,0,20,19,4,4
"282555,48edf00098ad167d",8,<50,133,8,8,8,8,7,0,8,0,7,7,1,1,0,0
"282555,48fac00059219e76",26,<50,230,20,22,22,22,14,0,24,0,12,8,14,14,0,0
"282555,4905e000556f7dd4",6,<50,263,5,5,5,5,7,0,9,0,0,0,0,0,6,5
"282555,49bad000df7da6d0",23,<50,220,19,20,20,20,10,0,21,0,13,10,10,10,0,0
"282555,4a450002d6ab5e0",12,<50,640,10,11,11,11,11,0,27,0,1,1,11,10,0,0
"282555,4ab2e0003a768bcc",23,<50,556,22,23,23,23,23,0,43,0,0,0,8,8,15,15
"282555,4bd5e00041405c76",10,<50,334,8,8,8,8,10,0,27,0,0,0,0,0,10,8
"282555,4be6a0001c54e240",22,<50,555,18,20,20,20,17,0,31,0,0,0,5,5,17,15
"282555,4c31700009ddf8e9",42,<50,431,32,34,36,36,28,0,56,0,32,26,10,8,0,0
"282555,4c4d00001eda2f4d",7,<50,614,3,5,5,5,8,0,19,0,0,0,0,0,7,5
"282555,4c52b00089639325",4,<50,1000,3,3,3,4,2,0,6,0,0,0,0,0,4,3
"282555,4c54c000ffef4773",5,<50,524,5,5,5,5,8,0,18,0,0,0,0,0,5,5
"282555,4cace000533aebc9",3,<50,723,2,3,3,3,6,0,14,0,0,0,0,0,3,3
"282555,4cb150008f4854fe",4,<50,883,2,2,2,2,4,0,21,0,0,0,0,0,4,2
"282555,4cd8f0001a6bf61a",7,<50,1000,4,4,4,5,23,0,45,0,0,0,0,0,7,4
"282555,4d1430009d1c4174",14,<50,808,13,14,14,14,22,0,45,0,0,0,10,10,4,4
"282555,4d466000d0c85551",24,<50,566,19,19,20,20,19,0,27,0,10,6,8,7,6,6
"282555,4d660008ec1e274",60,50-100,727,39,50,54,56,27,0,48,0,19,14,33,29,8,7
"282555,4db64000dbe0c5d3",8,<50,185,5,5,5,5,0,0,6,0,8,5,0,0,0,0
"282555,4e0b4000f884558e",38,<50,396,5,13,13,13,4,0,25,0,23,9,15,4,0,0
"282555,4e4f8000a189c0a7",9,<50,351,8,8,8,8,9,0,13,0,0,0,9,8,0,0
"282555,4e65f000319f01be",53,50-100,451,44,47,47,47,22,0,40,0,42,38,10,9,1,0
"282555,4eb1b000e5bea914",24,<50,755,16,16,17,17,19,0,46,0,7,3,16,12,1,1
"282555,4f442000fc46026d",33,<50,913,13,18,21,22,29,0,57,0,2,1,15,5,16,12
"282555,4f4d500058fb5045",23,<50,941,12,16,18,18,20,0,41,0,0,0,9,5,14,11
"282555,5016f000ac0819e1",18,<50,931,11,12,15,15,27,0,46,0,0,0,1,1,17,11
"282555,501aa0007d50146c",14,<50,383,13,13,13,13,5,0,18,0,10,9,4,4,0,0
"282555,507600020cc000d",17,<50,25,4,4,4,4,3,0,3,0,0,0,0,0,17,4
"282555,5082a000146f9038",28,<50,732,16,21,23,23,16,0,26,0,0,0,15,12,13,9
"282555,513c1000910ee926",54,50-100,508,36,45,45,45,23,0,46,0,0,0,37,29,17,16
"282555,52362000387d8a78",14,<50,465,11,11,11,11,11,0,14,0,5,4,8,6,1,1
"282555,5291d000aaf5b55e",12,<50,829,9,9,11,11,6,0,20,0,1,0,11,9,0,0
"282555,52980000c372f39",39,<50,575,23,27,27,27,21,0,34,0,33,21,6,6,0,0
"282555,539ad000ed70faca",42,<50,804,31,35,38,40,22,0,39,0,0,0,0,0,42,35
"282555,55566000aa3c353b",27,<50,442,14,14,14,14,11,0,23,0,16,3,7,7,4,4
"282555,559360000ad1be74",10,<50,324,8,8,8,8,8,0,16,0,0,0,9,7,1,1
"282555,55abf000166b9e71",59,50-100,650,40,48,50,50,36,0,55,0,26,23,25,19,8,6
"282555,57422000eb2dfb5f",4,<50,296,4,4,4,4,4,0,6,0,0,0,4,4,0,0
"282555,575650005a82ad49",7,<50,324,0,2,2,2,2,0,9,0,6,2,0,0,1,0
"282555,580a900027ce6df2",8,<50,166,8,8,8,8,7,0,19,0,7,7,1,1,0,0
"282555,580e2000fe303722",26,<50,711,8,11,13,14,11,0,30,0,7,0,11,3,8,8
"282555,584a500023461bb5",25,<50,928,17,19,19,20,20,0,40,0,0,0,1,0,24,19
"282555,59289000545e597b",14,<50,345,7,9,9,9,20,0,45,0,0,0,13,8,1,1
"282555,59c6000d61ce161",10,<50,225,3,3,3,3,5,0,9,0,0,0,5,3,5,0
"282555,5a177000e2c66c8d",19,<50,691,12,14,16,16,13,0,22,0,0,0,5,2,14,12
"282555,5a22c00089945e1a",51,50-100,891,34,42,45,45,30,0,42,0,9,6,29,26,13,10
"282555,5cc4c000c084995f",58,50-100,913,36,41,45,47,33,0,54,0,0,0,38,28,20,13
"282555,5dc04000b953abbb",6,<50,443,3,4,4,4,9,0,16,0,0,0,4,4,2,0
"282555,5dda100022c334cb",49,<50,917,12,17,19,20,27,0,61,0,0,0,1,0,48,17
"282555,5e20f00028f5c0c2",23,<50,746,17,19,20,20,20,0,41,0,0,0,2,1,21,18
"282555,5e4340009c304c27",6,<50,351,2,4,4,4,6,0,7,0,0,0,6,4,0,0
"282555,6031c0004e50a8f2",16,<50,939,12,14,14,14,42,0,80,0,0,0,5,5,11,9
"282555,604ea0002447ab43",15,<50,871,14,14,14,14,11,0,27,0,0,0,0,0,15,14
"282555,6079b00042bca77b",6,<50,605,3,4,4,4,7,0,19,0,0,0,5,4,1,0
"282555,607ba00080b370e1",3,<50,268,2,2,2,2,4,0,5,0,0,0,0,0,3,2
"282555,60eca00009879871",55,50-100,921,23,33,39,40,26,0,57,0,5,0,31,20,19,13
"282555,620400001aaf6add",63,50-100,821,42,50,52,53,26,0,52,0,4,4,44,33,15,13
"282555,6263000034fad4e8",3,<50,268,2,2,2,2,2,0,2,0,0,0,0,0,3,2
"282555,626aa0007ffb32fc",23,<50,408,19,21,21,21,19,0,26,0,5,3,16,16,2,2
"282555,626df000ac7d9314",5,<50,658,3,3,3,3,5,0,10,0,0,0,2,1,3,2
"282555,628b30000e092a71",7,<50,628,3,3,5,5,13,0,25,0,0,0,5,3,2,0
"282555,628da000e668bd50",14,<50,805,8,10,11,11,13,0,27,0,0,0,0,0,14,10
"282555,62de8000ad0aa754",4,<50,432,4,4,4,4,6,0,10,0,0,0,1,1,3,3
"282555,62e7a000af01b4c6",4,<50,971,3,3,3,3,3,0,9,0,0,0,0,0,4,3
"282555,6317800007a40113",6,<50,472,6,6,6,6,9,0,28,0,0,0,0,0,6,6
"282555,6337600011885158",12,<50,234,3,5,5,5,10,0,14,0,0,0,0,0,12,5
"282555,6358e00086a79169",68,50-100,437,45,51,55,55,24,0,36,0,20,10,42,35,6,6
"282555,635f9000f8460835",34,<50,678,14,20,22,22,18,0,37,0,0,0,9,7,25,13
"282555,636f5000ac310e0c",46,<50,251,26,28,28,28,18,0,28,0,33,23,6,4,7,1
"282555,637de000dae5549b",30,<50,471,27,29,29,29,26,0,39,0,1,1,24,24,5,4
"282555,639f500010b700d8",43,<50,749,25,31,34,36,24,0,39,0,8,4,17,14,18,13
"282555,63d5e00077d27336",8,<50,478,7,7,7,7,15,0,23,0,0,0,1,1,7,6
"282555,642d20002e8c8fc5",20,<50,380,17,17,17,17,17,0,20,0,4,2,11,10,5,5
"282555,642ec0006f170153",20,<50,214,18,19,19,19,12,0,28,0,17,16,3,3,0,0
"282555,64385000ab013e1e",16,<50,262,13,13,13,13,13,0,19,0,5,3,11,10,0,0
"282555,64452000167d398f",3,<50,243,3,3,3,3,5,0,7,0,0,0,0,0,3,3
"282555,646380008114e02f",27,<50,749,17,22,24,24,17,0,33,0,1,1,1,1,25,20
"282555,646df000cfb6eb19",5,<50,192,5,5,5,5,6,0,16,0,0,0,0,0,5,5
"282555,64b7d000f92db3b6",27,<50,338,20,25,25,25,22,0,31,0,16,15,8,7,3,3
"282555,64cbb0003ace94b4",45,<50,778,34,41,44,44,26,0,49,0,1,1,31,27,13,13
"282555,657be00043889e79",13,<50,623,8,9,9,9,16,0,26,0,0,0,1,1,12,8
"282555,660900006f3a6a72",29,<50,501,18,19,22,22,14,0,26,0,0,0,18,9,11,10
"282555,6657600071d2de40",28,<50,507,26,26,26,26,23,0,29,0,3,2,17,17,8,7
"282555,665af0008dadf86b",66,50-100,974,35,39,45,50,29,0,49,0,26,5,27,23,13,11
"282555,66a600088d7527e",13,<50,217,10,10,10,10,10,0,12,0,2,1,7,5,4,4
"282555,67728000d433eaa6",14,<50,547,10,10,10,10,17,0,26,0,0,0,5,4,9,6
"282555,6778c000681622a3",28,<50,614,22,24,25,25,25,0,42,0,0,0,1,0,27,24
"282555,67c97000ed985bb3",25,<50,549,20,23,23,23,15,0,42,0,0,0,14,13,11,10
"282555,67ded000b43fb897",21,<50,344,18,20,20,20,15,0,29,0,8,8,9,8,4,4
"282555,683700004d1c34ac",12,<50,468,7,8,8,8,12,0,23,0,0,0,10,6,2,2
"282555,69179000c5608b15",16,<50,899,11,12,12,14,25,0,44,0,1,1,7,5,8,6
"282555,69326000a31c15e6",26,<50,539,22,22,22,22,26,0,44,0,8,7,18,15,0,0
"282555,694040009c16d98d",25,<50,488,17,18,19,19,22,0,34,0,0,0,9,4,16,14
"282555,6a5590005d46c93d",32,<50,414,9,14,21,21,2,0,28,0,0,0,10,5,22,9
"282555,6a61f0004b5f7e50",6,<50,271,5,6,6,6,8,0,13,0,0,0,0,0,6,6
"282555,6adc00009d4c3170",13,<50,643,7,7,7,7,16,0,32,0,0,0,0,0,13,7
"282555,6adfb0003f4ecddd",114,100-150,923,24,31,51,60,37,0,73,0,5,0,96,24,13,7
"282555,6b48000f5f30dc0",81,50-100,616,42,55,62,62,17,0,32,0,14,9,67,46,0,0
"282555,6bbe00000a7ab10a",14,<50,433,12,13,13,13,18,0,36,0,0,0,0,0,14,13
"282555,6c635000e751a106",5,<50,200,4,4,4,4,6,0,11,0,0,0,0,0,5,4
"282555,6cde1000377ed2f3",32,<50,350,25,28,28,28,21,0,37,0,4,2,26,24,2,2
"282555,6d06b0000c1b14e6",18,<50,581,10,12,14,14,14,0,23,0,0,0,1,1,17,11
"282555,6d7200027231ace",27,<50,352,23,25,25,25,19,0,30,0,0,0,27,25,0,0
"282555,6d9f200073d6c869",37,<50,717,15,22,25,25,33,0,52,0,0,0,0,0,37,22
"282555,6da1d00018a9b94d",10,<50,278,7,9,9,9,23,0,30,0,0,0,0,0,10,9
"282555,6de32000e3b5b4b3",21,<50,512,14,18,19,19,20,0,33,0,0,0,8,8,13,10
"282555,6de970001686663c",37,<50,681,24,26,28,31,30,0,51,0,13,8,20,14,4,4
"282555,6deed000bd4a4f8f",17,<50,642,8,9,11,12,17,0,35,0,0,0,3,2,14,7
"282555,6dfe0002eccf6cb",22,<50,414,15,15,16,16,17,0,31,0,2,0,15,10,5,5
"282555,6e28b000bd154857",52,50-100,621,33,40,42,42,25,0,44,0,0,0,0,0,52,40
"282555,6e67f0004ecbfe0d",6,<50,191,4,4,4,4,8,0,13,0,0,0,0,0,6,4
"282555,6e6c0001449c30b",13,<50,211,12,12,12,12,11,0,18,0,2,2,11,10,0,0
"282555,6e7a00002f849397",4,<50,381,3,3,3,3,4,0,7,0,1,1,2,1,1,1
"282555,6ed860007f7ecc0b",18,<50,335,14,16,16,16,24,0,34,0,0,0,0,0,18,16
"282555,7010200021a4b63c",16,<50,407,14,15,15,15,25,0,39,0,0,0,0,0,16,15
"282555,704990007cc004ee",61,50-100,617,45,50,54,54,36,0,51,0,3,1,47,38,11,11
"282555,715100051f7de22",51,50-100,551,36,41,41,41,23,0,40,0,0,0,16,11,35,30
"282555,71a7400072af641f",27,<50,463,7,13,13,13,35,0,58,0,0,0,16,11,11,2
"282555,71aa00006939713d",20,<50,540,14,17,17,17,21,0,33,0,0,0,0,0,20,17
"282555,7202a0009cdc5ea2",10,<50,276,3,5,5,5,7,0,12,0,0,0,6,4,4,1
"282555,723cf00061ed5a87",13,<50,667,5,7,8,8,26,0,38,0,0,0,0,0,13,7
"282555,727f6000219bf3ed",20,<50,364,17,18,18,18,23,0,26,0,0,0,0,0,20,18
"282555,7294e000bc16b525",10,<50,273,8,8,8,8,6,0,12,0,6,6,1,1,3,1
"282555,72a47000509ccf93",32,<50,592,22,26,28,28,15,0,33,0,1,1,29,24,2,1
"282555,7540300047623303",28,<50,340,15,20,21,21,27,0,29,0,1,1,0,0,27,19
"282555,754290002128db33",7,<50,229,7,7,7,7,8,0,9,0,0,0,3,3,4,4
"282555,75aa600001120af3",6,<50,246,6,6,6,6,5,0,13,0,0,0,0,0,6,6
"282555,75b5f000bc7f1872",9,<50,304,6,7,7,7,10,0,11,0,1,1,0,0,8,6
"282555,75ba7000dfe99989",12,<50,357,11,11,11,11,15,0,20,0,0,0,0,0,12,11
"282555,75c84000ac181bb4",13,<50,392,7,7,7,7,10,0,21,0,0,0,0,0,13,7
"282555,76690000c34450c6",63,50-100,547,44,51,56,56,39,0,64,0,7,5,32,25,24,21
"282555,76b830007a228543",11,<50,343,10,10,10,10,11,0,18,0,0,0,10,9,1,1
"282555,77301000d00e7a59",66,50-100,478,32,41,50,50,33,0,56,0,0,0,0,0,66,41
"282555,773c000dcc48c29",103,100-150,868,48,73,84,87,23,0,52,0,38,21,63,51,2,1
"282555,778ed0000bc480e4",13,<50,154,11,12,12,12,9,0,14,0,0,0,6,5,7,7
"282555,77e320002544f8fa",7,<50,74,7,7,7,7,6,0,12,0,0,0,1,1,6,6
"282555,78afd0000e8dfc96",3,<50,86,3,3,3,3,4,0,5,0,0,0,0,0,3,3
"282555,78fe0000830f6715",52,50-100,956,18,26,31,32,34,0,62,0,0,0,1,1,51,25
"282555,7983c000438780da",11,<50,264,9,9,9,9,11,0,20,0,0,0,7,5,4,4
"282555,79edc00091ed6749",7,<50,107,4,4,4,4,4,0,7,0,0,0,0,0,7,4
"282555,79ffd000abbe117d",6,<50,283,6,6,6,6,8,0,14,0,0,0,0,0,6,6
"282555,7a3580004aa614d9",10,<50,404,8,8,8,8,13,0,24,0,0,0,0,0,10,8
"282555,7acaa00056617ce9",7,<50,184,7,7,7,7,13,0,25,0,0,0,1,1,6,6
"282555,7d2d60008cfeffc1",17,<50,251,5,7,7,7,11,0,18,0,0,0,0,0,17,7
"282555,7d9880003eab890d",48,<50,628,33,41,42,42,24,0,48,0,0,0,15,13,33,28
"282555,7dbd9000540e3ce1",4,<50,138,4,4,4,4,6,0,9,0,0,0,0,0,4,4
"282555,7dd70000db023b34",7,<50,338,5,5,5,5,9,0,17,0,0,0,0,0,7,5
"282555,7e70d00078c18d91",30,<50,566,18,24,25,25,10,0,24,0,19,13,8,8,3,3
"282555,7ecb6000af133e83",4,<50,106,4,4,4,4,2,0,6,0,0,0,0,0,4,4
"282555,7f055000a8756d89",4,<50,77,4,4,4,4,7,0,10,0,0,0,0,0,4,4
"282555,7f090000dae48130",14,<50,828,14,14,14,14,22,0,43,0,0,0,9,9,5,5
"282555,7fc8f00010089c7d",9,<50,148,9,9,9,9,18,0,23,0,0,0,0,0,9,9
"282555,7fd01000b67c70ce",3,<50,162,2,2,2,2,2,0,9,0,0,0,0,0,3,2
"282555,80c23000ffd339c7",31,<50,930,15,19,21,25,21,0,52,0,0,0,26,14,5,5
"282555,8152a000b8d23a9c",7,<50,107,7,7,7,7,6,0,17,0,0,0,0,0,7,7
"282555,81f8f000b632ddd8",3,<50,156,2,2,2,2,7,0,12,0,0,0,0,0,3,2
"282555,82003000a2cae6f7",9,<50,215,7,7,7,7,4,0,9,0,0,0,4,4,5,3
"282555,82aad000320f17fa",68,50-100,902,53,62,65,65,40,0,64,0,0,0,54,48,14,14
"282555,83355000f629c5cd",18,<50,455,7,9,10,10,8,0,21,0,18,9,0,0,0,0
"282555,83eb5000e939e16e",10,<50,594,8,8,9,9,9,0,13,0,0,0,6,4,4,4
"282555,84c1b0005ece50ad",11,<50,593,11,11,11,11,10,0,22,0,0,0,11,11,0,0
"282555,868570001a49b442",19,<50,813,6,11,11,12,20,0,34,0,18,10,1,1,0,0
"282555,86a6700074f10ef6",92,50-100,838,18,31,35,36,39,0,68,0,28,9,29,13,35,9
"282555,86e2f0003471a1ac",20,<50,277,12,15,15,15,24,0,27,0,0,0,0,0,20,15
"282555,870b9000265ce1ba",4,<50,67,4,4,4,4,5,0,8,0,0,0,0,0,4,4
"282555,871b10003f7c9663",16,<50,341,1,3,4,4,10,0,24,0,0,0,2,1,14,2
"282555,883e3000069cb652",12,<50,410,10,11,11,11,11,0,15,0,0,0,2,2,10,9
"282555,884520009e63c389",14,<50,324,0,0,0,0,18,0,32,0,0,0,6,0,8,0
"282555,88a0c0009f74eaa6",11,<50,341,8,8,8,8,12,0,19,0,0,0,3,2,8,6
"282555,89f290006cd0ac28",21,<50,741,13,17,17,17,22,0,31,0,6,6,13,10,2,1
"282555,8a1f8000ff4fdb53",3,<50,106,1,1,1,1,3,0,4,0,0,0,1,1,2,0
"282555,8a2b8000da09f081",22,<50,563,16,18,18,18,13,0,22,0,1,0,15,13,6,5
"282555,8a7a20000b5794a2",35,<50,579,22,23,26,26,22,0,32,0,0,0,29,18,6,5
"282555,8a7d90000c252553",47,<50,579,30,36,37,37,15,0,54,0,14,7,33,29,0,0
"282555,8ad7400057869f05",34,<50,757,19,23,25,26,27,0,39,0,1,0,21,13,12,10
"282555,8bd75000c25570ff",36,<50,535,33,33,33,33,20,0,35,0,18,16,13,12,5,5
"282555,8c40b000a5e43e71",7,<50,384,5,5,5,5,6,0,6,0,0,0,0,0,7,5
"282555,8c5110001980e6c4",53,50-100,591,35,39,43,43,40,0,53,0,0,0,14,11,39,28
"282555,8cda20008fea812c",49,<50,489,24,29,29,29,21,0,37,0,0,0,5,2,44,27
"282555,8e47d0002cae3b7c",21,<50,499,18,18,18,18,20,0,35,0,0,0,17,14,4,4
"282555,8f2e8000d2aa4dc5",39,<50,745,14,18,19,19,12,0,34,0,30,10,8,7,1,1
"282555,8fb6e00087ebf5ed",3,<50,235,3,3,3,3,7,0,11,0,1,1,0,0,2,2
"282555,8fe5d00098e9f1ac",25,<50,594,18,18,19,19,23,0,41,0,1,1,9,3,15,14
"282555,8ff2e000ca372c0e",6,<50,256,4,4,4,4,6,0,13,0,2,1,4,3,0,0
"282555,901d40009081aba1",14,<50,521,9,9,9,9,15,0,25,0,1,1,1,0,12,8
"282555,90455000ffc1b2b2",23,<50,765,20,21,21,21,15,0,23,0,0,0,2,2,21,19
"282555,90770002126c017",84,50-100,736,40,51,56,57,18,0,34,0,7,2,77,49,0,0
"282555,907d500072760d0d",12,<50,469,8,10,10,10,11,0,18,0,0,0,4,3,8,7
"282555,90d460007aaff956",32,<50,897,16,18,19,19,32,0,55,0,0,0,4,0,28,18
"282555,91384000946b4f90",15,<50,347,11,11,11,11,13,0,16,0,0,0,0,0,15,11
"282555,91ac40005044cfa3",9,<50,96,9,9,9,9,9,0,9,0,0,0,0,0,9,9
"282555,91ae20000e8373f8",157,150-300,958,42,77,96,101,11,0,59,0,0,0,59,25,98,52
"282555,9242f0008e0fdc50",6,<50,172,6,6,6,6,5,0,9,0,0,0,0,0,6,6
"282555,925e9000b4555e95",5,<50,198,0,0,0,0,6,0,9,0,0,0,0,0,5,0
"282555,92a130008812e131",30,<50,132,28,28,28,28,30,0,36,0,0,0,0,0,30,28
"282555,92bde0005b166c93",15,<50,230,14,14,14,14,18,0,26,0,0,0,0,0,15,14
"282555,92e33000b85a1bfd",11,<50,188,11,11,11,11,15,0,24,0,0,0,6,6,5,5
"282555,935970001d433f8b",3,<50,120,3,3,3,3,5,0,11,0,0,0,0,0,3,3
"282555,93c930007964c455",4,<50,103,4,4,4,4,3,0,5,0,0,0,0,0,4,4
"282555,93e94000d770c4e9",5,<50,72,5,5,5,5,5,0,6,0,0,0,0,0,5,5
"282555,93ed60001a457292",5,<50,57,5,5,5,5,6,0,9,0,0,0,0,0,5,5
"282555,94587000eb3a0d88",5,<50,74,5,5,5,5,5,0,5,0,0,0,0,0,5,5
"282555,945a300023be52e1",26,<50,318,17,19,19,19,25,0,27,0,0,0,1,0,25,19
"282555,947f900056b15fde",9,<50,121,9,9,9,9,14,0,18,0,0,0,0,0,9,9
"282555,94da2000067ebdfe",4,<50,20,4,4,4,4,3,0,4,0,0,0,0,0,4,4
"282555,94f6f00079cb698e",26,<50,893,9,13,16,16,27,0,55,0,0,0,0,0,26,13
"282555,95abd0006a45f2ed",11,<50,290,8,8,8,8,7,0,12,0,0,0,0,0,11,8
"282555,95ad80006ade2de8",26,<50,340,13,16,16,16,26,0,37,0,0,0,2,0,24,16
"282555,95b1c0005a582224",7,<50,154,7,7,7,7,11,0,14,0,0,0,0,0,7,7
"282555,95c2000e5741df9",12,<50,498,10,10,10,10,9,0,12,0,1,0,9,8,2,2
"282555,9717b000027a06a1",19,<50,391,6,8,9,9,15,0,30,0,2,0,10,2,7,6
"282555,9791100041ef256f",8,<50,108,5,5,5,5,3,0,5,0,0,0,0,0,8,5
"282555,97a14000419de5f4",27,<50,205,13,13,13,13,10,0,19,0,0,0,0,0,27,13
"282555,97a8c000f95b6f19",119,100-150,670,41,50,55,57,20,0,32,0,0,0,81,26,38,24
"282555,97aaf00059764c10",44,<50,275,18,26,26,26,12,0,19,0,0,0,39,21,5,5
"282555,97ca000da5e47a0",61,50-100,634,38,44,47,47,22,0,43,0,47,31,14,13,0,0
"282555,97e17000f0ddc4d9",31,<50,655,28,29,29,29,20,0,28,0,1,1,14,14,16,14
"282555,97f3c0000c94ccf6",11,<50,179,7,8,8,8,10,0,12,0,0,0,0,0,11,8
"282555,982b2000cedee6f0",254,150-300,978,32,75,106,125,8,0,29,0,0,0,249,72,5,3
"282555,9849200013a73e5e",178,150-300,982,22,49,67,87,4,0,26,0,0,0,164,45,14,4
"282555,98809000a4360df5",26,<50,530,22,24,24,24,27,0,35,0,0,0,0,0,26,24
"282555,98cf6000a5582b85",50,50-100,855,16,27,34,38,12,0,37,0,0,0,0,0,50,27
"282555,99201000ebc9b70d",13,<50,443,10,11,11,11,16,0,31,0,0,0,0,0,13,11
"282555,9a12400080172b6f",3,<50,50,2,2,2,2,2,0,3,0,0,0,0,0,3,2
"282555,9a1db0003377b5a0",55,50-100,865,28,33,39,44,36,0,54,0,0,0,0,0,55,33
"282555,9a38e0009aca580e",12,<50,249,11,11,11,11,13,0,18,0,0,0,0,0,12,11
"282555,9a5f80008898d31a",7,<50,240,1,1,1,1,11,0,19,0,0,0,0,0,7,1
"282555,9a7d800057019f0d",6,<50,74,6,6,6,6,3,0,5,0,0,0,0,0,6,6
"282555,9b09a0000f552fbe",5,<50,166,4,4,4,4,5,0,5,0,0,0,0,0,5,4
"282555,9b25f000aad280e8",42,<50,330,31,37,37,37,36,0,45,0,0,0,0,0,42,37
"282555,9b7a10002b291eb0",105,100-150,705,32,48,56,58,7,0,34,0,0,0,93,38,12,10
"282555,9ba600005d92789a",9,<50,421,8,9,9,9,7,0,13,0,0,0,4,4,5,5
"282555,9c481000422b0032",22,<50,654,15,15,16,16,22,0,32,0,0,0,0,0,22,15
"282555,9c4c100073fe930a",8,<50,130,8,8,8,8,13,0,20,0,0,0,0,0,8,8
"282555,9cf8d000d4c002a3",69,50-100,446,43,46,48,48,40,0,59,0,0,0,9,5,60,41
"282555,9d10900059348614",9,<50,347,2,3,3,3,8,0,10,0,0,0,1,1,8,2
"282555,9d15e000ff7fd3b9",7,<50,303,7,7,7,7,9,0,14,0,0,0,0,0,7,7
"282555,9d34400012a359e8",31,<50,501,19,23,24,24,15,0,34,0,0,0,0,0,31,23
"282555,9db40000acfd87d0",5,<50,129,5,5,5,5,4,0,7,0,0,0,0,0,5,5
"282555,9dc3e000ea269393",6,<50,68,6,6,6,6,8,0,11,0,0,0,0,0,6,6
"282555,9e5c700015cb2b61",15,<50,715,4,7,8,8,10,0,23,0,0,0,0,0,15,7
"282555,9ee05000afbe25a6",24,<50,909,12,14,17,18,19,0,41,0,0,0,4,2,20,12
"282555,9f1b2000ffa1d35b",6,<50,415,2,3,3,3,6,0,9,0,0,0,3,1,3,2
"282555,9f74a00041e933bf",50,50-100,891,24,29,31,33,24,0,65,0,0,0,4,0,46,29
"282555,9fdee0007278354e",34,<50,981,9,12,14,14,32,0,50,0,0,0,3,1,31,11
"282555,9fe82000aaffecc5",19,<50,410,15,17,17,17,16,0,22,0,4,3,9,9,6,5
"282555,a06130004ec23311",9,<50,112,0,0,0,0,7,0,11,0,0,0,0,0,9,0
"282555,a112e0004493f166",39,<50,606,29,35,35,35,19,0,41,0,0,0,34,30,5,5
"282555,a1ff30007a80c609",27,<50,402,19,22,22,22,18,0,21,0,4,3,7,4,16,15
"282555,a3290009bf6eba3",16,<50,222,14,14,14,14,9,0,13,0,5,5,11,9,0,0
"282555,a3e20005ff7a263",4,<50,182,3,3,3,3,5,0,11,0,0,0,0,0,4,3
"282555,a4abf0008175ecc1",79,50-100,388,55,67,68,68,20,0,28,0,68,56,10,10,1,1
"282555,a4b1c000ab79c5b5",18,<50,185,4,4,4,4,16,0,17,0,0,0,6,4,12,0
"282555,a4cba0004a7f0dbf",41,<50,273,26,32,32,32,11,0,25,0,22,14,19,18,0,0
"282555,a4dad000bca2ef89",101,100-150,296,52,65,65,65,11,0,38,0,48,25,53,40,0,0
"282555,a4edc00001f2b144",15,<50,96,13,13,13,13,8,0,14,0,12,11,3,2,0,0
"282555,a5030000e907f066",23,<50,343,20,21,21,21,19,0,27,0,12,12,11,9,0,0
"282555,a526b000f1c2f233",26,<50,289,25,25,25,25,19,0,30,0,13,13,13,12,0,0
"282555,a66c00063e8deee",23,<50,574,17,18,19,19,16,0,31,0,0,0,9,6,14,12
"282555,a68f1000444aba36",110,100-150,703,60,83,90,90,26,0,53,0,61,45,49,38,0,0
"282555,a6926000836a6f77",15,<50,136,15,15,15,15,7,0,18,0,13,13,2,2,0,0
"282555,a6f5d0007c467c80",7,<50,251,6,6,6,6,6,0,6,0,0,0,1,1,6,5
"282555,a7338000f40a5025",19,<50,137,18,18,18,18,12,0,18,0,16,15,3,3,0,0
"282555,a790009a78d811",168,150-300,681,59,96,110,112,17,0,45,0,35,10,133,86,0,0
"282555,a7b850000e3ef2af",52,50-100,506,31,35,38,38,30,0,41,0,19,16,19,15,14,4
"282555,a80a6000ddf206b4",20,<50,148,12,12,12,12,7,0,11,0,13,8,7,4,0,0
"282555,a82f90005b4f7f15",32,<50,215,26,28,28,28,12,0,30,0,19,16,13,12,0,0
"282555,a83270005249a10f",177,150-300,342,49,81,84,84,25,0,58,0,93,25,81,56,3,0
"282555,a84f9000bab0f6d9",21,<50,110,12,12,12,12,7,0,15,0,21,12,0,0,0,0
"282555,a8d86000f6480c8d",13,<50,157,10,10,10,10,7,0,16,0,12,9,0,0,1,1
"282555,a94a60004a7caae9",29,<50,290,9,13,13,13,19,0,28,0,7,5,17,6,5,2
"282555,a95ae00023adbec1",152,150-300,501,48,69,76,76,7,0,37,0,0,0,144,66,8,3
"282555,a9fea00022231385",18,<50,386,16,17,17,17,17,0,24,0,8,8,10,9,0,0
"282555,aa7e90009a35639b",6,<50,35,6,6,6,6,3,0,4,0,6,6,0,0,0,0
"282555,aaac40004ff1cda5",57,50-100,193,30,33,33,33,8,0,18,0,46,24,11,9,0,0
"282555,aabd3000ac6d6f51",16,<50,79,4,4,4,4,5,0,7,0,14,2,0,0,2,2
"282555,ab1eb000d4087a43",47,<50,416,37,40,41,41,30,0,37,0,11,6,35,33,1,1
"282555,ab2ad00009452688",36,<50,347,22,24,24,24,10,0,26,0,25,17,4,4,7,3
"282555,ab35800027e0cf7f",88,50-100,784,36,50,57,58,25,0,41,0,0,0,35,6,53,44
"282555,ab66c0008202d0a9",40,<50,269,27,30,30,30,17,0,25,0,9,1,17,16,14,13
"282555,abf1000e68374a6",7,<50,200,4,6,6,6,10,0,15,0,0,0,1,1,6,5
"282555,ac78800035cb9adb",22,<50,208,19,19,19,19,13,0,19,0,15,12,1,1,6,6
"282555,acce5000ed3a4d29",76,50-100,520,31,41,46,46,22,0,33,0,52,25,17,12,7,4
"282555,ad78c00029b8253f",58,50-100,260,33,37,37,37,12,0,23,0,47,30,10,7,1,0
"282555,ad7c800003c13668",33,<50,160,26,27,27,27,16,0,29,0,25,21,6,5,2,1
"282555,adae70001cefd9a5",17,<50,137,11,11,11,11,5,0,14,0,13,9,3,2,1,0
"282555,add2b00061d088a2",4,<50,102,4,4,4,4,8,0,10,0,0,0,0,0,4,4
"282555,ae07c0000d1669d8",30,<50,536,12,21,21,21,18,0,36,0,0,0,0,0,30,21
"282555,ae6020005d2d6b2b",3,<50,151,3,3,3,3,5,0,10,0,0,0,0,0,3,3
"282555,af98b0009cab66b0",24,<50,324,21,21,21,21,23,0,30,0,5,4,14,12,5,5
"282555,afaa90000a5c1808",11,<50,552,10,10,11,11,12,0,15,0,0,0,6,6,5,4
"282555,b07cd000e286c4e6",19,<50,318,15,17,17,17,11,0,30,0,4,4,11,9,4,4
"282555,b0a330000d8edb4b",5,<50,568,4,4,4,4,6,0,10,0,0,0,0,0,5,4
"282555,b0aad000b655985e",7,<50,204,7,7,7,7,11,0,17,0,0,0,0,0,7,7
"282555,b0c0000ff5ae958",38,<50,349,27,31,31,31,21,0,27,0,15,12,23,19,0,0
"282555,b0f0a0000e7d18f1",14,<50,292,14,14,14,14,15,0,25,0,0,0,0,0,14,14
"282555,b123b00071181269",41,<50,469,9,17,22,22,15,0,24,0,0,0,2,0,39,17
"282555,b167300025c91d19",6,<50,241,6,6,6,6,14,0,19,0,0,0,0,0,6,6
"282555,b16a00050d4e0c5",10,<50,197,7,7,7,7,8,0,11,0,0,0,2,1,8,6
"282555,b18f5000710b36d0",6,<50,203,6,6,6,6,6,0,12,0,0,0,0,0,6,6
"282555,b2afa00059ac3836",6,<50,193,6,6,6,6,11,0,17,0,0,0,0,0,6,6
"282555,b3a6d000bd4bef19",16,<50,292,14,14,14,14,11,0,19,0,0,0,2,1,14,13
"282555,b3a9b0007570899c",3,<50,115,2,2,2,2,6,0,12,0,0,0,0,0,3,2
"282555,b4071000d27eb668",9,<50,101,5,5,5,5,4,0,6,0,0,0,0,0,9,5
"282555,b408d0001115b7c7",4,<50,87,4,4,4,4,8,0,12,0,0,0,0,0,4,4
"282555,b410a000d3125f74",4,<50,267,1,1,1,1,6,0,13,0,0,0,0,0,4,1
"282555,b42f20003a40ca35",4,<50,87,4,4,4,4,5,0,8,0,0,0,0,0,4,4
"282555,b4a1e0003e33381d",4,<50,208,4,4,4,4,5,0,11,0,0,0,0,0,4,4
"282555,b52a5000b3ce83f5",34,<50,295,20,23,23,23,12,0,24,0,0,0,21,12,13,11
"282555,b541d0009e961b5a",5,<50,124,5,5,5,5,4,0,5,0,0,0,0,0,5,5
"282555,b58d00014b702fa",74,50-100,982,51,62,65,66,47,0,70,0,0,0,60,51,14,11
"282555,b61730000393fea0",7,<50,436,7,7,7,7,7,0,17,0,0,0,1,1,6,6
"282555,b635a000946b5be5",27,<50,264,5,5,5,5,20,0,30,0,2,2,20,3,5,0
"282555,b6c020002df447ea",43,<50,672,27,31,34,34,19,0,35,0,2,2,30,20,11,9
"282555,b6e85000d3b6ee0d",55,50-100,806,35,42,45,47,26,0,52,0,0,0,27,19,28,23
"282555,b6fd90004c23822b",18,<50,369,12,13,13,13,14,0,19,0,0,0,15,10,3,3
"282555,b700e000bc12ddd6",4,<50,187,4,4,4,4,5,0,9,0,0,0,3,3,1,1
"282555,b7115000e1ea0bd3",18,<50,644,13,16,17,17,15,0,21,0,0,0,0,0,18,16
"282555,b8660000c7eba0d2",37,<50,964,21,25,29,32,19,0,33,0,0,0,1,0,36,25
"282555,b87eb0008196810d",34,<50,706,28,30,30,30,17,0,33,0,0,0,24,20,10,10
"282555,b8c9b00012e85565",15,<50,378,14,14,14,14,14,0,18,0,0,0,3,3,12,11
"282555,b93ff0002dcc0f6e",26,<50,731,22,22,25,25,22,0,36,0,2,1,16,14,8,7
"282555,b96b2000691b3b5c",10,<50,362,9,10,10,10,6,0,10,0,0,0,4,4,6,6
"282555,b975c000ca06bdb9",66,50-100,952,32,45,53,53,27,0,57,0,9,5,33,23,24,17
"282555,b9bbc000667098d4",15,<50,527,11,13,14,14,19,0,26,0,0,0,4,4,11,9
"282555,ba08900046b356dd",10,<50,278,8,9,9,9,8,0,16,0,1,0,6,6,3,3
"282555,ba3d3000d6be4858",30,<50,480,26,29,29,29,20,0,29,0,0,0,1,1,29,28
"282555,baa5a00000be1da2",6,<50,216,0,0,0,0,6,0,12,0,0,0,1,0,5,0
"282555,bb3cf000192fdcbb",11,<50,526,8,9,9,9,11,0,13,0,0,0,11,9,0,0
"282555,bba44000815eaea0",46,<50,946,28,31,33,36,30,0,52,0,0,0,22,13,24,18
"282555,bbc9500035291045",94,50-100,547,56,71,74,74,31,0,55,0,47,31,47,40,0,0
"282555,bbd5a0009aff9175",26,<50,513,12,12,12,12,11,0,19,0,2,0,14,4,10,8
"282555,bc095000c3bab4b1",6,<50,257,6,6,6,6,4,0,12,0,0,0,5,5,1,1
"282555,bc63a000a1992322",21,<50,534,15,16,17,17,24,0,31,0,0,0,11,9,10,7
"282555,bc73f000c20d1945",8,<50,211,6,6,6,6,0,0,2,0,0,0,8,6,0,0
"282555,bc8fb000639672f5",10,<50,448,9,10,10,10,9,0,16,0,0,0,8,8,2,2
"282555,bcb71000f440d5f9",36,<50,753,18,22,23,24,22,0,48,0,1,1,8,4,27,17
"282555,bcc8500096f8dcd4",36,<50,703,18,28,31,31,20,0,48,0,2,2,17,12,17,14
"282555,bcd1800056a14d0f",43,<50,934,23,26,29,33,34,0,49,0,4,1,23,13,16,12
"282555,bd16f000618b416a",25,<50,440,17,20,20,20,21,0,34,0,0,0,0,0,25,20
"282555,bd6a1000d9ee1249",19,<50,529,14,18,19,19,18,0,25,0,0,0,9,8,10,10
"282555,bd736000e7834f7c",5,<50,194,3,4,4,4,1,0,6,0,1,1,4,3,0,0
"282555,bd75000e1edd7cc",29,<50,615,16,20,23,23,35,0,47,0,0,0,0,0,29,20
"282555,bda3f00014618e23",41,<50,619,25,32,35,35,27,0,43,0,0,0,30,22,11,10
"282555,bdb620003960339d",4,<50,306,0,0,0,0,7,0,12,0,0,0,0,0,4,0
"282555,bdd8600048970ee0",43,<50,523,29,34,35,35,17,0,33,0,23,18,20,16,0,0
"282555,be798000ee23212b",52,50-100,646,13,18,18,18,23,0,37,0,0,0,14,6,38,12
"282555,be9e80003fa45197",27,<50,647,18,23,23,23,16,0,31,0,0,0,6,6,21,17
"282555,bf3b0002e0f9d5d",115,100-150,653,45,67,80,81,20,0,39,0,63,27,52,40,0,0
"282555,c0465000d3cf7191",8,<50,652,8,8,8,8,11,0,26,0,0,0,1,1,7,7
"282555,c05e600016305436",20,<50,468,14,14,15,15,12,0,20,0,5,5,15,9,0,0
"282555,c063700003b0e740",16,<50,622,12,13,13,13,24,0,37,0,0,0,7,7,9,6
"282555,c0775000d47c0fd8",8,<50,804,5,6,6,6,7,0,11,0,1,1,5,5,2,0
"282555,c1300000101d4703",43,<50,577,21,30,32,32,21,0,35,0,0,0,5,4,38,26
"282555,c2471000638974d1",50,50-100,588,32,36,36,36,23,0,44,0,0,0,38,26,12,10
"282555,c31b0000dc20ba77",35,<50,804,19,25,25,25,25,0,45,0,6,6,26,19,3,0
"282555,c340e00043f1a6b9",48,<50,912,25,29,33,35,33,0,57,0,0,0,26,12,22,17
"282555,c376d00034b5a678",9,<50,401,7,7,7,7,13,0,24,0,0,0,1,1,8,6
"282555,c3b79000c0b58ce7",14,<50,451,12,14,14,14,10,0,14,0,1,1,12,12,1,1
"282555,c3e1900066084506",8,<50,175,3,3,3,3,6,0,10,0,0,0,0,0,8,3
"282555,c4237000be55e992",22,<50,438,13,13,13,13,12,0,20,0,8,2,13,10,1,1
"282555,c469e000d20d4fc6",10,<50,222,1,1,1,1,4,0,10,0,0,0,3,0,7,1
"282555,c48d5000f29e4702",21,<50,710,17,17,19,19,17,0,30,0,0,0,16,13,5,4
"282555,c49db0002b4315af",24,<50,489,21,22,22,22,22,0,35,0,8,7,13,13,3,2
"282555,c4df0000a471c1f4",41,<50,726,25,30,33,33,20,0,37,0,0,0,32,23,9,7
"282555,c4fde000dd031c65",10,<50,327,10,10,10,10,10,0,15,0,0,0,9,9,1,1
"282555,c533b0002211c3c9",58,50-100,747,31,40,48,48,28,0,45,0,0,0,11,6,47,34
"282555,c53d7000067effde",28,<50,575,21,23,23,23,20,0,33,0,2,1,21,19,5,3
"282555,c5897000822c0e3f",31,<50,781,23,25,27,27,21,0,36,0,0,0,0,0,31,25
"282555,c5a0e0004fed3f7b",49,<50,759,40,43,45,46,23,0,50,0,1,1,38,32,10,10
"282555,c5aa4000959a76b7",43,<50,765,31,34,36,37,32,0,49,0,0,0,16,12,27,22
"282555,c5e900056d22e6d",8,<50,346,6,8,8,8,8,0,12,0,0,0,0,0,8,8
"282555,c5ebf000256df66f",22,<50,446,16,16,17,17,18,0,33,0,3,3,9,7,10,6
"282555,c6870000aa81fbac",27,<50,510,17,22,22,22,22,0,36,0,2,1,10,8,15,13
"282555,c68b00000de5cce4",21,<50,276,17,20,20,20,22,0,26,0,0,0,0,0,21,20
"282555,c6c4100005169d01",17,<50,334,17,17,17,17,19,0,22,0,2,2,2,2,13,13
"282555,c6da0000f42a0736",19,<50,344,14,16,16,16,26,0,36,0,0,0,0,0,19,16
"282555,c6fbf000ddba30fb",20,<50,495,13,17,20,20,21,0,26,0,0,0,0,0,20,17
"282555,c75fb0007a716f2e",5,<50,140,1,1,1,1,8,0,15,0,0,0,0,0,5,1
"282555,c769f00067f37f5a",24,<50,420,13,19,20,20,18,0,31,0,1,0,7,6,16,13
"282555,c787000d418ebdb",7,<50,91,7,7,7,7,8,0,11,0,0,0,0,0,7,7
"282555,c78770002cd70438",26,<50,555,22,24,24,24,23,0,36,0,0,0,3,3,23,21
"282555,c7b98000630a750a",5,<50,46,5,5,5,5,6,0,6,0,0,0,0,0,5,5
"282555,c83630003a0025f8",3,<50,105,3,3,3,3,3,0,4,0,0,0,0,0,3,3
"282555,c87f3000fc678c33",4,<50,95,0,0,0,0,7,0,9,0,0,0,0,0,4,0
"282555,c8b240009747ec61",15,<50,201,14,15,15,15,15,0,17,0,0,0,4,4,11,11
"282555,c8da000085b13383",13,<50,192,13,13,13,13,14,0,17,0,0,0,0,0,13,13
"282555,c921400072cd8143",10,<50,365,10,10,10,10,12,0,18,0,0,0,0,0,10,10
"282555,c969b000388857e6",36,<50,902,19,23,28,29,22,0,39,0,0,0,0,0,36,23
"282555,c98d7000f01900a4",22,<50,172,17,18,18,18,24,0,31,0,0,0,0,0,22,18
"282555,c99410000b5b1da1",22,<50,561,17,18,21,21,23,0,36,0,0,0,10,10,12,8
"282555,c9bea000c17ea2b1",12,<50,521,9,9,10,10,11,0,30,0,0,0,0,0,12,9
"282555,ca3c300006380683",14,<50,229,13,13,13,13,12,0,14,0,0,0,0,0,14,13
"282555,ca7300009d95703f",9,<50,179,7,8,8,8,11,0,18,0,0,0,0,0,9,8
"282555,caa04000043df5ba",67,50-100,772,30,45,52,56,14,0,40,0,5,2,36,25,26,18
"282555,cac87000d30f8f1e",13,<50,310,7,9,9,9,14,0,21,0,0,0,0,0,13,9
"282555,cb22600036386030",23,<50,388,19,21,22,22,18,0,22,0,0,0,0,0,23,21
"282555,cb4a6000d0cdf811",17,<50,480,13,14,14,14,17,0,20,0,0,0,0,0,17,14
"282555,cba13000409715cf",9,<50,336,8,9,9,9,13,0,21,0,0,0,0,0,9,9
"282555,cbe2b000ee17d88f",37,<50,179,26,29,29,29,18,0,27,0,8,3,17,16,12,10
"282555,cc128000715d30e6",27,<50,351,16,19,19,19,29,0,36,0,0,0,0,0,27,19
"282555,cc7a000b087c99c",19,<50,277,13,14,14,14,11,0,15,0,0,0,0,0,19,14
"282555,cc82800005e92f56",11,<50,341,10,10,10,10,14,0,18,0,0,0,0,0,11,10
"282555,ccb81000b87f1126",16,<50,384,14,14,14,14,13,0,28,0,0,0,0,0,16,14
"282555,cd29100023547a30",79,50-100,771,35,47,54,58,24,0,47,0,0,0,55,28,24,19
"282555,cd2b60006180723f",15,<50,229,9,11,11,11,13,0,21,0,0,0,0,0,15,11
"282555,cd2d100068fa140b",11,<50,110,10,10,10,10,11,0,11,0,0,0,0,0,11,10
"282555,cd85800016a9e520",19,<50,135,13,14,14,14,19,0,23,0,0,0,0,0,19,14
"282555,cdb1f000ec3bb4ff",21,<50,361,17,20,20,20,14,0,18,0,0,0,0,0,21,20
"282555,cdc7600031de22f5",10,<50,175,7,7,7,7,7,0,11,0,0,0,0,0,10,7
"282555,cdf99000838592c7",77,50-100,493,44,56,58,58,25,0,42,0,34,21,34,26,9,9
"282555,ce026000fc922ba6",7,<50,148,6,6,6,6,8,0,9,0,0,0,0,0,7,6
"282555,ce19000d68989ee",16,<50,282,9,10,10,10,9,0,15,0,0,0,0,0,16,10
"282555,ce3980002791885f",8,<50,128,8,8,8,8,9,0,14,0,0,0,0,0,8,8
"282555,ce645000d8783ed5",3,<50,154,2,2,2,2,2,0,3,0,0,0,0,0,3,2
"282555,ce72c00008ed8083",18,<50,492,12,16,16,16,15,0,24,0,0,0,4,3,14,13
"282555,ce76b000f366c147",17,<50,388,15,15,15,15,18,0,25,0,0,0,1,1,16,14
"282555,ce7be000c6866f26",16,<50,180,14,14,14,14,17,0,19,0,0,0,0,0,16,14
"282555,ce8110009a020743",15,<50,445,10,12,12,12,14,0,27,0,0,0,0,0,15,12
"282555,cec51000d8d41063",35,<50,482,29,30,31,31,23,0,36,0,8,4,19,18,8,8
"282555,cef2d000ab335be1",7,<50,123,5,5,5,5,9,0,9,0,0,0,0,0,7,5
"282555,d01e7000e5add35e",6,<50,312,3,3,3,3,7,0,9,0,0,0,0,0,6,3
"282555,d023000f508c381",18,<50,175,4,4,4,4,12,0,18,0,0,0,4,0,14,4
"282555,d03af0000fa3b65d",3,<50,92,1,1,1,1,5,0,6,0,0,0,0,0,3,1
"282555,d0a1e00008e705bb",26,<50,546,8,9,11,11,15,0,20,0,6,6,0,0,20,3
"282555,d10aa000f0382830",93,50-100,646,56,76,80,80,22,0,47,0,0,0,60,48,33,28
"282555,d276f0007d820832",4,<50,143,4,4,4,4,4,0,5,0,0,0,0,0,4,4
"282555,d2d41000b407bf13",22,<50,584,12,16,17,17,14,0,23,0,0,0,2,1,20,15
"282555,d3db10003dc50da0",5,<50,257,5,5,5,5,4,0,7,0,0,0,0,0,5,5
"282555,d3dd700007f777c3",18,<50,271,14,16,16,16,15,0,22,0,4,3,10,9,4,4
"282555,d40370005a6e7bca",9,<50,360,7,8,8,8,12,0,20,0,0,0,0,0,9,8
"282555,d413d000e412e2e7",138,100-150,606,42,61,74,74,18,0,39,0,54,12,84,49,0,0
"282555,d4419000e35ad133",19,<50,598,10,13,14,14,15,0,29,0,0,0,0,0,19,13
"282555,d466c000b15a2d73",82,50-100,551,62,71,76,76,23,0,46,0,4,1,76,68,2,2
"282555,d46ba00034a1a73a",63,50-100,968,33,40,43,45,31,0,43,0,0,0,4,2,59,38
"282555,d4b77000f1f9c23a",57,50-100,503,16,25,27,27,11,0,23,0,0,0,44,14,13,11
"282555,d4ec9000ff02dc3c",17,<50,454,12,13,14,14,12,0,21,0,0,0,0,0,17,13
"282555,d65420003f66675a",33,<50,657,28,28,28,28,19,0,30,0,1,0,31,27,1,1
"282555,d78b1000f0c009cd",74,50-100,587,31,39,45,45,21,0,38,0,40,15,2,1,32,23
"282555,d80500005ac09789",10,<50,283,9,10,10,10,11,0,19,0,0,0,0,0,10,10
"282555,d831b000b911e236",16,<50,281,7,9,9,9,18,0,28,0,8,7,8,2,0,0
"282555,d8ad60001f0f5194",49,<50,323,29,35,35,35,21,0,41,0,40,26,9,9,0,0
"282555,d8b2b0004a87be57",6,<50,519,6,6,6,6,12,0,18,0,0,0,0,0,6,6
"282555,d9400002362fe0f",6,<50,347,3,3,3,3,8,0,18,0,0,0,0,0,6,3
"282555,d94a9000e2959206",12,<50,638,10,10,10,10,21,0,33,0,0,0,0,0,12,10
"282555,d9dc6000e9cd678f",7,<50,238,1,2,2,2,7,0,15,0,0,0,0,0,7,2
"282555,da8d9000ec9aa0d8",31,<50,512,27,29,29,29,23,0,42,0,9,7,20,20,2,2
"282555,dac620006b3c2915",131,100-150,581,17,27,34,34,25,0,40,0,1,0,39,5,91,22
"282555,db31b000ee0fa432",60,50-100,391,19,20,20,20,2,0,8,0,1,0,59,20,0,0
"282555,dc3ae0000b633ee7",101,100-150,413,63,86,88,88,18,0,54,0,37,27,64,59,0,0
"282555,dc46b000af522dbb",16,<50,422,14,14,14,14,17,0,28,0,0,0,3,3,13,11
"282555,dcaf4000bcfa4160",35,<50,433,22,25,25,25,22,0,35,0,0,0,0,0,35,25
"282555,ddda200068f480a7",54,50-100,510,34,39,40,40,31,0,54,0,8,3,40,31,6,5
"282555,ddeb00009da856d1",65,50-100,571,29,47,52,52,21,0,34,0,11,8,45,31,9,8
"282555,ddfb000d228350d",6,<50,937,5,5,5,5,10,0,51,0,0,0,0,0,6,5
"282555,de37c000de9daba0",7,<50,297,5,6,6,6,9,0,14,0,0,0,0,0,7,6
"282555,de79a000dedc277b",31,<50,229,24,26,26,26,21,0,26,0,22,18,9,8,0,0
"282555,df161000e09f397d",8,<50,277,7,7,7,7,12,0,16,0,0,0,0,0,8,7
"282555,df9a10005bbb6146",77,50-100,965,40,52,56,59,28,0,54,0,0,0,49,35,28,17
"282555,dfac5000a7f15c12",13,<50,305,11,12,12,12,13,0,26,0,0,0,5,4,8,8
"282555,dfae5000bd8756fa",136,100-150,687,66,102,108,109,24,0,66,0,10,5,125,97,1,0
"282555,dfe1900058f86f1e",22,<50,432,19,19,19,19,22,0,27,0,1,1,8,6,13,12
"282555,e021e0005eeeccf3",57,50-100,750,28,35,40,45,19,0,40,0,1,1,48,28,8,6
"282555,e05c1000fb63d14e",45,<50,844,34,40,41,41,27,0,45,0,17,12,22,22,6,6
"282555,e07dd000092e9ab7",31,<50,651,26,29,31,31,17,0,31,0,0,0,28,26,3,3
"282555,e0a8e0005896a353",26,<50,524,17,18,18,18,21,0,27,0,1,1,17,11,8,6
"282555,e0ad3000e27d5f04",44,<50,539,37,40,41,41,29,0,39,0,10,9,34,31,0,0
"282555,e0de400039a61a24",18,<50,138,14,15,15,15,14,0,19,0,8,8,10,7,0,0
"282555,e1312000e8fc5c74",94,50-100,622,73,86,89,89,44,0,69,0,66,59,28,27,0,0
"282555,e19fb000ff65deae",9,<50,164,8,8,8,8,9,0,16,0,0,0,2,2,7,6
"282555,e1b100009dcbec8a",7,<50,154,6,6,6,6,7,0,11,0,0,0,0,0,7,6
"282555,e1b520001ac98ead",61,50-100,701,43,52,54,54,29,0,49,0,6,5,46,39,9,8
"282555,e1c800000d813556",41,<50,757,17,28,33,33,19,0,36,0,3,2,29,20,9,6
"282555,e2bd9000c1fdf4b4",95,50-100,444,64,79,81,81,26,0,45,0,65,53,30,26,0,0
"282555,e2c04000b6ec603c",38,<50,283,19,19,19,19,10,0,27,0,2,2,36,17,0,0
"282555,e2d8d000c98f2299",25,<50,321,19,20,20,20,18,0,23,0,4,4,20,15,1,1
"282555,e4224000514be30b",28,<50,389,22,24,24,24,16,0,26,0,6,6,18,14,4,4
"282555,e514000d9159a75",14,<50,118,12,12,12,12,15,0,15,0,0,0,0,0,14,12
"282555,e58d1000af74fc55",10,<50,251,9,9,9,9,10,0,15,0,0,0,0,0,10,9
"282555,e59aa00066a64a02",31,<50,318,20,22,22,22,4,0,25,0,31,22,0,0,0,0
"282555,e5a28000d8c87935",20,<50,242,18,18,18,18,18,0,26,0,8,8,9,7,3,3
"282555,e5b4400003ab98b6",21,<50,341,13,14,14,14,13,0,20,0,0,0,0,0,21,14
"282555,e5e68000a556dbf2",24,<50,467,20,22,23,23,23,0,35,0,0,0,0,0,24,22
"282555,e6af8000bd39db55",22,<50,453,20,21,21,21,21,0,32,0,0,0,17,17,5,4
"282555,e73cc000653f4ffe",43,<50,528,32,37,37,37,27,0,43,0,19,14,21,20,3,3
"282555,e7b65000e44b96de",14,<50,286,10,12,12,12,14,0,27,0,0,0,9,8,5,4
"282555,e86ca000b4373e1e",55,50-100,733,37,46,48,48,23,0,48,0,5,5,36,28,14,13
"282555,e8b41000c7768d8d",84,50-100,626,34,58,63,63,23,0,59,0,0,0,70,46,14,12
"282555,e8ebd000140dc2a2",23,<50,691,16,17,17,17,25,0,35,0,0,0,0,0,23,17
"282555,e8fe2000f3547b7a",84,50-100,546,43,55,61,61,9,0,35,0,17,7,67,48,0,0
"282555,e9692000daa6dbf0",26,<50,553,24,24,25,25,25,0,39,0,0,0,11,9,15,15
"282555,e972f0007820f748",26,<50,371,22,24,24,24,14,0,28,0,16,14,8,8,2,2
"282555,e976b000b410aa07",36,<50,552,28,32,34,34,24,0,42,0,0,0,3,3,33,29
"282555,eaa6a0005b19280f",31,<50,324,24,26,26,26,19,0,29,0,12,11,19,15,0,0
"282555,eaac5000c78ad1c1",22,<50,158,18,19,19,19,21,0,33,0,22,19,0,0,0,0
"282555,eab65000ef24ce3c",3,<50,99,1,1,1,1,4,0,7,0,0,0,0,0,3,1
"282555,eab87000d7a3ddfb",36,<50,362,18,21,21,21,15,0,24,0,6,2,27,16,3,3
"282555,eac69000d44a4470",22,<50,451,11,12,12,12,12,0,23,0,0,0,18,11,4,1
"282555,ebf7000cd6381b0",27,<50,641,11,13,17,18,27,0,39,0,0,0,0,0,27,13
"282555,ec6710009d8973b5",19,<50,520,19,19,19,19,20,0,32,0,0,0,18,18,1,1
"282555,ec6a3000de179e5c",59,50-100,328,41,44,44,44,17,0,28,0,40,28,18,16,1,0
"282555,ec6d4000b8753a14",60,50-100,817,34,43,48,48,33,0,62,0,1,1,29,21,30,21
"282555,ed9e10008bf96c74",20,<50,410,11,13,13,13,13,0,26,0,6,2,5,5,9,6
"282555,edeb900065a9f3df",69,50-100,714,41,48,50,50,29,0,51,0,19,13,50,35,0,0
"282555,edf4c000eda7e7f4",16,<50,266,9,9,9,9,14,0,30,0,0,0,11,7,5,2
"282555,ee5d3000bb46540e",68,50-100,517,39,49,53,53,21,0,38,0,0,0,22,12,46,37
"282555,efc800065cb238a",14,<50,117,8,8,8,8,6,0,12,0,0,0,0,0,14,8
"282555,f03cc0002ecf6d1e",100,100-150,479,46,60,62,62,16,0,46,0,33,13,65,45,2,2
"282555,f0dc90004485a17c",12,<50,162,10,10,10,10,9,0,15,0,3,1,9,9,0,0
"282555,f0ec800039cedede",18,<50,245,17,17,17,17,13,0,19,0,0,0,2,1,16,16
"282555,f19db000e6e5c253",38,<50,596,19,23,25,25,25,0,43,0,7,2,18,14,13,7
"282555,f1f720006db7fbad",18,<50,400,15,16,16,16,15,0,29,0,0,0,5,4,13,12
"282555,f24d80000c38bae0",5,<50,162,4,5,5,5,10,0,11,0,0,0,0,0,5,5
"282555,f251a0009e63210b",82,50-100,356,46,57,58,58,27,0,50,0,74,49,8,8,0,0
"282555,f2559000d90ac30d",27,<50,730,17,18,18,18,21,0,35,0,0,0,19,16,8,2
"282555,f322e0001f469d77",7,<50,299,5,5,5,5,3,0,8,0,4,4,0,0,3,1
"282555,f352c000d8213ac2",18,<50,404,14,14,14,14,16,0,27,0,3,1,12,11,3,2
"282555,f355b0009fde75c0",78,50-100,495,54,65,66,66,30,0,47,0,63,50,15,15,0,0
"282555,f359600065bc7551",131,100-150,577,54,93,98,98,13,0,38,0,0,0,126,88,5,5
"282555,f45a70003ed70e55",56,50-100,574,36,40,43,43,20,0,41,0,16,11,32,22,8,7
"282555,f46440009ea52dc7",15,<50,429,13,13,13,13,9,0,21,0,0,0,2,2,13,11
"282555,f4e2900052cea4a3",96,50-100,911,50,63,69,70,38,0,67,0,9,0,27,9,60,54
"282555,f5aec000e5d7d015",43,<50,366,26,28,28,28,1,0,15,0,43,28,0,0,0,0
"282555,f5cd4000aa2fedf3",55,50-100,699,36,45,48,49,32,0,46,0,6,3,44,39,5,3
"282555,f7057000d54b21ef",13,<50,340,6,7,7,7,11,0,22,0,0,0,0,0,13,7
"282555,f72ed000a9affa60",13,<50,177,9,10,10,10,1,0,4,0,0,0,5,5,8,5
"282555,f7aff0005566fce8",34,<50,415,25,26,27,27,21,0,34,0,26,18,8,8,0,0
"282555,f7b20000edca6174",37,<50,295,24,26,26,26,16,0,25,0,18,15,14,11,5,0
"282555,f7e1a000413c6493",36,<50,638,28,30,31,31,20,0,37,0,6,5,30,25,0,0
"282555,f7e360001512371c",25,<50,394,22,22,23,23,25,0,38,0,0,0,7,5,18,17
"282555,f7f3000097603e5c",17,<50,236,16,16,16,16,22,0,26,0,0,0,0,0,17,16
"282555,f7f9e000873f7b62",4,<50,215,1,1,1,1,6,0,12,0,0,0,0,0,4,1
"282555,f8180002d60f74f",90,50-100,557,25,43,53,53,14,0,32,0,0,0,0,0,90,43
"282555,f8950000c9d47ed1",37,<50,390,21,25,25,25,13,0,26,0,0,0,25,16,12,9
"282555,f905a0009d4e8449",32,<50,703,24,27,29,29,34,0,47,0,0,0,0,0,32,27
"282555,f945d000cda2d18f",15,<50,309,2,3,3,3,9,0,17,0,12,3,3,0,0,0
"282555,fa862000118f3bc8",17,<50,337,4,4,4,4,16,0,24,0,0,0,0,0,17,4
"282555,faa69000deebc9c8",16,<50,570,15,16,16,16,16,0,23,0,0,0,0,0,16,16
"282555,fb1b900061e0981c",16,<50,288,11,11,11,11,8,0,11,0,0,0,6,5,10,6
"282555,fc86300071f01106",4,<50,127,4,4,4,4,4,0,6,0,0,0,0,0,4,4
"282555,fd6ef000dbb94581",34,<50,352,10,13,13,13,2,0,13,0,0,0,23,8,11,5
"282555,fdb4e000b6dd2639",178,150-300,861,88,129,152,159,26,0,58,0,95,55,83,74,0,0
"282555,fe29a000129172fa",6,<50,100,3,3,3,3,8,0,10,0,0,0,0,0,6,3
"282555,fe844000287c7171",53,50-100,717,29,33,36,37,32,0,46,0,16,5,20,15,17,13
"282555,fef0a0009f6252c5",16,<50,345,15,15,15,15,16,0,21,0,8,7,5,5,3,3
"282555,ff55d0003f12adfe",7,<50,491,7,7,7,7,8,0,9,0,0,0,0,0,7,7
"282555,ff7a1000e1e8fdba",4,<50,58,4,4,4,4,2,0,2,0,0,0,2,2,2,2
"282555,ffddb0008e16d3bd",12,<50,318,9,9,9,9,10,0,10,0,0,0,6,4,6,5
"283081,100a90001b97d895",7,<50,238,7,7,7,7,10,0,16,0,0,0,0,0,7,7
"283081,102f4000380a261b",3,<50,24,0,0,0,0,3,0,7,0,0,0,0,0,3,0
"283081,104c0006fe56e57",5,<50,119,4,4,4,4,4,0,6,0,0,0,0,0,5,4
"283081,10c00006da6463b",5,<50,788,5,5,5,5,5,0,13,0,0,0,0,0,5,5
"283081,10d740002d5e81fc",12,<50,295,11,11,11,11,11,0,13,0,0,0,0,0,12,11
"283081,11c12000fbb2e3a6",3,<50,108,2,2,2,2,3,0,6,0,0,0,0,0,3,2
"283081,127530004373b993",7,<50,149,7,7,7,7,7,0,8,0,0,0,0,0,7,7
"283081,12bcb000e5a5beda",22,<50,267,19,20,20,20,23,0,27,0,0,0,0,0,22,20
"283081,12d43000a5a12578",4,<50,124,4,4,4,4,4,0,6,0,0,0,0,0,4,4
"283081,12f98000200850c4",13,<50,244,13,13,13,13,13,0,13,0,0,0,0,0,13,13
"283081,134720000f810490",3,<50,273,0,0,0,0,3,0,5,0,0,0,0,0,3,0
"283081,134a6000b7a6d758",7,<50,364,6,7,7,7,7,0,13,0,0,0,0,0,7,7
"283081,1353e00091a4f765",3,<50,138,0,0,0,0,4,0,5,0,0,0,0,0,3,0
"283081,13636000339315f2",4,<50,190,0,0,0,0,4,0,9,0,0,0,0,0,4,0
"283081,1395000071c7e68f",4,<50,257,1,1,1,1,4,0,12,0,0,0,0,0,4,1
"283081,1404d00047d76feb",34,<50,654,21,26,28,28,24,0,45,0,0,0,0,0,34,26
"283081,140d200061ad9ac1",4,<50,77,3,3,3,3,7,0,8,0,0,0,0,0,4,3
"283081,1423b000b907d9e9",5,<50,208,5,5,5,5,5,0,10,0,0,0,0,0,5,5
"283081,142d50000a142887",3,<50,44,3,3,3,3,4,0,4,0,0,0,0,0,3,3
"283081,1455400046607d39",35,<50,703,24,28,30,30,26,0,54,0,0,0,7,5,28,23
"283081,14743000074b63e8",9,<50,195,2,2,2,2,9,0,16,0,0,0,0,0,9,2
"283081,1479f0002474a46e",4,<50,86,4,4,4,4,4,0,4,0,0,0,0,0,4,4
"283081,147d3000719e6457",13,<50,893,6,6,7,8,17,0,29,0,0,0,0,0,13,6
"283081,14a550007a9f627c",9,<50,163,8,8,8,8,10,0,14,0,0,0,0,0,9,8
"283081,14ceb000721a5dc2",14,<50,170,14,14,14,14,18,0,18,0,0,0,0,0,14,14
"283081,14ec4000ec872304",24,<50,349,15,20,20,20,16,0,28,0,0,0,0,0,24,20
"283081,15092000dc87944c",3,<50,39,0,0,0,0,4,0,4,0,0,0,0,0,3,0
"283081,150ed000495d24cf",9,<50,163,9,9,9,9,7,0,10,0,0,0,0,0,9,9
"283081,153800008c737062",7,<50,390,7,7,7,7,10,0,19,0,0,0,0,0,7,7
"283081,154f50000ba6b92f",4,<50,315,3,4,4,4,3,0,6,0,0,0,0,0,4,4
"283081,1882000b428987c",14,<50,273,13,14,14,14,14,0,18,0,0,0,7,7,7,7
"283081,18fdd000239747d2",12,<50,347,12,12,12,12,17,0,26,0,0,0,0,0,12,12
"283081,19eb6000efe536a8",24,<50,950,19,20,20,20,30,0,52,0,0,0,3,3,21,17
"283081,1b1c00006f098042",45,<50,570,34,39,40,40,18,0,27,0,10,8,33,29,2,2
"283081,1b35d000b7fc4c67",10,<50,210,10,10,10,10,12,0,16,0,0,0,0,0,10,10
"283081,1b43c000cf5a683d",6,<50,354,6,6,6,6,10,0,25,0,0,0,0,0,6,6
"283081,1bb6f000633245a9",10,<50,416,9,10,10,10,19,0,25,0,0,0,0,0,10,10
"283081,1c1100096e97725",9,<50,580,8,8,8,8,6,0,9,0,0,0,0,0,9,8
"283081,1ca3900058d00ca5",14,<50,565,10,11,12,12,21,0,32,0,0,0,0,0,14,11
"283081,1d42200053e831cf",6,<50,110,6,6,6,6,10,0,12,0,0,0,0,0,6,6
"283081,1ea0500088bdc987",5,<50,267,3,3,3,3,8,0,15,0,0,0,0,0,5,3
"283081,1f55e000b7400ac8",4,<50,43,4,4,4,4,4,0,7,0,0,0,0,0,4,4
"283081,1f6e30004cb70ad7",14,<50,611,6,7,9,9,12,0,30,0,0,0,8,3,6,4
"283081,1f7d3000cc719056",20,<50,500,14,18,18,18,19,0,33,0,0,0,0,0,20,18
"283081,1fa8e000d981e6f4",20,<50,581,17,18,18,18,20,0,41,0,0,0,0,0,20,18
"283081,2027500076a83dab",4,<50,903,2,2,2,2,8,0,15,0,0,0,0,0,4,2
"283081,2045d0008d1238df",10,<50,440,5,5,6,6,27,0,39,0,0,0,0,0,10,5
"283081,206fe0000e432868",8,<50,590,7,7,7,7,7,0,12,0,0,0,0,0,8,7
"283081,2188b0008ef42ff2",15,<50,287,13,15,15,15,16,0,19,0,0,0,0,0,15,15
"283081,2201e000574b4836",11,<50,804,8,10,11,11,19,0,46,0,0,0,0,0,11,10
"283081,23fc00097f29b96",9,<50,62,9,9,9,9,9,0,9,0,0,0,0,0,9,9
"283081,24f5000fe706223",20,<50,265,19,19,19,19,21,0,30,0,0,0,0,0,20,19
"283081,33c20005804a6bf",8,<50,527,8,8,8,8,8,0,14,0,0,0,0,0,8,8
"283081,35cc000cfc2346f",6,<50,378,6,6,6,6,13,0,23,0,0,0,0,0,6,6
"283081,38260005207b281",4,<50,45,3,3,3,3,4,0,5,0,0,0,0,0,4,3
"283081,383a000242080f0",11,<50,172,11,11,11,11,11,0,19,0,0,0,0,0,11,11
"283081,494700059ff7793",14,<50,496,13,13,13,13,12,0,17,0,0,0,3,3,11,10
"283081,494e0003de95634",17,<50,566,14,15,17,17,15,0,27,0,0,0,0,0,17,15
"283081,4fce000c6535e2c",10,<50,214,8,8,8,8,9,0,16,0,0,0,0,0,10,8
"283081,558000938b5f91",48,<50,984,31,40,42,42,40,0,77,0,0,0,10,10,38,30
"283081,61c0000d2a3b104",8,<50,166,8,8,8,8,8,0,9,0,0,0,0,0,8,8
"283081,6437000494017b0",10,<50,350,9,9,9,9,12,0,21,0,0,0,0,0,10,9
"283081,670c00035a4e512",28,<50,269,17,22,22,22,33,0,41,0,0,0,0,0,28,22
"283081,6a4c00073b45c7d",43,<50,742,13,21,28,29,26,0,49,0,0,0,6,4,37,17
"283081,6bee000c71e9314",5,<50,131,5,5,5,5,6,0,6,0,0,0,0,0,5,5
"283081,6f04000f9f08eec",28,<50,487,21,24,24,24,23,0,36,0,0,0,11,8,17,16
"283081,70ff00043e3bbba",10,<50,113,8,8,8,8,10,0,10,0,0,0,0,0,10,8
"283081,72a9000c7f41196",8,<50,136,8,8,8,8,6,0,9,0,0,0,0,0,8,8
"283081,7e6100024d957e6",45,<50,444,24,29,34,34,36,0,49,0,0,0,0,0,45,29
"283081,80a700045c41db1",11,<50,515,8,8,9,9,6,0,13,0,0,0,0,0,11,8
"283081,810a000082b0458",6,<50,155,6,6,6,6,2,0,4,0,0,0,0,0,6,6
"283081,8143000dff2d519",4,<50,106,4,4,4,4,5,0,6,0,0,0,0,0,4,4
"283081,8b99000861eec58",6,<50,137,5,5,5,5,6,0,6,0,0,0,0,0,6,5
"283081,91ac0003408268e",11,<50,329,11,11,11,11,21,0,31,0,0,0,0,0,11,11
"283081,969b0006afd8c82",16,<50,148,14,14,14,14,18,0,21,0,0,0,0,0,16,14
"283081,979800091e4db41",8,<50,191,6,6,6,6,7,0,11,0,0,0,0,0,8,6
"283081,9cd30008228dc26",14,<50,155,14,14,14,14,17,0,22,0,0,0,0,0,14,14
"283081,9cf20002d91d5a6",40,<50,380,20,31,31,31,26,0,44,0,0,0,0,0,40,31
"283081,9e11000184dde28",8,<50,398,8,8,8,8,9,0,15,0,0,0,0,0,8,8
"283081,9e8200051bcf1b1",15,<50,150,12,13,13,13,16,0,18,0,0,0,0,0,15,13
"283081,a1100037f8e1f5",4,<50,344,4,4,4,4,5,0,12,0,0,0,0,0,4,4
"283081,a606000783140a9",13,<50,375,13,13,13,13,18,0,35,0,0,0,0,0,13,13
"283081,a8400060c3952a",6,<50,78,6,6,6,6,5,0,7,0,0,0,0,0,6,6
"283081,ae2d000d0c8602c",14,<50,138,14,14,14,14,17,0,24,0,0,0,0,0,14,14
"283081,af1f0003743bca9",8,<50,242,8,8,8,8,11,0,20,0,0,0,0,0,8,8
"283081,b5f50009f62dd46",13,<50,90,13,13,13,13,13,0,15,0,0,0,0,0,13,13
"283081,b6800002cf60ef9",17,<50,240,11,11,11,11,13,0,18,0,0,0,0,0,17,11
"283081,b7ed0005eb20995",24,<50,730,14,16,16,17,19,0,28,0,0,0,0,0,24,16
"283081,c1a900028fb6871",8,<50,154,6,6,6,6,10,0,11,0,0,0,0,0,8,6
"283081,c37b000700482b6",5,<50,137,2,2,2,2,6,0,7,0,0,0,0,0,5,2
"283081,c58000076caae44",35,<50,467,23,27,28,28,23,0,42,0,0,0,0,0,35,27
"283081,c5af0000734a599",10,<50,184,9,9,9,9,14,0,19,0,0,0,0,0,10,9
"283081,c80b0004be56f2a",10,<50,223,9,10,10,10,10,0,11,0,0,0,0,0,10,10
"283081,cc420003e37746f",7,<50,205,7,7,7,7,10,0,17,0,0,0,0,0,7,7
"283081,cd6a0004946e596",3,<50,97,3,3,3,3,3,0,4,0,0,0,0,0,3,3
"283081,d284000efa7b10a",3,<50,92,0,0,0,0,4,0,5,0,0,0,0,0,3,0
"283081,d6bc0002402860d",6,<50,84,6,6,6,6,6,0,6,0,0,0,0,0,6,6
"283081,d76100012469f3b",3,<50,58,3,3,3,3,4,0,9,0,0,0,0,0,3,3
"283081,db5a00084ca6550",8,<50,421,8,8,8,8,10,0,16,0,0,0,0,0,8,8
"283081,dbcb0002337a8dd",6,<50,175,2,2,2,2,5,0,8,0,0,0,0,0,6,2
"283081,dc0900057a5647d",6,<50,100,4,4,4,4,8,0,8,0,0,0,0,0,6,4
"283081,ddbb0003474b88d",8,<50,123,8,8,8,8,12,0,13,0,0,0,0,0,8,8
"283081,e23a00092a4743a",21,<50,656,14,16,17,17,16,0,29,0,0,0,0,0,21,16
"283081,e82d0006d5f6b1c",10,<50,311,7,7,7,7,12,0,17,0,0,0,0,0,10,7
"283081,f0f700066e693ec",15,<50,193,13,13,13,13,15,0,17,0,0,0,0,0,15,13
"283081,f1b000051484314",4,<50,187,1,1,1,1,2,0,7,0,0,0,0,0,4,1
"283081,f1df00030823280",7,<50,158,7,7,7,7,9,0,11,0,0,0,0,0,7,7
"283081,f29000a368ceb1",17,<50,381,13,16,16,16,13,0,25,0,0,0,1,1,16,15
"283081,f2ea0009e9f59c6",8,<50,304,6,7,7,7,7,0,14,0,0,0,0,0,8,7
"283081,f41c0002a707872",5,<50,281,5,5,5,5,6,0,7,0,0,0,0,0,5,5
"283081,fb6000c2034924",7,<50,163,3,3,3,3,11,0,14,0,0,0,0,0,7,3
"283554,1079d00027611494",11,<50,160,11,11,11,11,12,0,18,0,0,0,0,0,11,11
"283554,10e2a0009085883b",8,<50,299,6,7,7,7,8,0,11,0,0,0,0,0,8,7
"283554,10efd000ccd1a6e3",5,<50,125,5,5,5,5,5,0,6,0,0,0,0,0,5,5
"283554,11098000c2a2e997",8,<50,248,8,8,8,8,8,0,16,0,0,0,0,0,8,8
"283554,111c0000313c0115",4,<50,157,4,4,4,4,5,0,8,0,0,0,0,0,4,4
"283554,112e00044d8a15a",36,<50,633,21,25,27,27,24,0,43,0,1,1,25,15,10,9
"283554,1154800067d77bcd",5,<50,96,3,3,3,3,4,0,5,0,0,0,0,0,5,3
"283554,115ef000f3bd8fb9",11,<50,273,9,9,9,9,14,0,24,0,0,0,0,0,11,9
"283554,1173100037dfc768",9,<50,260,8,8,8,8,18,0,23,0,0,0,0,0,9,8
"283554,11745000012b9030",4,<50,225,2,2,2,2,4,0,4,0,0,0,0,0,4,2
"283554,118eb000ef858ce2",13,<50,282,12,13,13,13,11,0,20,0,0,0,0,0,13,13
"283554,11b73000e0059be0",5,<50,220,3,3,3,3,5,0,10,0,0,0,0,0,5,3
"283554,11c9e000e7b6a223",7,<50,464,7,7,7,7,7,0,9,0,0,0,0,0,7,7
"283554,11d62000f904bc0d",10,<50,317,9,9,9,9,9,0,15,0,0,0,1,0,9,9
"283554,11dd700001284514",4,<50,254,3,3,3,3,3,0,9,0,0,0,0,0,4,3
"283554,1202f00077390a21",8,<50,247,8,8,8,8,8,0,15,0,0,0,0,0,8,8
"283554,12df8000288d593d",7,<50,160,7,7,7,7,8,0,8,0,0,0,0,0,7,7
"283554,12ff200081f3088b",5,<50,94,5,5,5,5,9,0,14,0,0,0,0,0,5,5
"283554,1340d0007a2b6245",7,<50,57,7,7,7,7,7,0,11,0,0,0,0,0,7,7
"283554,134b400015e0d579",14,<50,491,8,13,13,13,22,0,32,0,0,0,0,0,14,13
"283554,134cc0005fbf7219",5,<50,105,5,5,5,5,6,0,7,0,0,0,0,0,5,5
"283554,13a86000d4b745e4",5,<50,302,5,5,5,5,6,0,11,0,0,0,0,0,5,5
"283554,142d000f92bc9dd",15,<50,293,11,12,12,12,18,0,25,0,2,2,10,7,3,3
"283554,15450000e5242b2d",29,<50,650,14,17,18,18,18,0,36,0,0,0,6,4,23,13
"283554,155e9000b271ca93",13,<50,434,11,12,12,12,20,0,28,0,0,0,0,0,13,12
"283554,156d10008fdd1a7d",9,<50,348,9,9,9,9,9,0,12,0,0,0,0,0,9,9
"283554,160670006447ae20",29,<50,647,26,27,28,28,22,0,51,0,1,1,19,17,9,9
"283554,163e9000489fb9e5",9,<50,386,8,8,8,8,9,0,14,0,0,0,0,0,9,8
"283554,163ff00067aa90c1",18,<50,160,14,15,15,15,14,0,17,0,9,8,7,7,2,0
"283554,16eec000e83d2b43",7,<50,445,6,6,6,6,5,0,8,0,0,0,0,0,7,6
"283554,173a200055786c7c",16,<50,337,14,14,14,14,14,0,23,0,0,0,16,14,0,0
"283554,174c30001048496b",21,<50,397,5,9,9,9,12,0,21,0,0,0,0,0,21,9
"283554,174f1000d2ac8054",13,<50,320,11,12,12,12,16,0,20,0,0,0,2,1,11,11
"283554,175820000e7255da",8,<50,507,7,7,8,8,11,0,21,0,0,0,0,0,8,7
"283554,182e0000f251788b",14,<50,582,9,11,12,12,26,0,44,0,0,0,9,7,5,4
"283554,1834000078be1650",8,<50,311,8,8,8,8,6,0,8,0,1,1,2,2,5,5
"283554,184bf000d73618d2",9,<50,527,7,8,8,8,13,0,23,0,1,0,8,8,0,0
"283554,185580001e2acaf6",57,50-100,375,40,45,45,45,29,0,39,0,0,0,26,16,31,29
"283554,18f6400062f5ec3d",134,100-150,773,60,87,96,98,37,0,77,0,31,15,102,71,1,1
"283554,1917a000e58f8ffd",23,<50,807,17,20,22,23,23,0,39,0,1,0,5,3,17,17
"283554,191eb000fc71b41a",24,<50,523,11,12,12,12,16,0,26,0,0,0,5,0,19,12
"283554,198e800030297713",38,<50,760,24,27,27,27,23,0,34,0,6,0,29,25,3,2
"283554,1990a0006a6cbd0e",54,50-100,994,30,36,37,40,25,0,43,0,0,0,0,0,54,36
"283554,1a5ba000c2386c29",16,<50,416,15,15,16,16,13,0,34,0,0,0,7,6,9,9
"283554,1a914000530cd2ba",13,<50,593,11,13,13,13,14,0,25,0,1,1,11,11,1,1
"283554,1a9a90008c2b82fa",3,<50,88,3,3,3,3,3,0,4,0,0,0,0,0,3,3
"283554,1ad1e000e5b1b2d9",10,<50,663,6,8,8,8,14,0,34,0,0,0,0,0,10,8
"283554,1adba000ed59704d",34,<50,896,21,27,31,31,24,0,56,0,1,0,5,4,28,23
"283554,1af8c0000c32f255",8,<50,673,7,8,8,8,8,0,15,0,0,0,2,2,6,6
"283554,1afc000055c81e19",42,<50,456,28,33,35,35,18,0,40,0,12,11,28,20,2,2
"283554,1b14c0000e3db4dd",66,50-100,854,51,54,57,58,51,0,92,0,0,0,0,0,66,54
"283554,1b3ee0007aafa39d",16,<50,456,10,10,11,11,20,0,28,0,0,0,6,2,10,8
"283554,1b4230004500a5bc",10,<50,684,10,10,10,10,15,0,26,0,0,0,2,2,8,8
"283554,1b5170000fa402bf",14,<50,363,11,12,12,12,12,0,18,0,0,0,5,4,9,8
"283554,1bd92000995ddae6",44,<50,766,25,29,30,31,37,0,46,0,3,0,15,8,26,21
"283554,1c2ff000036722d2",12,<50,518,8,9,9,9,14,0,23,0,0,0,2,2,10,7
"283554,1c3470006dc46c73",31,<50,767,21,26,27,27,18,0,34,0,12,11,17,14,2,1
"283554,1c403000dc7239ee",15,<50,351,12,12,12,12,11,0,22,0,0,0,0,0,15,12
"283554,1c745000a88e278e",20,<50,522,17,18,19,19,20,0,26,0,0,0,0,0,20,18
"283554,1c9be0009c1d4f9e",18,<50,452,14,16,17,17,22,0,30,0,0,0,0,0,18,16
"283554,1ce3f0004ad23358",22,<50,469,15,17,18,18,17,0,28,0,0,0,8,5,14,12
"283554,1e2d800014093240",32,<50,397,31,32,32,32,27,0,36,0,3,3,21,21,8,8
"283554,1e3c2000a66b4910",10,<50,489,7,7,7,7,11,0,18,0,1,1,7,5,2,1
"283554,1e87c0008b541c51",26,<50,973,15,15,20,22,50,0,79,0,0,0,0,0,26,15
"283554,1ef0c0007f459379",24,<50,509,16,19,22,22,24,0,35,0,0,0,0,0,24,19
"283554,1f27d000e532d8f9",43,<50,902,25,30,35,36,37,0,68,0,1,0,7,5,35,25
"283554,1f55100071ae1704",17,<50,433,17,17,17,17,17,0,23,0,7,7,7,7,3,3
"283554,1f65a00084d026f1",10,<50,533,9,9,9,9,18,0,28,0,0,0,3,2,7,7
"283554,1f75c00013018a4a",6,<50,345,6,6,6,6,7,0,10,0,0,0,0,0,6,6
"283554,1f8490005595ed8f",3,<50,672,2,3,3,3,12,0,28,0,0,0,0,0,3,3
"283554,1f8e90003d15bbb6",16,<50,985,11,11,12,12,19,0,38,0,0,0,5,2,11,9
"283554,1ff5d000b51b0b43",7,<50,590,6,7,7,7,16,0,32,0,0,0,0,0,7,7
"283554,20664000eab270b3",14,<50,539,11,12,12,12,23,0,32,0,0,0,1,1,13,11
"283554,207380005468e808",29,<50,554,14,15,17,17,17,0,35,0,0,0,0,0,29,15
"283554,2132500029f3aa01",15,<50,465,13,13,13,13,13,0,29,0,0,0,3,3,12,10
"283554,214ad0009f06865a",29,<50,526,22,24,24,24,25,0,33,0,0,0,4,4,25,20
"283554,2180a000f391085f",10,<50,515,10,10,10,10,12,0,29,0,0,0,0,0,10,10
"283554,21ea6000a599e55d",5,<50,95,0,0,0,0,7,0,7,0,0,0,0,0,5,0
"283554,220d1000abde3e75",57,50-100,709,32,41,45,45,20,0,36,0,28,17,29,24,0,0
"283554,222b00003f9c8350",137,100-150,649,33,54,62,64,21,0,38,0,2,0,116,48,19,6
"283554,223a7000fc56d225",16,<50,427,16,16,16,16,12,0,22,0,4,4,11,11,1,1
"283554,223c7000bc44229f",9,<50,463,8,9,9,9,8,0,12,0,0,0,7,7,2,2
"283554,2290700005b7d575",16,<50,333,9,11,11,11,16,0,21,0,0,0,8,5,8,6
"283554,22951000f1144d2a",157,150-300,968,67,94,117,126,42,0,63,0,0,0,107,52,50,42
"283554,232420006792983e",10,<50,238,8,8,8,8,10,0,14,0,0,0,4,2,6,6
"283554,2327000019bdb26e",31,<50,774,15,18,19,20,26,0,56,0,0,0,24,14,7,4
"283554,233c2000f31bf5c0",50,50-100,790,30,35,39,40,21,0,44,0,6,4,36,25,8,6
"283554,234280002bb08e45",80,50-100,884,23,35,50,52,28,0,64,0,6,3,49,15,25,17
"283554,23508000f5f45048",11,<50,447,10,11,11,11,9,0,21,0,0,0,2,2,9,9
"283554,23898000e0761be1",23,<50,467,22,22,22,22,19,0,21,0,0,0,17,16,6,6
"283554,23c700000f7db4cb",15,<50,582,6,8,8,8,2,0,10,0,0,0,0,0,15,8
"283554,244120008dd97105",8,<50,146,7,8,8,8,5,0,6,0,0,0,4,4,4,4
"283554,2445a000d728c393",31,<50,823,16,17,20,20,16,0,44,0,1,0,12,7,18,10
"283554,244e3000cab365eb",10,<50,476,7,7,7,7,16,0,21,0,0,0,1,1,9,6
"283554,25cc000043ff66b2",61,50-100,751,31,47,48,49,27,0,48,0,17,12,36,27,8,8
"283554,25dae0009c364c56",50,50-100,841,30,38,40,42,26,0,51,0,0,0,22,16,28,22
"283554,2605000054a40402",5,<50,80,5,5,5,5,6,0,6,0,0,0,0,0,5,5
"283554,26066000a004cc2a",12,<50,621,10,10,10,10,24,0,35,0,0,0,0,0,12,10
"283554,2665f000aa4a4d33",10,<50,595,8,8,8,8,23,0,39,0,0,0,3,1,7,7
"283554,2669200075b41592",9,<50,119,2,2,2,2,6,0,10,0,5,1,4,1,0,0
"283554,26883000a0d404e3",24,<50,489,18,19,19,19,11,0,20,0,3,1,15,12,6,6
"283554,268b40009fe99b4e",7,<50,107,7,7,7,7,7,0,7,0,0,0,0,0,7,7
"283554,27aeb000d898726a",11,<50,259,9,10,10,10,15,0,21,0,0,0,8,7,3,3
"283554,27b88000d95c121b",48,<50,672,25,33,35,35,21,0,51,0,14,11,22,14,12,8
"283554,27bb3000818c569a",13,<50,256,11,12,12,12,14,0,19,0,0,0,0,0,13,12
"283554,27d45000d92931cf",12,<50,379,11,11,11,11,15,0,21,0,0,0,3,3,9,8
"283554,27d73000d739a930",21,<50,339,19,20,20,20,24,0,38,0,11,10,9,9,1,1
"283554,28023000525d729e",20,<50,501,15,15,16,16,19,0,33,0,0,0,0,0,20,15
"283554,2805b00099fe8932",13,<50,515,8,8,10,10,14,0,20,0,0,0,0,0,13,8
"283554,281b2000ad314f7c",22,<50,348,16,17,17,17,15,0,33,0,14,12,8,5,0,0
"283554,283b50003fd5f861",11,<50,440,6,7,7,7,12,0,25,0,0,0,0,0,11,7
"283554,2852c0001ccc3bda",10,<50,396,6,7,7,7,12,0,21,0,0,0,0,0,10,7
"283554,28544000778cd319",9,<50,250,8,8,8,8,11,0,14,0,0,0,0,0,9,8
"283554,288f700002981e72",11,<50,364,7,8,8,8,20,0,29,0,2,1,6,5,3,2
"283554,28a370000938c715",45,<50,179,10,11,11,11,17,0,24,0,0,0,4,3,41,8
"283554,28a8f00072ce7ac8",4,<50,112,4,4,4,4,5,0,8,0,0,0,2,2,2,2
"283554,28d2d000c60ec297",30,<50,535,20,22,24,24,24,0,39,0,10,7,5,3,15,12
"283554,28eff00003701928",27,<50,662,19,22,23,24,22,0,35,0,0,0,0,0,27,22
"283554,292da0006abc965c",6,<50,147,3,3,3,3,6,0,11,0,0,0,0,0,6,3
"283554,2947e000ab06fbda",49,<50,781,22,29,33,34,24,0,37,0,0,0,24,17,25,12
"283554,296d10003c539b3f",38,<50,808,18,24,26,26,10,0,19,0,1,0,17,13,20,11
"283554,296eb000dee4c814",15,<50,238,13,14,14,14,16,0,31,0,0,0,0,0,15,14
"283554,299410004b184c1e",6,<50,260,6,6,6,6,9,0,16,0,0,0,0,0,6,6
"283554,29b3c000357903ae",28,<50,341,14,19,20,20,10,0,24,0,3,3,24,15,1,1
"283554,2a60002077d15c",19,<50,587,13,14,15,15,14,0,22,0,0,0,5,3,14,11
"283554,2ad0000e5bb8460",6,<50,240,5,5,5,5,7,0,13,0,0,0,0,0,6,5
"283554,2afd9000134cd91d",27,<50,750,16,18,18,19,24,0,45,0,3,1,12,8,12,9
"283554,2b1cd000d8c0dad2",29,<50,832,22,24,28,28,19,0,43,0,0,0,1,1,28,23
"283554,2b1f2000c1149077",37,<50,585,34,34,34,34,40,0,45,0,0,0,0,0,37,34
"283554,2b387000959aeb4a",11,<50,422,11,11,11,11,21,0,28,0,0,0,0,0,11,11
"283554,2b4b1000e3a32c19",19,<50,328,10,13,13,13,16,0,26,0,0,0,0,0,19,13
"283554,2bae000d0d669f2",23,<50,622,15,17,17,17,18,0,33,0,0,0,0,0,23,17
"283554,2bb180004a590073",25,<50,521,18,18,19,19,22,0,33,0,5,3,13,10,7,5
"283554,2bb41000f26711ce",134,100-150,907,72,94,104,111,59,0,82,0,24,3,97,82,13,9
"283554,2bbf8000167fd6b1",41,<50,873,23,26,30,32,20,0,50,0,0,0,0,0,41,26
"283554,2c82800023a96dca",17,<50,433,4,7,8,8,16,0,22,0,0,0,0,0,17,7
"283554,2d220000ef4457e3",46,<50,627,35,42,45,45,29,0,55,0,27,25,15,13,4,4
"283554,2dd830001f4d0762",3,<50,426,3,3,3,3,3,0,3,0,0,0,0,0,3,3
"283554,2dff6000ba54d228",43,<50,792,15,19,23,24,17,0,47,0,0,0,17,4,26,15
"283554,2e117000e9e14214",30,<50,1000,22,24,24,24,23,0,66,0,0,0,12,8,18,16
"283554,2e1eb000d4d9aeff",12,<50,457,12,12,12,12,14,0,17,0,0,0,1,1,11,11
"283554,2e40f00024aa4ea8",44,<50,968,14,21,25,32,36,0,82,0,12,3,18,7,14,11
"283554,2ed040000c48fca4",10,<50,386,9,10,10,10,14,0,19,0,0,0,0,0,10,10
"283554,2f02d0005ced023e",32,<50,331,18,24,24,24,32,0,38,0,0,0,0,0,32,24
"283554,2f0f0000b4b1e0e6",10,<50,260,10,10,10,10,14,0,16,0,0,0,0,0,10,10
"283554,2f2a500055bc93a7",4,<50,144,3,3,3,3,3,0,3,0,0,0,2,2,2,1
"283554,2f2cd0000756ca44",9,<50,411,7,7,7,7,9,0,16,0,0,0,2,1,7,6
"283554,2f31d00001f7cb72",22,<50,497,15,18,19,19,15,0,31,0,5,4,11,10,6,4
"283554,2f3990007f4f6369",5,<50,270,4,4,4,4,8,0,12,0,0,0,0,0,5,4
"283554,2f626000152ae2f2",7,<50,60,7,7,7,7,7,0,7,0,0,0,0,0,7,7
"283554,2f8cb0009c6a3d20",18,<50,526,14,14,14,14,20,0,34,0,0,0,3,2,15,12
"283554,2ff6c000fdf58340",14,<50,337,10,11,11,11,7,0,12,0,0,0,0,0,14,11
"283554,303c30000184e0d9",12,<50,348,10,10,10,10,16,0,27,0,3,2,1,0,8,8
"283554,30405000cb4d066f",61,50-100,960,31,41,51,54,30,0,52,0,3,2,38,24,20,15
"283554,30953000661cd10f",53,50-100,774,37,42,46,48,25,0,39,0,9,8,41,33,3,1
"283554,30b43000e0e7e4fd",14,<50,609,8,10,11,11,18,0,32,0,0,0,0,0,14,10
"283554,30d8e000ebdf9487",5,<50,57,5,5,5,5,5,0,5,0,0,0,0,0,5,5
"283554,3142f000e269e811",8,<50,246,8,8,8,8,10,0,19,0,0,0,1,1,7,7
"283554,314820002ffde215",5,<50,158,4,4,4,4,4,0,5,0,0,0,1,1,4,3
"283554,31500005cbe8f09",38,<50,382,32,35,35,35,16,0,23,0,1,1,33,30,4,4
"283554,316690003fa38fc5",18,<50,510,16,17,17,17,18,0,26,0,0,0,0,0,18,17
"283554,318a80009a9b8957",19,<50,325,14,15,15,15,14,0,22,0,0,0,7,5,12,10
"283554,3207000e0d5f29d",8,<50,341,7,7,7,7,10,0,18,0,0,0,0,0,8,7
"283554,3209f0004e5fd1aa",16,<50,515,13,14,15,15,19,0,32,0,0,0,0,0,16,14
"283554,3219c0001f03d5c2",92,50-100,655,51,76,80,80,15,0,36,0,54,39,38,37,0,0
"283554,325aa0002082efff",12,<50,408,8,8,9,9,12,0,16,0,0,0,0,0,12,8
"283554,325c600047fc63bd",21,<50,436,20,20,20,20,25,0,43,0,0,0,0,0,21,20
"283554,32cb100013a0e889",6,<50,385,6,6,6,6,6,0,20,0,0,0,0,0,6,6
"283554,32dad0008757cf07",24,<50,580,19,20,21,21,19,0,30,0,0,0,12,10,12,10
"283554,32ea400002d4c9d8",7,<50,130,6,6,6,6,5,0,7,0,0,0,0,0,7,6
"283554,32ed4000b53b7ebe",6,<50,218,5,5,5,5,5,0,10,0,0,0,0,0,6,5
"283554,32fd8000a8c981ea",22,<50,488,17,17,18,18,19,0,35,0,0,0,11,8,11,9
"283554,3305f000fd04b5ae",4,<50,86,4,4,4,4,4,0,6,0,0,0,0,0,4,4
"283554,332cd00055f09e28",5,<50,132,1,1,1,1,5,0,6,0,0,0,0,0,5,1
"283554,333ad000319b7759",66,50-100,645,40,49,57,57,31,0,53,0,9,5,40,29,17,15
"283554,3442900041d2bb3d",17,<50,342,16,16,17,17,15,0,22,0,0,0,0,0,17,16
"283554,3467a000f20e4dad",6,<50,483,6,6,6,6,7,0,11,0,0,0,0,0,6,6
"283554,34850000e901b830",7,<50,357,6,7,7,7,8,0,14,0,0,0,2,2,5,5
"283554,34aa80006a2a72ab",56,50-100,800,34,41,45,45,24,0,42,0,7,4,40,32,9,5
"283554,34cdc0001076b637",5,<50,87,1,1,1,1,6,0,11,0,0,0,0,0,5,1
"283554,351d8000cce6cf00",12,<50,358,10,10,10,10,14,0,19,0,0,0,6,4,6,6
"283554,35db3000f87b97a0",16,<50,721,11,14,14,14,26,0,50,0,0,0,3,3,13,11
"283554,3665e000ceaa7639",48,<50,324,20,23,23,23,15,0,28,0,0,0,33,16,15,7
"283554,368490008e4c82bf",11,<50,312,11,11,11,11,11,0,19,0,0,0,0,0,11,11
"283554,3699400056a59b6c",126,100-150,958,47,66,75,85,34,0,74,0,0,0,28,8,98,58
"283554,36a650009fc70b08",16,<50,715,8,9,11,11,16,0,25,0,0,0,1,0,15,9
"283554,36d70000a9bd4176",8,<50,227,6,6,6,6,11,0,16,0,0,0,0,0,8,6
"283554,3732d0004da1ac75",13,<50,247,12,12,12,12,16,0,27,0,0,0,0,0,13,12
"283554,373f2000320fbf9a",10,<50,389,9,9,10,10,9,0,12,0,0,0,0,0,10,9
"283554,37430000fd7308dc",3,<50,314,3,3,3,3,4,0,10,0,0,0,0,0,3,3
"283554,37f6b000c8885c69",28,<50,729,11,12,13,13,25,0,38,0,2,0,7,5,19,7
"283554,386cb0001c52fc00",44,<50,288,14,18,18,18,12,0,15,0,0,0,7,1,37,17
"283554,3876c0006102db6d",30,<50,696,8,10,16,16,33,0,48,0,4,1,5,1,21,8
"283554,388990002376e5a4",17,<50,539,10,13,14,14,13,0,26,0,0,0,0,0,17,13
"283554,38acd000618874bd",25,<50,647,22,22,22,22,28,0,39,0,0,0,0,0,25,22
"283554,39660000c9b01c2",16,<50,425,7,9,10,10,14,0,21,0,0,0,5,2,11,7
"283554,39a0100017fa1183",10,<50,148,7,7,7,7,12,0,14,0,3,1,1,0,6,6
"283554,3a4300078ab6528",6,<50,288,6,6,6,6,9,0,14,0,0,0,0,0,6,6
"283554,3a6d90003eab9766",4,<50,115,2,2,2,2,3,0,7,0,0,0,0,0,4,2
"283554,3a7ad00020c75baa",9,<50,518,9,9,9,9,10,0,16,0,0,0,6,6,3,3
"283554,3a89700098a3ba69",18,<50,317,15,15,15,15,18,0,31,0,2,1,9,9,7,5
"283554,3a8e80007da6ff5b",10,<50,475,9,10,10,10,15,0,23,0,0,0,7,7,3,3
"283554,3aa280004f8cacc0",14,<50,176,11,12,12,12,9,0,14,0,3,2,9,8,2,2
"283554,3aedf0009c8bd7c5",12,<50,215,12,12,12,12,13,0,18,0,0,0,2,2,10,10
"283554,3b0040007a4076d1",23,<50,486,20,22,23,23,25,0,33,0,1,1,0,0,22,21
"283554,3b285000e3caeb9f",9,<50,313,5,5,5,5,10,0,20,0,0,0,3,2,6,3
"283554,3ba56000581b4b2b",4,<50,193,4,4,4,4,7,0,19,0,0,0,0,0,4,4
"283554,3bbc100032d52b25",20,<50,463,14,14,14,14,18,0,29,0,2,2,10,8,8,4
"283554,3bf7c000f2b24a9f",11,<50,162,7,7,7,7,7,0,9,0,5,3,4,2,2,2
"283554,3bff80005ab7daf5",15,<50,549,12,12,12,12,14,0,24,0,0,0,3,2,12,10
"283554,3d2b6000c6445083",16,<50,468,11,11,11,11,15,0,24,0,0,0,6,5,10,6
"283554,3d846000b09ca618",14,<50,573,10,10,11,11,15,0,33,0,0,0,0,0,14,10
"283554,3de58000ea2fa8dd",45,<50,833,24,32,35,35,41,0,75,0,21,9,24,23,0,0
"283554,3e486000004d3a42",15,<50,544,13,13,13,13,19,0,31,0,0,0,0,0,15,13
"283554,3e626000897dd74b",4,<50,242,4,4,4,4,7,0,9,0,0,0,0,0,4,4
"283554,4a600014ea03d1",8,<50,1000,6,7,8,8,11,0,32,0,0,0,0,0,8,7
"283554,4b28000bd3adf8b",83,50-100,795,50,59,71,73,32,0,63,0,22,6,56,48,5,5
"283554,4b720005b4bf33c",148,100-150,679,62,117,130,130,61,0,106,0,44,27,104,90,0,0
"283554,4d8b000d86ff1ae",43,<50,841,19,20,25,25,33,0,62,0,0,0,0,0,43,20
"283554,4de9000ddbc2b28",19,<50,535,14,16,16,16,25,0,48,0,0,0,7,4,12,12
"283554,52300009dfa6395",26,<50,910,13,17,19,20,39,0,70,0,0,0,0,0,26,17
"283554,5431000f545fee5",15,<50,448,13,14,14,14,10,0,17,0,2,2,9,9,4,3
"283554,5e06000fe8dcce5",16,<50,942,10,13,13,13,20,0,43,0,0,0,8,6,8,7
"283554,657a000974fe49b",7,<50,281,1,2,2,2,8,0,12,0,0,0,1,0,6,2
"283554,65e80003b7c0f33",12,<50,347,8,9,9,9,11,0,13,0,0,0,0,0,12,9
"283554,6a53000da63131b",16,<50,432,14,15,15,15,16,0,20,0,0,0,0,0,16,15
"283554,6cbc000d9c2d91b",33,<50,713,28,30,31,31,23,0,34,0,0,0,13,13,20,17
"283554,6f5b000bb2eac66",11,<50,98,9,9,9,9,12,0,12,0,0,0,0,0,11,9
"283554,71510008a157e60",11,<50,317,6,7,7,7,12,0,25,0,0,0,0,0,11,7
"283554,735300038084f20",7,<50,312,3,3,3,3,10,0,14,0,0,0,0,0,7,3
"283554,7a57000c6eac420",29,<50,500,21,23,24,24,21,0,35,0,0,0,3,2,26,21
"283554,7a88000d2c19eeb",11,<50,305,9,9,9,9,12,0,21,0,0,0,0,0,11,9
"283554,7ac10000d5d28e0",180,150-300,879,45,76,91,96,16,0,31,0,0,0,123,41,57,35
"283554,82c5000e49a26b4",12,<50,221,11,11,11,11,15,0,24,0,0,0,0,0,12,11
"283554,836d000e1a41c52",11,<50,293,9,10,10,10,11,0,13,0,0,0,0,0,11,10
"283554,8488000a20f9214",12,<50,213,11,11,11,11,14,0,19,0,0,0,0,0,12,11
"283554,85b1000ec88b2d0",8,<50,155,8,8,8,8,14,0,20,0,0,0,0,0,8,8
"283554,87870009cedfebf",8,<50,129,5,5,5,5,8,0,14,0,0,0,0,0,8,5
"283554,87fe0007c67fcad",57,50-100,181,23,25,25,25,14,0,25,0,0,0,37,7,20,18
"283554,8d1f000370cd27b",106,100-150,753,45,65,76,78,28,0,51,0,14,7,86,52,6,6
"283554,8e81000976609f6",6,<50,187,3,3,3,3,6,0,7,0,0,0,0,0,6,3
"283554,8fa9000005093e6",9,<50,283,6,6,6,6,12,0,19,0,0,0,0,0,9,6
"283554,90ba00023c2e18e",11,<50,395,9,11,11,11,14,0,21,0,0,0,0,0,11,11
"283554,91fd000e7aa563e",42,<50,514,13,18,24,24,28,0,43,0,0,0,4,1,38,17
"283554,951800087cfd5e6",26,<50,936,14,17,20,21,34,0,54,0,2,2,6,4,18,11
"283554,985c000d7ccd349",21,<50,488,13,18,18,18,16,0,31,0,0,0,0,0,21,18
"283554,9d86000d220d57a",34,<50,449,24,30,30,30,23,0,36,0,2,2,16,13,16,15
"283554,9eba0001c182599",47,<50,559,32,42,45,45,35,0,53,0,0,0,2,2,45,40
"283554,a142000b58bf875",11,<50,205,11,11,11,11,15,0,22,0,0,0,0,0,11,11
"283554,af5000093c7ad3a",20,<50,493,6,7,8,8,22,0,29,0,1,0,1,1,18,6
"283554,b1a90006914a76d",18,<50,698,9,13,13,13,15,0,36,0,0,0,3,2,15,11
"283554,b26c0006edbc59d",10,<50,638,9,9,9,9,20,0,40,0,0,0,0,0,10,9
"283554,b28f00034364eca",35,<50,823,17,21,24,25,21,0,36,0,0,0,13,8,22,13
"283554,b2d00008bf10ba8",43,<50,331,18,20,20,20,19,0,26,0,5,1,28,9,10,10
"283554,b385000f27cc37a",32,<50,667,22,26,28,28,23,0,35,0,2,2,21,18,9,6
"283554,b85c000279b93c3",10,<50,630,3,3,5,5,9,0,14,0,0,0,1,1,9,2
"283554,b9a300055cbc299",16,<50,270,13,14,14,14,12,0,20,0,0,0,15,13,1,1
"283554,bdc900005475b48",83,50-100,521,44,62,66,66,29,0,39,0,13,11,62,43,8,8
"283554,bee00000068cf46",33,<50,770,17,20,21,21,21,0,34,0,0,0,13,8,20,12
"283554,c2b2000fd74943b",15,<50,394,11,12,12,12,15,0,21,0,0,0,6,5,9,7
"283554,c2d0000d40862ba",9,<50,196,9,9,9,9,12,0,12,0,0,0,4,4,5,5
"283554,c2e100065e2db7b",63,50-100,536,28,37,39,39,19,0,39,0,2,1,32,11,29,25
"283554,cdfa000af4b3f79",7,<50,223,5,5,5,5,7,0,8,0,3,2,1,1,3,2
"283554,ce4d00010383f7c",36,<50,579,16,19,20,20,23,0,30,0,0,0,16,12,20,7
"283554,cf26000676c230c",33,<50,778,25,28,28,29,29,0,51,0,0,0,12,8,21,20
"283554,d72000091c3468",20,<50,648,9,12,12,12,17,0,35,0,0,0,9,6,11,6
"283554,d77d000f86f4ab7",19,<50,254,19,19,19,19,17,0,20,0,6,6,12,12,1,1
"283554,d875000d5ec2317",43,<50,834,28,37,38,38,31,0,62,0,25,20,17,16,1,1
"283554,d8ff000009c2a11",13,<50,320,12,12,12,12,16,0,27,0,0,0,0,0,13,12
"283554,da5f00060a0b094",13,<50,374,8,9,9,9,13,0,31,0,0,0,6,4,7,5
"283554,dcf800073f242fb",6,<50,404,4,4,5,5,5,0,14,0,0,0,0,0,6,4
"283554,ddfe00058934536",14,<50,284,13,13,13,13,13,0,14,0,1,0,8,8,5,5
"283554,de7b000153d08cb",16,<50,328,13,14,14,14,18,0,25,0,0,0,8,6,8,8
"283554,e80001f918dc6",14,<50,528,11,13,13,13,29,0,41,0,0,0,1,0,13,13
"283554,f0bc0005f1a81b5",28,<50,450,19,23,24,24,20,0,34,0,0,0,18,16,10,7
"283554,f14c00070198f9c",5,<50,198,1,1,1,1,7,0,10,0,0,0,0,0,5,1
"283554,f523000e9ce9460",5,<50,320,3,3,3,3,10,0,15,0,0,0,0,0,5,3
"283554,f601000d7af4bc3",4,<50,177,4,4,4,4,3,0,4,0,0,0,0,0,4,4
"283554,f7280005bddd2bf",5,<50,366,5,5,5,5,7,0,15,0,0,0,0,0,5,5
"283647,1006b00019276a47",41,<50,585,29,31,32,32,35,0,62,0,19,13,21,17,1,1
"283647,100b00003713f75b",27,<50,518,22,23,24,24,19,0,30,0,9,7,9,7,9,9
"283647,102a4000704b10e6",19,<50,491,19,19,19,19,16,0,31,0,2,2,3,3,14,14
"283647,1069d000c5b2a645",10,<50,324,7,9,9,9,7,0,11,0,0,0,9,8,1,1
"283647,10da20007009577c",15,<50,312,14,14,14,14,13,0,21,0,0,0,1,1,14,13
"283647,1103b000882e8c4c",10,<50,435,10,10,10,10,14,0,30,0,0,0,1,1,9,9
"283647,1106c0000e4ed06b",37,<50,855,23,27,29,29,27,0,41,0,0,0,4,0,33,27
"283647,112b200086eb7fa5",20,<50,546,17,18,18,18,19,0,26,0,1,1,14,12,5,5
"283647,116b000065f3efc3",7,<50,246,1,1,1,1,8,0,14,0,0,0,0,0,7,1
"283647,117f2000ad3f7980",32,<50,963,21,23,26,27,20,0,35,0,0,0,20,14,12,9
"283647,11b010005aed30dd",7,<50,327,0,0,0,0,7,0,12,0,0,0,0,0,7,0
"283647,11edf0004a5a230f",26,<50,907,19,20,22,23,33,0,57,0,5,2,14,12,7,6
"283647,11ff7000e1dd9ea5",13,<50,517,13,13,13,13,18,0,33,0,0,0,4,4,9,9
"283647,120b7000e2e46855",3,<50,202,3,3,3,3,4,0,14,0,0,0,0,0,3,3
"283647,12da50004c73a2e1",18,<50,906,14,14,14,15,23,0,52,0,0,0,0,0,18,14
"283647,12f570000d36fe54",39,<50,682,26,29,31,31,22,0,34,0,0,0,31,23,8,6
"283647,12fc00018e2684d",47,<50,714,29,37,42,43,31,0,57,0,14,9,18,16,15,12
"283647,1353e0006e4a8f2c",18,<50,855,13,14,14,16,25,0,53,0,0,0,8,7,10,7
"283647,1355a000f2704a7c",27,<50,908,15,23,23,23,31,0,56,0,0,0,14,12,13,11
"283647,1379b00027caedf6",9,<50,229,7,7,7,7,11,0,13,0,0,0,0,0,9,7
"283647,13a99000b38d2c92",49,<50,573,33,40,41,41,20,0,31,0,18,12,19,16,12,12
"283647,13b23000f7fe89fa",11,<50,333,7,8,8,8,11,0,19,0,0,0,0,0,11,8
"283647,13d2c00095718ed2",30,<50,569,19,21,22,22,21,0,38,0,1,1,12,8,17,12
"283647,14411000baa68603",23,<50,643,20,21,21,21,17,0,29,0,0,0,10,9,13,12
"283647,144e7000bf2c9e49",13,<50,363,8,10,10,10,11,0,17,0,0,0,2,2,11,8
"283647,146df000b18f6c76",11,<50,372,4,7,8,8,13,0,19,0,0,0,0,0,11,7
"283647,14b76000fccad15c",12,<50,425,10,11,11,11,22,0,30,0,0,0,1,0,11,11
"283647,14be7000ec31e427",22,<50,920,15,17,19,20,19,0,40,0,0,0,0,0,22,17
"283647,1517000057e4fed8",16,<50,903,9,10,11,11,16,0,54,0,0,0,0,0,16,10
"283647,151c0000985763cd",8,<50,323,6,6,6,6,8,0,10,0,0,0,3,1,5,5
"283647,156d3000a1bd84bb",38,<50,609,27,33,34,34,15,0,28,0,2,2,22,20,14,11
"283647,1587f000e031891d",16,<50,475,8,10,10,10,20,0,33,0,0,0,0,0,16,10
"283647,15cb300082edb8b1",5,<50,495,3,3,3,3,6,0,9,0,0,0,0,0,5,3
"283647,15d83000da50798a",23,<50,598,13,16,17,17,19,0,38,0,5,1,8,5,10,10
"283647,15e0f00076c19437",20,<50,720,19,19,19,19,24,0,42,0,0,0,6,6,14,13
"283647,16260009c0b1d8c",121,100-150,1000,32,47,55,61,46,0,81,0,0,0,0,0,121,47
"283647,168a8000594264ec",12,<50,393,6,7,7,7,13,0,22,0,0,0,0,0,12,7
"283647,170b3000e2e38840",33,<50,890,23,28,29,31,19,0,33,0,0,0,7,6,26,22
"283647,1711c0000b1ac121",20,<50,531,16,16,17,17,20,0,31,0,0,0,13,9,7,7
"283647,171f7000bb2f219f",47,<50,692,38,45,45,45,35,0,59,0,45,43,2,2,0,0
"283647,172320008f0f80fd",19,<50,379,9,10,10,10,20,0,38,0,0,0,3,3,16,7
"283647,17791000329b2a58",40,<50,680,26,29,31,32,25,0,46,0,0,0,7,4,33,25
"283647,177aa000cac19bc0",13,<50,394,13,13,13,13,15,0,23,0,0,0,6,6,7,7
"283647,177f00000a9633e5",18,<50,643,4,6,6,6,13,0,28,0,0,0,0,0,18,6
"283647,17890002197d807",54,50-100,915,17,29,34,40,22,0,39,0,0,0,0,0,54,29
"283647,178ed00025276450",7,<50,906,4,6,6,6,10,0,27,0,0,0,0,0,7,6
"283647,179e6000eeb04f06",12,<50,169,12,12,12,12,13,0,14,0,0,0,3,3,9,9
"283647,1817c000bacc2d47",20,<50,916,10,12,12,13,21,0,43,0,0,0,0,0,20,12
"283647,18e170005675c161",40,<50,583,23,27,27,27,19,0,38,0,1,1,38,25,1,1
"283647,18e7c000f5e57006",6,<50,237,0,1,1,1,5,0,8,0,0,0,0,0,6,1
"283647,19dbc000e5f9d6d1",6,<50,366,6,6,6,6,13,0,22,0,0,0,5,5,1,1
"283647,1a81c000c5388718",11,<50,958,7,9,11,11,16,0,66,0,0,0,0,0,11,9
"283647,1e80000a5fd6698",29,<50,684,17,22,23,24,21,0,35,0,2,1,19,14,8,7
"283647,21480000441ae92",9,<50,419,6,7,7,7,15,0,23,0,0,0,4,3,5,4
"283647,248f000b4955589",80,50-100,901,40,50,58,60,32,0,60,0,3,1,46,33,31,16
"283647,24cb000a0f48e58",11,<50,406,9,9,9,9,10,0,14,0,0,0,2,2,9,7
"283647,2944000f069ba24",29,<50,542,10,13,14,14,20,0,28,0,0,0,17,9,12,4
"283647,295d000fc4d0890",24,<50,598,20,22,22,22,21,0,34,0,4,3,12,12,8,7
"283647,2b3300049be24f7",25,<50,797,13,18,21,22,27,0,41,0,0,0,3,0,22,18
"283647,2bc500095905300",16,<50,510,15,15,15,15,21,0,33,0,1,1,6,6,9,8
"283647,2bfb000554e51c2",33,<50,798,24,29,30,31,24,0,42,0,3,2,17,15,13,12
"283647,2deb00049f6651e",19,<50,763,12,15,16,16,16,0,29,0,1,0,10,8,8,7
"283647,327e000539b3700",34,<50,855,22,28,28,30,33,0,58,0,1,1,13,10,20,17
"283647,381c000e52370a9",29,<50,502,22,25,25,25,19,0,25,0,3,2,13,10,13,13
"283647,38a00009b062b9c",125,100-150,981,70,89,97,100,61,0,117,0,0,0,23,12,102,77
"283647,3d370002b2f9a13",29,<50,418,20,20,21,21,18,0,29,0,0,0,22,16,7,4
"283647,4d2f000a6e06620",22,<50,604,18,19,19,19,20,0,31,0,0,0,15,13,7,6
"283647,4d7a0007aa218b8",10,<50,158,9,9,9,9,9,0,13,0,2,1,7,7,1,1
"283647,4d9a00011839028",26,<50,781,16,16,17,18,22,0,45,0,0,0,0,0,26,16
"283647,59d3000fea34ec3",19,<50,342,14,17,17,17,6,0,14,0,0,0,9,7,10,10
"283647,5e210004f43f4c5",94,50-100,853,40,57,62,64,32,0,61,0,49,28,43,28,2,1
"283647,5e5e0008a947fc2",34,<50,512,29,33,33,33,24,0,38,0,0,0,26,25,8,8
"283647,5f9200090dd51fc",13,<50,379,13,13,13,13,13,0,23,0,2,2,11,11,0,0
"283647,6f490004a5c369a",6,<50,220,4,5,5,5,6,0,9,0,0,0,1,1,5,4
"283647,7176000cb8dc623",43,<50,901,30,35,37,37,30,0,53,0,1,1,33,25,9,9
"283647,71b1000ea22e515",15,<50,591,10,13,14,14,23,0,53,0,3,2,5,4,7,7
"283647,7285000b0e4c341",14,<50,463,13,13,13,13,15,0,19,0,3,3,11,10,0,0
"283647,72f7000a1e6dc9a",17,<50,751,15,15,15,16,20,0,32,0,0,0,3,3,14,12
"283647,738b000582c6700",27,<50,764,23,24,26,26,26,0,44,0,7,6,15,13,5,5
"283647,746300033cbde23",23,<50,746,20,21,21,21,20,0,34,0,0,0,1,1,22,20
"283647,74a00009c1d43a9",37,<50,507,26,28,29,29,18,0,29,0,5,2,26,20,6,6
"283647,7519000c9aa870c",21,<50,847,17,19,19,20,16,0,40,0,0,0,9,8,12,11
"283647,77ad000e2e74af0",5,<50,206,3,3,3,3,5,0,10,0,0,0,0,0,5,3
"283647,786e000d12721b9",32,<50,802,22,28,28,28,13,0,32,0,0,0,3,2,29,26
"283647,8172000dd149b33",8,<50,181,7,7,7,7,6,0,14,0,0,0,2,2,6,5
"283647,81a50003ba4f5cf",10,<50,234,8,9,9,9,11,0,19,0,0,0,0,0,10,9
"283647,85f500053c0e97a",38,<50,441,21,25,27,27,21,0,37,0,0,0,1,1,37,24
"283647,8703000b80ff81d",15,<50,288,15,15,15,15,14,0,21,0,2,2,12,12,1,1
"283647,91f9000ef39d26e",37,<50,786,30,33,36,36,27,0,45,0,0,0,23,19,14,14
"283647,95b6000398fe2d7",8,<50,202,8,8,8,8,6,0,9,0,0,0,0,0,8,8
"283647,968f00061ae3c13",21,<50,287,13,15,15,15,19,0,29,0,1,1,16,10,4,4
"283647,96be000739da063",17,<50,324,11,12,12,12,12,0,18,0,0,0,7,3,10,9
"283647,97e2000590a4e31",26,<50,705,16,21,21,22,17,0,27,0,0,0,9,6,17,15
"283647,9863000c06529f0",38,<50,474,23,28,29,29,30,0,48,0,0,0,2,0,36,28
"283647,9be500032829b43",27,<50,519,21,23,23,23,17,0,25,0,0,0,19,15,8,8
"283647,9c220005e89c0eb",13,<50,439,13,13,13,13,10,0,28,0,8,8,5,5,0,0
"283647,9c57000bbf32069",126,100-150,861,46,75,96,98,34,0,60,0,3,2,91,45,32,28
"283647,9e18000ac0129e5",45,<50,932,30,31,35,38,24,0,33,0,0,0,31,19,14,12
"283647,9e7f0009164c046",8,<50,152,7,7,7,7,11,0,14,0,0,0,7,6,1,1
"283647,a168000998a121f",16,<50,665,10,12,12,12,17,0,27,0,0,0,6,6,10,6
"283647,ac1200040319ac1",6,<50,103,5,5,5,5,7,0,8,0,0,0,0,0,6,5
"283647,ac5a00061df7c1e",11,<50,242,4,4,4,4,7,0,10,0,0,0,0,0,11,4
"283647,b1b90002b68c4fd",24,<50,653,16,17,19,19,20,0,39,0,0,0,9,5,15,12
"283647,b67b00077b2391f",8,<50,362,5,5,6,6,9,0,17,0,0,0,1,0,7,5
"283647,b71200031068c38",9,<50,226,8,8,8,8,14,0,21,0,0,0,0,0,9,8
"283647,c25200085cda0dc",34,<50,680,28,29,31,31,24,0,39,0,7,6,23,19,4,4
"283647,c2880009d513a9f",16,<50,552,13,13,14,14,17,0,30,0,0,0,5,4,11,9
"283647,c71f000900c5dac",15,<50,253,7,7,7,7,14,0,18,0,0,0,0,0,15,7
"283647,c9a0000cea37c12",23,<50,617,17,18,20,20,20,0,39,0,1,0,10,8,12,10
"283647,d040000207ff22c",31,<50,744,21,24,27,27,22,0,42,0,1,0,19,14,11,10
"283647,d331000f4087b45",11,<50,367,7,8,8,8,14,0,19,0,0,0,0,0,11,8
"283647,d51a0009ed8861b",59,50-100,740,23,34,43,44,19,0,37,0,0,0,13,2,46,32
"283647,dd52000aecd7fc2",11,<50,698,9,10,10,10,18,0,36,0,0,0,6,5,5,5
"283647,ddf800093856de5",8,<50,349,5,5,5,5,8,0,10,0,0,0,0,0,8,5
"283647,e7fd00021a2daf4",23,<50,900,15,17,18,18,25,0,45,0,0,0,14,9,9,8
"283647,e927000545081bf",39,<50,375,35,35,35,35,23,0,35,0,7,5,30,29,2,1
"283647,e9e400077841e3f",21,<50,317,18,20,20,20,26,0,38,0,0,0,21,20,0,0
"283647,ecbe000f2ecfbe0",64,50-100,986,43,55,58,60,26,0,36,0,3,3,44,35,17,17
"283647,ee0d00086ee6f84",53,50-100,820,38,42,47,47,36,0,56,0,4,3,39,31,10,8
"283647,f000000d969484d",11,<50,260,3,5,5,5,12,0,21,0,0,0,4,4,7,1
"283647,f05f00004e8ba4b",17,<50,560,16,16,16,16,18,0,24,0,0,0,10,10,7,6
"283647,f31d000e0fb291e",21,<50,895,16,20,21,21,18,0,33,0,0,0,14,14,7,6
"283647,f538000940adf4b",35,<50,831,25,30,31,31,30,0,57,0,2,2,23,18,10,10
"283647,ffd50006c16885a",10,<50,613,8,8,8,8,18,0,29,0,0,0,0,0,10,8
"283991,1000649b6ba2",16,<50,444,13,15,15,15,15,0,20,0,0,0,10,9,6,6
"283991,10d8a0001cd38355",4,<50,132,0,0,0,0,5,0,8,0,0,0,0,0,4,0
"283991,110f6000d90b126e",12,<50,293,8,11,11,11,9,0,16,0,0,0,0,0,12,11
"283991,123be000c9196502",20,<50,694,17,17,17,17,16,0,34,0,0,0,0,0,20,17
"283991,129220009f35c5db",32,<50,789,23,27,29,29,25,0,43,0,0,0,20,16,12,11
"283991,12dec00005b9daf8",6,<50,951,5,5,5,6,13,0,36,0,0,0,2,1,4,4
"283991,13a8b000f009d687",17,<50,315,10,11,11,11,14,0,18,0,9,5,7,5,1,1
"283991,13af000041636386",7,<50,402,0,0,0,0,6,0,12,0,0,0,0,0,7,0
"283991,13c10000a908fcb5",6,<50,424,6,6,6,6,11,0,23,0,0,0,1,1,5,5
"283991,142d9000a3d8c52f",10,<50,650,9,9,10,10,15,0,27,0,1,1,5,4,4,4
"283991,146bb000f963cf2d",10,<50,616,5,7,7,7,11,0,23,0,0,0,3,2,7,5
"283991,14766000958569e6",16,<50,935,6,7,7,7,24,0,55,0,5,0,7,4,4,3
"283991,148ec000da593d9f",28,<50,698,22,25,25,25,35,0,47,0,0,0,23,20,5,5
"283991,14cd900091e526fe",11,<50,744,8,11,11,11,13,0,27,0,0,0,2,2,9,9
"283991,153c9000b5858895",11,<50,338,10,10,10,10,10,0,12,0,0,0,1,1,10,9
"283991,154a10004dbbbb8c",30,<50,824,21,25,26,28,22,0,49,0,2,1,19,15,9,9
"283991,154f80008f1c8c2b",19,<50,582,16,16,16,16,15,0,26,0,5,5,12,9,2,2
"283991,1553d000d15d3dd1",16,<50,579,14,15,15,15,18,0,32,0,0,0,7,7,9,8
"283991,15618000d675aced",18,<50,411,13,16,16,16,13,0,28,0,5,4,10,9,3,3
"283991,1567f000af51a624",26,<50,408,19,21,23,23,24,0,47,0,0,0,8,5,18,16
"283991,15853000783309ba",47,<50,874,31,39,39,40,24,0,35,0,1,1,40,33,6,5
"283991,15863000b072f728",37,<50,558,19,24,26,26,15,0,23,0,0,0,18,8,19,16
"283991,15e0a000d279db72",57,50-100,865,29,38,41,41,30,0,47,0,17,8,34,26,6,4
"283991,15f070003f6d0c9b",22,<50,806,19,20,20,20,24,0,33,0,0,0,3,3,19,17
"283991,15f7b000ecd76f5b",32,<50,907,21,25,26,26,27,0,47,0,0,0,20,14,12,11
"283991,15fdf000a967e048",25,<50,839,16,17,19,20,14,0,28,0,0,0,8,3,17,14
"283991,1606c0002fc49c31",64,50-100,934,35,44,50,52,25,0,50,0,4,2,48,33,12,9
"283991,160f5000cd2ba022",15,<50,606,10,11,12,12,11,0,21,0,0,0,3,3,12,8
"283991,16300059c41ce6",64,50-100,817,48,55,56,56,38,0,54,0,6,6,58,49,0,0
"283991,163a10008fcaef50",23,<50,901,14,15,16,16,19,0,36,0,0,0,13,10,10,5
"283991,163d2000adad8279",7,<50,185,6,6,6,6,7,0,9,0,0,0,0,0,7,6
"283991,165350004ad0e151",20,<50,320,19,20,20,20,18,0,29,0,11,11,9,9,0,0
"283991,1655b000af56dac6",38,<50,809,23,26,32,33,26,0,41,0,1,1,23,13,14,12
"283991,165d80009a09a757",9,<50,411,7,7,7,7,11,0,18,0,0,0,8,7,1,0
"283991,167ca0005c98d9b2",16,<50,466,15,15,15,15,15,0,22,0,0,0,10,9,6,6
"283991,167d5000236d8ab8",26,<50,595,18,19,20,20,21,0,35,0,5,3,13,8,8,8
"283991,1684d000949f0eeb",33,<50,494,7,10,13,13,18,0,28,0,0,0,11,3,22,7
"283991,16866000bbe9182b",8,<50,200,8,8,8,8,8,0,8,0,0,0,0,0,8,8
"283991,1688f0008577cf40",41,<50,729,30,35,36,37,21,0,32,0,0,0,24,20,17,15
"283991,16a7500004388508",49,<50,744,23,34,36,37,25,0,46,0,3,0,30,20,16,14
"283991,16c5f0008abc9265",19,<50,553,9,13,14,14,20,0,25,0,0,0,0,0,19,13
"283991,16df9000aaa9d626",36,<50,797,28,30,31,31,23,0,51,0,5,3,23,19,8,8
"283991,17185000b6561b4e",42,<50,728,22,29,34,34,27,0,45,0,4,0,17,11,21,18
"283991,17200092575b29",22,<50,817,19,20,20,20,28,0,43,0,0,0,17,16,5,4
"283991,172af0007368954c",26,<50,434,23,23,23,23,15,0,31,0,19,16,7,7,0,0
"283991,172c00005ca9ecd0",26,<50,590,23,23,24,24,21,0,32,0,0,0,22,19,4,4
"283991,174530007fc28605",35,<50,835,26,28,31,32,23,0,33,0,1,0,28,22,6,6
"283991,1748d0002306f620",8,<50,260,6,6,6,6,8,0,12,0,0,0,5,5,3,1
"283991,1751b000c7cfc785",26,<50,480,13,14,15,15,16,0,25,0,0,0,5,0,21,14
"283991,1757a0003defa14a",9,<50,821,6,6,6,6,15,0,24,0,0,0,0,0,9,6
"283991,178ad000b6d5fc2e",32,<50,894,24,24,25,25,25,0,44,0,2,2,23,17,7,5
"283991,180750005a07b3cd",16,<50,913,11,13,14,14,27,0,62,0,0,0,3,2,13,11
"283991,187830000d5ebe3f",12,<50,332,12,12,12,12,19,0,30,0,0,0,1,1,11,11
"283991,187dd000176c4305",14,<50,660,13,13,13,13,19,0,27,0,0,0,10,9,4,4
"283991,18e8300084c4a377",18,<50,551,17,17,18,18,20,0,27,0,1,1,5,5,12,11
"283991,18ea0000744da326",9,<50,274,7,7,7,7,13,0,21,0,6,4,2,2,1,1
"283991,18ef20002a8e3bee",28,<50,718,19,20,22,25,19,0,33,0,0,0,7,5,21,15
"283991,18fcf000712527cf",18,<50,643,5,11,13,13,25,0,36,0,0,0,3,1,15,10
"283991,19245000e737238e",16,<50,911,14,15,15,16,25,0,46,0,0,0,9,8,7,7
"283991,193b700053a63244",31,<50,811,7,11,13,13,19,0,30,0,0,0,13,8,18,3
"283991,193fd00040d808fe",28,<50,849,20,23,24,24,37,0,61,0,11,8,17,15,0,0
"283991,194e4000d5dd8ea1",19,<50,648,12,13,15,15,19,0,33,0,0,0,9,7,10,6
"283991,1953b000b8b000b9",37,<50,640,30,31,31,31,25,0,47,0,4,2,28,24,5,5
"283991,1954c000810ff39f",26,<50,780,16,22,24,24,25,0,47,0,0,0,1,1,25,21
"283991,19782000b4949fce",21,<50,331,14,14,14,14,12,0,24,0,14,8,6,6,1,0
"283991,1978f0000ffca8e4",17,<50,488,16,16,17,17,16,0,29,0,0,0,13,12,4,4
"283991,197fe0008549d9d2",37,<50,466,31,32,33,33,25,0,37,0,0,0,31,27,6,5
"283991,19837000c0abe40c",21,<50,665,17,18,18,18,17,0,27,0,5,4,15,14,1,0
"283991,19a440007f9c7dc5",41,<50,903,31,36,36,36,23,0,45,0,0,0,29,26,12,10
"283991,19acf0003f53e3dc",7,<50,159,4,5,5,5,7,0,10,0,0,0,0,0,7,5
"283991,19b10000bf0db581",20,<50,479,14,16,17,17,15,0,23,0,1,1,17,13,2,2
"283991,19b2000071c405ef",33,<50,592,23,25,30,30,23,0,38,0,10,8,15,11,8,6
"283991,19c7f0004a1f6870",10,<50,316,10,10,10,10,15,0,22,0,0,0,5,5,5,5
"283991,19f11000eb408242",37,<50,764,18,20,23,24,27,0,36,0,1,1,22,12,14,7
"283991,1a31c0000fbae1d9",6,<50,308,4,5,5,5,11,0,16,0,0,0,0,0,6,5
"283991,1a3850004a210574",27,<50,993,19,21,22,25,31,0,66,0,0,0,21,15,6,6
"283991,1a423000741c9c48",23,<50,717,19,20,21,21,24,0,39,0,0,0,10,10,13,10
"283991,1a6e0008c8c9a3f",153,150-300,763,64,93,106,108,41,0,59,0,115,61,38,32,0,0
"283991,1a9370007e848449",28,<50,672,19,22,23,23,20,0,31,0,10,5,11,10,7,7
"283991,1a9a80000caf5c49",21,<50,862,18,19,19,19,26,0,43,0,3,3,16,14,2,2
"283991,1ac38000278d835d",22,<50,438,11,12,12,12,19,0,25,0,9,8,3,3,10,1
"283991,1ac7f00019f2801a",31,<50,513,29,30,30,30,24,0,38,0,16,15,14,14,1,1
"283991,1ace5000131780c8",24,<50,733,16,18,18,19,20,0,33,0,2,2,13,9,9,7
"283991,1ad400009d987ed3",50,50-100,827,38,40,43,43,23,0,34,0,15,11,31,27,4,2
"283991,1ad9b000a8415768",11,<50,684,9,9,10,10,13,0,18,0,0,0,2,2,9,7
"283991,1b1450009edc5cba",25,<50,494,14,17,18,18,24,0,39,0,0,0,0,0,25,17
"283991,1b175000ff19869f",16,<50,499,13,14,15,15,16,0,28,0,0,0,14,12,2,2
"283991,1b21d000108ab46f",19,<50,453,16,17,17,17,16,0,29,0,0,0,18,16,1,1
"283991,1b22e00004c40a10",33,<50,373,28,28,28,28,20,0,29,0,16,15,17,13,0,0
"283991,1b312000042a4331",24,<50,660,18,20,21,22,19,0,34,0,0,0,8,5,16,15
"283991,1b33600094d3b63c",14,<50,245,11,11,11,11,7,0,17,0,14,11,0,0,0,0
"283991,1b4d6000db871015",14,<50,542,8,10,11,11,14,0,25,0,0,0,0,0,14,10
"283991,1b5000750bc395",25,<50,810,12,15,18,19,28,0,50,0,0,0,12,8,13,7
"283991,1b86a0003db03d73",45,<50,464,29,32,33,33,27,0,32,0,15,5,28,26,2,1
"283991,1b87e000499146f7",25,<50,756,12,14,15,15,27,0,50,0,12,6,13,8,0,0
"283991,1b91600007576e9b",12,<50,365,11,11,11,11,12,0,19,0,3,2,6,6,3,3
"283991,1b975000add88ce2",24,<50,524,15,17,18,18,27,0,41,0,0,0,0,0,24,17
"283991,1bb450005349117c",5,<50,98,5,5,5,5,7,0,7,0,0,0,1,1,4,4
"283991,1c0e60007f7d055d",4,<50,251,3,3,3,3,6,0,11,0,0,0,0,0,4,3
"283991,1c1e000fee0d9e1",20,<50,668,18,18,18,18,19,0,33,0,0,0,7,6,13,12
"283991,1c4f000025787dac",15,<50,424,10,11,11,11,16,0,21,0,0,0,10,7,5,4
"283991,1c514000592d4b69",42,<50,360,21,25,27,27,17,0,35,0,0,0,28,14,14,11
"283991,1cca80002f1491d1",3,<50,40,3,3,3,3,2,0,4,0,0,0,0,0,3,3
"283991,1cd9d000f637cdfb",24,<50,335,20,20,20,20,22,0,33,0,2,2,21,18,1,0
"283991,1cdb90002bd9666b",34,<50,766,25,29,29,30,31,0,45,0,6,5,26,23,2,1
"283991,1cddc000c66ef055",26,<50,480,17,17,20,20,18,0,27,0,0,0,18,10,8,7
"283991,1cde6000c5da2f64",5,<50,500,1,3,3,3,12,0,26,0,0,0,0,0,5,3
"283991,1cfb7000101b1004",22,<50,453,19,21,21,21,17,0,33,0,11,10,10,10,1,1
"283991,1d05600069959a3f",14,<50,684,12,12,13,13,13,0,34,0,0,0,8,8,6,4
"283991,1d21d000108029ed",33,<50,578,31,31,31,31,23,0,37,0,13,12,20,19,0,0
"283991,1d59600022613523",26,<50,916,11,15,16,16,32,0,60,0,0,0,25,15,1,0
"283991,1d98c0007418cf79",29,<50,548,16,18,19,19,14,0,29,0,0,0,12,9,17,9
"283991,1d9ec000ca532b66",28,<50,420,26,26,26,26,21,0,32,0,0,0,28,26,0,0
"283991,1def7000a6144537",8,<50,225,7,7,7,7,8,0,11,0,2,2,4,3,2,2
"283991,1e149000791dd957",25,<50,368,11,14,14,14,13,0,32,0,5,4,10,3,10,7
"283991,1e1e50003557bbf2",20,<50,438,11,11,12,12,11,0,23,0,2,0,15,10,3,1
"283991,1e225000ebb56e11",27,<50,667,21,21,22,22,25,0,48,0,0,0,26,20,1,1
"283991,1e45d00048184e9f",7,<50,351,6,6,6,6,11,0,19,0,0,0,0,0,7,6
"283991,1e54f0007d1ff11e",8,<50,312,6,6,6,6,11,0,16,0,0,0,0,0,8,6
"283991,1e59100057787e4c",18,<50,428,16,17,17,17,17,0,22,0,5,4,9,9,4,4
"283991,1e696000c89900ca",12,<50,232,11,11,11,11,16,0,30,0,0,0,9,8,3,3
"283991,1e73200067b924db",28,<50,500,13,15,17,17,14,0,23,0,0,0,12,6,16,9
"283991,1e7ab00016e35c6f",13,<50,580,10,11,12,12,24,0,31,0,0,0,0,0,13,11
"283991,1e8dc000e03abc91",11,<50,519,7,8,8,8,13,0,26,0,0,0,4,3,7,5
"283991,1e9260007f5e6887",40,<50,475,14,18,26,26,23,0,38,0,0,0,2,2,38,16
"283991,1e93d000f84d97da",12,<50,549,7,10,11,11,17,0,40,0,0,0,1,0,11,10
"283991,1ea36000b19f24d0",6,<50,527,6,6,6,6,20,0,26,0,0,0,0,0,6,6
"283991,1ed7d0005eaf3711",43,<50,973,25,32,35,37,23,0,42,0,0,0,2,0,41,32
"283991,1f1f80004b8353b8",26,<50,726,15,16,17,17,21,0,33,0,0,0,5,4,21,12
"283991,1f3d600048c1be22",12,<50,466,7,7,7,7,15,0,31,0,0,0,0,0,12,7
"283991,1f541000cd8b6d2b",17,<50,661,14,17,17,17,22,0,36,0,0,0,2,2,15,15
"283991,1f5900026d74f0d",5,<50,258,5,5,5,5,7,0,15,0,0,0,0,0,5,5
"283991,1ff1c0004654bbeb",34,<50,739,25,27,29,29,23,0,43,0,0,0,15,9,19,18
"283991,2038f0008c471266",30,<50,766,22,27,27,27,26,0,42,0,0,0,17,14,13,13
"283991,205100003f648e83",12,<50,501,11,11,11,11,13,0,29,0,0,0,4,4,8,7
"283991,2054d0008e01b241",18,<50,554,12,13,13,13,26,0,50,0,0,0,0,0,18,13
"283991,2066900015a73a45",8,<50,388,6,6,6,6,9,0,12,0,0,0,0,0,8,6
"283991,20d3200024fde52d",12,<50,225,1,1,1,1,10,0,10,0,0,0,0,0,12,1
"283991,20f260008b81d222",45,<50,603,30,35,38,38,18,0,37,0,0,0,25,18,20,17
"283991,2115000de31681d",34,<50,538,27,30,30,30,37,0,65,0,21,17,13,13,0,0
"283991,21419000d60045cc",26,<50,759,16,20,21,21,20,0,40,0,0,0,5,3,21,17
"283991,214ec00052a32334",8,<50,165,8,8,8,8,11,0,14,0,3,3,1,1,4,4
"283991,215cc000cd824ea5",12,<50,486,10,12,12,12,14,0,25,0,0,0,0,0,12,12
"283991,21cec000cc80ae5f",54,50-100,783,25,35,39,40,33,0,79,0,23,12,30,22,1,1
"283991,21ea50006614e1bd",40,<50,967,20,30,33,36,31,0,59,0,11,7,19,15,10,8
"283991,21f1a0004d48b40d",25,<50,935,22,25,25,25,26,0,41,0,0,0,16,16,9,9
"283991,21f400018ffdb5e",17,<50,463,16,16,16,16,20,0,27,0,0,0,13,12,4,4
"283991,21f5f000986ba969",38,<50,328,32,34,34,34,12,0,33,0,15,13,22,20,1,1
"283991,220850008b7fd362",116,100-150,801,62,87,98,99,36,0,59,0,76,50,40,37,0,0
"283991,224b0000d3c3b5ab",10,<50,553,8,9,10,10,12,0,16,0,0,0,5,4,5,5
"283991,228e800033706d49",8,<50,255,7,7,7,7,14,0,18,0,0,0,0,0,8,7
"283991,22f7b0009b67d663",11,<50,275,9,10,10,10,9,0,12,0,0,0,4,4,7,6
"283991,315000e01db72a",16,<50,692,15,15,16,16,18,0,37,0,0,0,7,7,9,8
"283991,34d1000143a75b5",42,<50,784,17,27,29,31,17,0,34,0,7,3,26,19,9,5
"283991,3581000bedccd36",18,<50,273,18,18,18,18,15,0,18,0,2,2,0,0,16,16
"283991,359f000e38270b0",63,50-100,589,38,43,48,48,23,0,42,0,1,0,32,18,30,25
"283991,429c000e55f7527",18,<50,870,13,13,13,14,26,0,39,0,0,0,9,5,9,8
"283991,46000002e70036b",7,<50,263,3,4,4,4,6,0,9,0,0,0,0,0,7,4
"283991,489d000f52a95c9",62,50-100,855,30,40,45,48,23,0,59,0,13,6,40,25,9,9
"283991,48dd000ebb279ac",45,<50,773,33,40,43,43,34,0,59,0,0,0,19,15,26,25
"283991,4a080006584e6d9",18,<50,501,13,14,14,14,12,0,28,0,0,0,0,0,18,14
"283991,4a47000da0b08ed",34,<50,804,23,28,30,30,20,0,33,0,0,0,20,17,14,11
"283991,4a600008e3d5348",6,<50,447,5,5,5,5,8,0,10,0,0,0,0,0,6,5
"283991,4aae0006e52e16b",121,100-150,876,58,87,100,104,31,0,59,0,58,34,63,53,0,0
"283991,4bbe000a5a38339",25,<50,496,20,21,22,22,29,0,39,0,13,11,10,8,2,2
"283991,4d1d000ae1e1a88",33,<50,751,23,25,28,30,27,0,48,0,4,1,16,12,13,12
"283991,4fc700020536ef1",27,<50,500,21,24,25,25,17,0,28,0,8,6,19,18,0,0
"283991,51aa0008a64da2f",33,<50,794,20,22,28,28,28,0,48,0,0,0,19,11,14,11
"283991,51bc00036a68204",68,50-100,834,54,61,61,62,26,0,51,0,24,23,44,38,0,0
"283991,51e7000982a7a14",15,<50,628,13,14,14,14,21,0,40,0,3,3,12,11,0,0
"283991,535a0006f663a53",14,<50,467,14,14,14,14,21,0,41,0,8,8,6,6,0,0
"283991,5519000a01fe1dd",85,50-100,709,56,77,79,80,20,0,43,0,64,57,21,20,0,0
"283991,59800080c2c647",53,50-100,749,35,41,44,44,20,0,35,0,29,25,23,16,1,0
"283991,623c00097175549",4,<50,58,3,3,3,3,4,0,6,0,0,0,0,0,4,3
"283991,629f0006e8138bb",15,<50,470,13,13,14,14,16,0,29,0,5,4,8,7,2,2
"283991,6394000f439a270",91,50-100,780,39,59,70,70,32,0,65,0,50,26,41,33,0,0
"283991,63aa00078741d44",101,100-150,897,49,67,77,83,26,0,51,0,52,29,49,38,0,0
"283991,683e0006c304204",19,<50,565,17,17,17,17,18,0,32,0,0,0,0,0,19,17
"283991,6ab0009a803a2c",51,50-100,542,40,44,45,45,28,0,43,0,1,1,44,37,6,6
"283991,6dc00013430237",15,<50,179,12,12,12,12,15,0,21,0,4,3,8,6,3,3
"283991,708e000545e9aab",16,<50,656,12,13,16,16,14,0,21,0,0,0,1,1,15,12
"283991,70bc0000eb6b285",23,<50,677,16,19,20,20,20,0,33,0,5,4,12,11,6,4
"283991,70d500062210f1e",62,50-100,715,42,48,52,52,28,0,46,0,29,24,32,24,1,0
"283991,732e000547e7231",17,<50,494,15,15,15,15,19,0,28,0,1,1,16,14,0,0
"283991,76a90005d8f76ce",13,<50,744,10,10,11,11,13,0,21,0,0,0,2,0,11,10
"283991,77500005f0d29ff",23,<50,865,21,22,22,22,21,0,30,0,0,0,14,13,9,9
"283991,78e20002e1cdf74",6,<50,338,4,4,4,4,3,0,4,0,0,0,0,0,6,4
"283991,7a900043f4c60f",14,<50,208,12,14,14,14,10,0,14,0,0,0,0,0,14,14
"283991,87540005e171e90",10,<50,189,10,10,10,10,8,0,12,0,1,1,8,8,1,1
"283991,890007f849744",34,<50,528,30,32,33,33,32,0,37,0,0,0,26,24,8,8
"283991,8aa4000e9b10665",11,<50,468,5,5,5,5,12,0,19,0,0,0,0,0,11,5
"283991,9219000a39a4fe2",3,<50,163,3,3,3,3,5,0,7,0,0,0,0,0,3,3
"283991,922700091a5a5f8",4,<50,185,4,4,4,4,5,0,7,0,0,0,0,0,4,4
"283991,a31c000beac1f29",29,<50,290,25,27,27,27,26,0,36,0,0,0,14,12,15,15
"283991,a33f00002285011",31,<50,691,28,28,31,31,25,0,50,0,7,6,24,22,0,0
"283991,a355000f9047810",18,<50,305,16,17,17,17,8,0,28,0,15,14,3,3,0,0
"283991,a6cf000c201f8db",10,<50,1000,7,7,7,7,40,0,74,0,0,0,6,5,4,2
"283991,aca6000e932acf3",4,<50,318,4,4,4,4,8,0,10,0,0,0,3,3,1,1
"283991,af2b000a02d50f9",10,<50,334,9,9,9,9,9,0,19,0,6,5,1,1,3,3
"283991,b2b30000b0464a2",6,<50,299,6,6,6,6,9,0,17,0,0,0,4,4,2,2
"283991,b6740000a41fe92",16,<50,368,15,15,15,15,14,0,22,0,3,2,12,12,1,1
"283991,beac0008835d83e",13,<50,623,9,10,11,11,22,0,44,0,0,0,0,0,13,10
"283991,d09300018d51af8",14,<50,479,12,12,12,12,15,0,30,0,1,1,10,9,3,2
"283991,da00080bc61ce",21,<50,795,13,16,18,18,28,0,44,0,0,0,17,13,4,3
"283991,e069000c11980bf",31,<50,566,27,28,29,29,26,0,42,0,0,0,19,18,12,10
"283991,e7200081d0c417",16,<50,406,13,15,16,16,10,0,21,0,9,8,4,4,3,3
"283991,ee24000d0b0b3cb",16,<50,517,16,16,16,16,22,0,32,0,0,0,0,0,16,16
"283991,ee3a000cd1a6a84",26,<50,768,23,24,25,25,38,0,68,0,12,11,13,12,1,1
"283991,ee59000031547f4",19,<50,379,15,17,18,18,13,0,27,0,2,2,6,5,11,10
"283991,ef1b00025fdcbee",11,<50,545,10,10,10,10,20,0,30,0,0,0,0,0,11,10
"283992,100870004a63abe0",16,<50,512,15,16,16,16,24,0,37,0,7,7,5,5,4,4
"283992,1016000f0929a07",26,<50,438,22,25,25,25,24,0,27,0,0,0,18,18,8,7
"283992,1029d0007dc4b941",35,<50,567,19,22,22,22,15,0,30,0,7,6,19,12,9,4
"283992,1039c0006b30b0d4",17,<50,583,15,16,16,16,18,0,24,0,3,2,11,11,3,3
"283992,1055d000f9f73273",20,<50,305,17,18,18,18,19,0,30,0,0,0,20,18,0,0
"283992,105a4000d1e531b6",14,<50,494,9,10,10,10,17,0,26,0,0,0,6,4,8,6
"283992,10624000d784ce44",42,<50,657,33,36,36,36,33,0,41,0,8,8,34,28,0,0
"283992,106630008ef0bd5d",7,<50,337,7,7,7,7,13,0,21,0,1,1,3,3,3,3
"283992,1069e0007deee609",9,<50,696,4,5,6,6,9,0,23,0,0,0,1,1,8,4
"283992,106c7000071cc1d9",7,<50,487,4,4,5,5,15,0,25,0,0,0,0,0,7,4
"283992,10a35000caa69263",19,<50,390,10,13,14,14,12,0,21,0,0,0,2,0,17,13
"283992,10aca000c81fe27c",26,<50,873,21,25,25,25,33,0,49,0,0,0,21,20,5,5
"283992,111f200032ebea28",3,<50,268,3,3,3,3,7,0,14,0,0,0,0,0,3,3
"283992,1155500097525100",3,<50,246,2,2,2,2,6,0,10,0,0,0,0,0,3,2
"283992,116cb0009766ea55",13,<50,584,13,13,13,13,15,0,22,0,0,0,7,7,6,6
"283992,116db00003407d5c",12,<50,394,6,6,6,6,8,0,15,0,0,0,3,3,9,3
"283992,116f00008ebc0578",13,<50,356,11,11,11,11,15,0,24,0,0,0,3,1,10,10
"283992,1175900039ee39f3",59,50-100,821,25,35,39,39,33,0,67,0,16,11,29,16,14,8
"283992,1176f0009860b66b",137,100-150,949,55,76,90,96,31,0,50,0,41,9,94,67,2,0
"283992,117f5000337802f5",22,<50,429,14,15,17,17,16,0,25,0,0,0,0,0,22,15
"283992,11a4b0003ea2841f",14,<50,465,11,13,14,14,22,0,31,0,0,0,11,10,3,3
"283992,11bd900042ca06ca",19,<50,507,14,16,17,17,13,0,24,0,0,0,6,6,13,10
"283992,11c320004d389a72",27,<50,955,17,19,19,19,54,0,76,0,0,0,0,0,27,19
"283992,11e6600046305e2d",21,<50,806,13,14,17,17,14,0,26,0,0,0,14,10,7,4
"283992,11f2f000c830c165",4,<50,282,4,4,4,4,8,0,12,0,0,0,0,0,4,4
"283992,11f6e000ce3dd425",12,<50,431,10,10,10,10,20,0,30,0,0,0,2,2,10,8
"283992,12000e7e7d513",55,50-100,748,40,42,47,47,27,0,42,0,17,9,32,27,6,6
"283992,1210600097f46052",18,<50,460,12,13,14,14,14,0,21,0,0,0,2,2,16,11
"283992,1214d00027a79131",15,<50,423,14,14,14,14,17,0,28,0,0,0,15,14,0,0
"283992,1217e000df9ee218",27,<50,594,22,23,24,24,21,0,44,0,9,8,16,13,2,2
"283992,123d00099aa8a98",3,<50,87,3,3,3,3,3,0,4,0,0,0,3,3,0,0
"283992,1243b000762573b3",46,<50,430,29,36,37,37,19,0,35,0,13,6,28,25,5,5
"283992,126ff00014a3c700",7,<50,442,7,7,7,7,14,0,25,0,0,0,0,0,7,7
"283992,12d00007be6598f",4,<50,306,4,4,4,4,3,0,8,0,0,0,0,0,4,4
"283992,1329000bb31a59e",21,<50,439,16,19,19,19,11,0,19,0,0,0,13,11,8,8
"283992,133900039ee3989",29,<50,359,13,15,16,16,13,0,22,0,18,12,11,3,0,0
"283992,137c0006b24ca9b",9,<50,427,7,8,8,8,10,0,19,0,0,0,2,1,7,7
"283992,139b000816996d4",79,50-100,776,52,67,71,71,22,0,43,0,33,25,43,41,3,1
"283992,13aad00035c65655",44,<50,892,20,27,29,31,25,0,54,0,0,0,0,0,44,27
"283992,13c9c000014e2f93",50,50-100,758,30,36,40,40,23,0,36,0,23,13,24,21,3,2
"283992,13e000abdfa6b5",18,<50,626,13,16,16,16,9,0,19,0,0,0,13,11,5,5
"283992,1408b00010649db4",7,<50,344,7,7,7,7,15,0,24,0,0,0,0,0,7,7
"283992,14c400094c89cbd",32,<50,739,27,31,31,31,20,0,38,0,4,4,17,17,11,10
"283992,156e000a5d903e4",18,<50,180,15,15,15,15,17,0,23,0,2,2,4,2,12,11
"283992,1571d000b277cc92",15,<50,771,12,13,13,13,17,0,28,0,0,0,10,8,5,5
"283992,159650000b0dc88c",38,<50,706,24,30,32,32,20,0,40,0,17,13,21,17,0,0
"283992,15f7d000d0e5fc77",30,<50,913,24,25,25,25,19,0,42,0,0,0,23,19,7,6
"283992,1600c000239eaba8",49,<50,663,38,43,44,44,23,0,35,0,0,0,45,39,4,4
"283992,160600016c0445a",78,50-100,443,67,70,71,71,50,0,59,0,46,40,32,30,0,0
"283992,161220000e23e285",88,50-100,969,35,44,50,57,38,0,61,0,0,0,0,0,88,44
"283992,163200033cc7372",28,<50,295,20,21,21,21,12,0,22,0,14,8,14,13,0,0
"283992,165c700080af514f",14,<50,261,13,13,13,13,17,0,23,0,8,8,4,4,2,1
"283992,165d8000fbf07a5d",7,<50,449,6,7,7,7,8,0,10,0,0,0,5,5,2,2
"283992,166d9000293082c4",14,<50,247,13,13,13,13,10,0,14,0,9,9,2,1,3,3
"283992,167600078b95310",14,<50,414,11,12,12,12,7,0,21,0,0,0,0,0,14,12
"283992,16c6800035d981ac",19,<50,575,18,18,18,18,23,0,49,0,3,3,14,13,2,2
"283992,16d20000ad59f6de",37,<50,670,18,23,25,25,22,0,37,0,0,0,26,15,11,8
"283992,16d9f0006e79c48f",49,<50,781,37,43,44,44,19,0,47,0,15,13,31,27,3,3
"283992,16dc000082c6269d",11,<50,295,9,10,10,10,18,0,26,0,0,0,0,0,11,10
"283992,17541000766c944e",19,<50,872,18,19,19,19,20,0,32,0,0,0,12,12,7,7
"283992,17ad000186b9737",17,<50,868,12,16,16,17,20,0,37,0,0,0,10,9,7,7
"283992,17b80000631d7df",16,<50,547,11,12,12,12,25,0,35,0,3,2,8,6,5,4
"283992,17db90002664cc5d",17,<50,838,10,11,12,12,25,0,47,0,0,0,10,5,7,6
"283992,17f9c000cb8a0b03",26,<50,630,15,18,19,19,11,0,25,0,9,6,9,7,8,5
"283992,18084000581471e1",18,<50,411,16,16,16,16,17,0,26,0,2,1,13,12,3,3
"283992,1839200027b57441",12,<50,311,8,11,11,11,11,0,22,0,0,0,1,0,11,11
"283992,185b00020235607",29,<50,644,15,16,17,18,22,0,29,0,0,0,0,0,29,16
"283992,185dd00039413a17",15,<50,415,10,11,11,11,27,0,42,0,0,0,0,0,15,11
"283992,1860c0001884cef1",19,<50,571,12,13,14,14,14,0,24,0,0,0,0,0,19,13
"283992,1867b00091cce138",20,<50,951,11,12,13,15,22,0,47,0,4,2,14,8,2,2
"283992,18839000cb73c85e",18,<50,397,13,14,14,14,14,0,19,0,4,2,9,7,5,5
"283992,188cd0009607e939",12,<50,744,10,10,10,11,14,0,27,0,0,0,12,10,0,0
"283992,18a200003166640e",7,<50,178,7,7,7,7,11,0,15,0,0,0,2,2,5,5
"283992,18b120003117b785",5,<50,214,5,5,5,5,9,0,18,0,0,0,0,0,5,5
"283992,18e82000ba191adb",31,<50,901,24,25,26,26,34,0,75,0,7,4,21,18,3,3
"283992,19974000d46ef639",24,<50,493,19,19,21,21,16,0,23,0,5,2,16,14,3,3
"283992,19ab4000a263f453",26,<50,636,22,22,22,22,24,0,35,0,0,0,21,17,5,5
"283992,19ad1000392a51d3",14,<50,288,9,11,11,11,17,0,33,0,0,0,10,8,4,3
"283992,19b16000428a8b9a",91,50-100,715,42,64,74,75,29,0,42,0,0,0,42,24,49,40
"283992,1a08c0007ee1cce4",37,<50,693,29,30,30,30,31,0,45,0,0,0,19,14,18,16
"283992,1a0a10000e1601b8",61,50-100,701,31,40,41,41,24,0,42,0,3,1,33,20,25,19
"283992,1a0c00002683ab21",10,<50,261,5,7,7,7,10,0,15,0,0,0,0,0,10,7
"283992,1cac0002e921039",112,100-150,777,45,61,69,70,26,0,43,0,0,0,65,32,47,29
"283992,1d97000730be724",112,100-150,849,44,68,76,81,36,0,58,0,4,0,60,29,48,39
"283992,1ff00032ec3410",43,<50,506,21,25,26,26,18,0,29,0,2,0,22,11,19,14
"283992,2238000bc54da3e",39,<50,896,19,23,25,25,31,0,42,0,0,0,15,3,24,20
"283992,22d900052f67477",24,<50,557,20,22,23,23,17,0,28,0,9,8,14,13,1,1
"283992,23230001b05fc11",35,<50,212,28,31,31,31,20,0,33,0,8,7,24,21,3,3
"283992,24d4000be94c723",63,50-100,971,32,44,48,51,43,0,90,0,0,0,51,34,12,10
"283992,26090009d6e3ff1",14,<50,427,12,13,13,13,13,0,17,0,0,0,5,5,9,8
"283992,266a000220de392",31,<50,722,23,25,25,27,20,0,36,0,2,0,16,12,13,13
"283992,26f6000f1fee913",26,<50,794,17,19,20,20,19,0,37,0,0,0,21,16,5,3
"283992,274b0008b5e34e3",43,<50,452,34,36,36,36,19,0,28,0,24,18,19,18,0,0
"283992,2767000b6dbb3de",16,<50,317,8,10,11,11,15,0,22,0,0,0,0,0,16,10
"283992,294f000324e321a",34,<50,512,28,30,32,32,27,0,43,0,8,8,25,21,1,1
"283992,2b31000326b1e72",19,<50,366,18,19,19,19,17,0,20,0,2,2,14,14,3,3
"283992,2caa0005fabda0c",31,<50,531,23,23,25,25,20,0,30,0,3,0,28,23,0,0
"283992,2d790003c55efe3",17,<50,279,0,0,0,0,20,0,27,0,0,0,0,0,17,0
"283992,3013000f8b91722",20,<50,321,18,19,19,19,18,0,24,0,6,6,14,13,0,0
"283992,3056000e977837f",14,<50,499,13,13,13,13,17,0,23,0,0,0,3,3,11,10
"283992,3075000f7a9d5c5",31,<50,769,18,25,30,30,26,0,52,0,0,0,2,2,29,23
"283992,31360006b057a7e",28,<50,878,18,22,24,24,23,0,50,0,0,0,0,0,28,22
"283992,37f90009c6358cd",99,50-100,858,61,77,83,86,41,0,71,0,0,0,98,76,1,1
"283992,38be0004ed290aa",20,<50,234,18,20,20,20,18,0,36,0,14,14,6,6,0,0
"283992,3941000f2bf8502",13,<50,245,11,11,11,11,11,0,16,0,7,5,1,1,5,5
"283992,39c0000d12d28e2",13,<50,263,12,13,13,13,15,0,24,0,5,5,8,8,0,0
"283992,40260000c8e28dc",12,<50,845,10,10,11,11,14,0,27,0,0,0,8,6,4,4
"283992,41410001b40e80b",23,<50,459,22,23,23,23,24,0,31,0,6,6,14,14,3,3
"283992,43b80003c7328d1",19,<50,306,13,15,15,15,15,0,26,0,11,10,4,4,4,1
"283992,49be0002e9ada91",41,<50,323,32,36,37,37,30,0,41,0,0,0,6,4,35,32
"283992,4a9e000bc38590a",18,<50,415,14,15,15,15,13,0,21,0,3,2,15,13,0,0
"283992,4b10000b8eb5070",25,<50,683,22,23,23,23,17,0,31,0,2,1,23,22,0,0
"283992,4c2a000575f4dfa",43,<50,698,27,30,33,33,31,0,41,0,0,0,30,20,13,10
"283992,4c76000d3f98e33",17,<50,558,15,17,17,17,13,0,28,0,5,5,12,12,0,0
"283992,4fb0006d3f9f6d",35,<50,580,23,27,30,30,23,0,36,0,3,3,26,20,6,4
"283992,5251000589493bc",6,<50,240,6,6,6,6,5,0,8,0,0,0,4,4,2,2
"283992,55bb000cc904f08",31,<50,672,26,27,27,28,20,0,37,0,1,1,26,23,4,3
"283992,561f00030a5043e",6,<50,227,6,6,6,6,4,0,8,0,0,0,6,6,0,0
"283992,565b000b2895bed",23,<50,778,20,20,22,22,22,0,33,0,0,0,0,0,23,20
"283992,571b000b07c5e2a",11,<50,258,11,11,11,11,13,0,18,0,0,0,0,0,11,11
"283992,5783000652074f4",34,<50,580,25,28,31,31,21,0,27,0,3,3,22,18,9,7
"283992,5b7000d41b0a77",43,<50,692,30,33,34,34,29,0,49,0,4,0,26,20,13,13
"283992,617000bd2298eb",46,<50,635,38,45,45,45,33,0,48,0,0,0,44,43,2,2
"283992,6689000fda984b2",26,<50,312,24,26,26,26,22,0,36,0,21,21,5,5,0,0
"283992,692d000eb1f4bef",16,<50,944,9,10,11,11,31,0,90,0,0,0,9,4,7,6
"283992,69700001c76a572",13,<50,448,11,12,13,13,15,0,28,0,0,0,13,12,0,0
"283992,697000545e9bf4",15,<50,440,12,12,12,12,17,0,25,0,0,0,3,2,12,10
"283992,6aa0004b305390",30,<50,802,23,24,27,27,25,0,31,0,0,0,4,3,26,21
"283992,6ce6000da016c46",28,<50,518,26,28,28,28,27,0,49,0,21,21,7,7,0,0
"283992,6ddc0008c231326",51,50-100,812,46,47,49,49,36,0,49,0,1,0,48,46,2,1
"283992,6e21000230cced6",8,<50,431,7,8,8,8,10,0,16,0,2,2,5,5,1,1
"283992,6e6a000dd46ce9d",26,<50,521,21,22,22,22,25,0,37,0,3,3,15,13,8,6
"283992,6eef000dcf0a9a3",57,50-100,345,30,35,36,36,23,0,32,0,0,0,44,26,13,9
"283992,6fdc000ec6426e6",6,<50,159,6,6,6,6,8,0,12,0,0,0,0,0,6,6
"283992,756d000bdad13b9",20,<50,374,18,20,20,20,18,0,27,0,6,6,13,13,1,1
"283992,75bc0009661a06f",15,<50,513,8,9,9,9,12,0,22,0,2,1,9,7,4,1
"283992,76060002374133e",13,<50,389,10,12,12,12,8,0,18,0,1,1,12,11,0,0
"283992,76510000376e4d6",6,<50,221,5,5,5,5,10,0,14,0,0,0,0,0,6,5
"283992,76f600045034b7a",25,<50,593,11,13,15,15,13,0,26,0,16,6,5,4,4,3
"283992,7853000ad8c9924",8,<50,534,7,7,7,7,21,0,28,0,0,0,0,0,8,7
"283992,7a0b00000a9e294",74,50-100,878,41,52,60,63,34,0,58,0,2,0,48,32,24,20
"283992,7a22000b3b64eff",8,<50,269,1,1,1,1,6,0,12,0,0,0,0,0,8,1
"283992,7c9c0008d71266c",27,<50,712,21,22,23,24,25,0,33,0,0,0,18,14,9,8
"283992,7e4b0008da24e9a",30,<50,710,23,24,25,26,22,0,55,0,0,0,13,7,17,17
"283992,80430005e234c9a",12,<50,310,5,6,6,6,12,0,14,0,0,0,0,0,12,6
"283992,8143000f989d07b",22,<50,719,14,16,16,16,20,0,37,0,0,0,0,0,22,16
"283992,8179000a18f7f95",10,<50,325,9,9,9,9,9,0,13,0,0,0,0,0,10,9
"283992,820d0002576e940",31,<50,878,21,27,28,28,32,0,50,0,1,1,25,22,5,4
"283992,83c00003dea4f57",55,50-100,294,50,52,52,52,20,0,37,0,51,48,4,4,0,0
"283992,859e000c9bee774",25,<50,890,21,23,24,24,24,0,40,0,0,0,19,18,6,5
"283992,8a67000af761f4c",14,<50,523,4,4,5,5,12,0,22,0,0,0,1,0,13,4
"283992,8b490000c59e350",22,<50,372,19,20,20,20,14,0,24,0,4,3,13,12,5,5
"283992,8c270002773e76c",36,<50,374,32,32,32,32,19,0,25,0,14,12,15,14,7,6
"283992,8ca20007cde02f9",12,<50,398,10,11,11,11,13,0,30,0,0,0,5,5,7,6
"283992,8dc3000ceba8a1a",16,<50,342,5,5,5,5,14,0,20,0,0,0,11,2,5,3
"283992,8e330005d46ade9",36,<50,603,30,34,35,35,30,0,46,0,7,6,25,24,4,4
"283992,8e6b0005d9ab388",14,<50,755,12,13,13,13,16,0,26,0,0,0,2,2,12,11
"283992,8efd000d8378e28",23,<50,751,18,18,18,18,27,0,41,0,1,0,12,9,10,9
"283992,8f6a000dcab3502",11,<50,400,10,10,10,10,16,0,25,0,0,0,7,6,4,4
"283992,90bf000eec4e193",35,<50,565,23,27,29,29,23,0,36,0,9,5,16,14,10,8
"283992,9361000b9a1e818",19,<50,462,13,18,18,18,11,0,21,0,6,6,12,11,1,1
"283992,93760007ab5ebbc",9,<50,439,7,7,8,8,11,0,20,0,0,0,0,0,9,7
"283992,93e20005324a89b",134,100-150,869,62,99,112,117,33,0,62,0,27,13,107,86,0,0
"283992,93f50000c1fb042",11,<50,715,8,8,10,10,11,0,19,0,0,0,0,0,11,8
"283992,93ff0001e9c65c6",9,<50,234,8,8,8,8,11,0,17,0,0,0,0,0,9,8
"283992,9614000e82f35e1",11,<50,602,7,7,7,7,13,0,18,0,0,0,4,4,7,3
"283992,964e00083d119f2",15,<50,479,9,9,10,10,16,0,29,0,0,0,1,1,14,8
"283992,96f900018783745",20,<50,550,15,17,18,18,23,0,32,0,0,0,12,9,8,8
"283992,9b920006f25baec",56,50-100,823,25,31,36,37,27,0,47,0,0,0,0,0,56,31
"283992,9d10000623fc1ce",18,<50,736,18,18,18,18,22,0,48,0,5,5,10,10,3,3
"283992,9e00000667c727d",9,<50,360,7,8,8,8,13,0,20,0,0,0,7,6,2,2
"283992,a4fb000e9494904",22,<50,553,16,16,16,16,24,0,30,0,0,0,6,1,16,15
"283992,a64600074ed4597",7,<50,543,6,6,6,6,10,0,26,0,0,0,1,1,6,5
"283992,a6b5000fa9869ee",13,<50,183,12,12,12,12,12,0,16,0,0,0,4,4,9,8
"283992,a7ef0008c905424",18,<50,470,11,12,13,13,14,0,25,0,0,0,5,4,13,8
"283992,aedf00088fcb94e",19,<50,585,18,18,19,19,20,0,33,0,0,0,13,12,6,6
"283992,af2a0002f9a92ee",7,<50,95,6,6,6,6,7,0,9,0,0,0,3,3,4,3
"283992,b071000c564d762",15,<50,334,13,14,14,14,26,0,46,0,12,12,3,2,0,0
"283992,b48d0000b80b9e7",30,<50,540,24,26,28,28,24,0,35,0,1,0,15,14,14,12
"283992,b556000fb6934f6",22,<50,586,19,19,21,21,22,0,32,0,0,0,12,9,10,10
"283992,b5770007c146134",27,<50,302,27,27,27,27,23,0,28,0,11,11,14,14,2,2
"283992,b6b8000e076a292",12,<50,433,10,11,11,11,11,0,17,0,0,0,10,9,2,2
"283992,b716000c22d489b",10,<50,181,8,8,8,8,9,0,11,0,0,0,7,5,3,3
"283992,b771000bf51691f",15,<50,529,14,15,15,15,15,0,27,0,0,0,0,0,15,15
"283992,b7a2000ba1d6f29",5,<50,505,3,4,4,4,12,0,15,0,0,0,0,0,5,4
"283992,be1f00044637080",41,<50,772,29,31,33,33,18,0,41,0,7,6,34,25,0,0
"283992,bf140000e355f5b",23,<50,416,20,20,21,21,20,0,35,0,8,8,12,9,3,3
"283992,bff0002397dd17",20,<50,384,11,12,12,12,15,0,23,0,0,0,1,0,19,12
"283992,c02200036665707",24,<50,791,15,18,18,18,15,0,31,0,2,1,12,10,10,7
"283992,c0d1000c3350a1b",27,<50,418,18,23,25,25,16,0,27,0,0,0,10,9,17,14
"283992,c228000b89a8a99",20,<50,655,16,17,20,20,19,0,29,0,2,2,16,13,2,2
"283992,c800000b1a483da",11,<50,431,7,8,8,8,14,0,21,0,1,1,7,4,3,3
"283992,c82000945250d0",34,<50,619,19,22,23,23,17,0,25,0,0,0,15,9,19,13
"283992,c85800035e8c7c9",11,<50,634,9,10,11,11,20,0,26,0,0,0,1,0,10,10
"283992,c8680005e21e809",25,<50,617,18,19,20,20,18,0,35,0,3,3,15,11,7,5
"283992,ca6f000496cb6e7",16,<50,589,14,16,16,16,14,0,25,0,5,5,7,7,4,4
"283992,cb5c000c7aef901",78,50-100,951,48,59,64,66,28,0,50,0,16,4,50,44,12,11
"283992,ce6e000788bec7f",20,<50,326,18,19,19,19,17,0,20,0,2,2,18,17,0,0
"283992,d3a00049dee1b6",31,<50,617,10,12,14,14,18,0,31,0,8,5,7,3,16,4
"283992,d4950001ddbb0f6",15,<50,532,13,14,14,14,18,0,32,0,0,0,1,1,14,13
"283992,d4c000005c4fdee",4,<50,150,4,4,4,4,4,0,5,0,0,0,0,0,4,4
"283992,d4cd0008b62fc06",10,<50,837,6,7,8,8,9,0,17,0,0,0,4,2,6,5
"283992,d4f1000e21e6cd8",18,<50,587,18,18,18,18,16,0,26,0,6,6,7,7,5,5
"283992,d600001f0b29e7",41,<50,447,17,19,20,20,14,0,22,0,0,0,16,0,25,19
"283992,d63a00075130896",30,<50,551,17,22,25,25,25,0,39,0,0,0,1,1,29,21
"283992,d8a60000607da30",32,<50,854,14,22,26,27,26,0,63,0,0,0,3,3,29,19
"283992,d905000edcd5655",10,<50,192,10,10,10,10,7,0,10,0,5,5,5,5,0,0
"283992,da7c00031705949",17,<50,519,16,16,17,17,17,0,20,0,1,1,12,11,4,4
"283992,dab900092ada264",25,<50,338,23,25,25,25,18,0,38,0,20,20,5,5,0,0
"283992,dbf000907a7b16",18,<50,513,14,14,14,14,17,0,25,0,0,0,11,7,7,7
"283992,df8200045cae607",31,<50,942,21,24,25,26,28,0,54,0,0,0,22,17,9,7
"283992,e13a0008392748a",7,<50,374,7,7,7,7,8,0,13,0,0,0,0,0,7,7
"283992,e365000f7aeaf68",22,<50,914,15,18,19,19,27,0,51,0,0,0,7,6,15,12
"283992,e4d3000ff15cfc6",19,<50,664,15,19,19,19,16,0,40,0,0,0,15,15,4,4
"283992,e55d0006afa6157",42,<50,853,34,37,38,38,28,0,41,0,13,11,29,26,0,0
"283992,e580000b7aa17e1",19,<50,690,16,18,18,18,23,0,45,0,4,4,10,9,5,5
"283992,ecf30007fd8f2a9",24,<50,777,19,21,22,22,23,0,38,0,0,0,9,8,15,13
"283992,ed2a0001fc7b090",8,<50,228,8,8,8,8,13,0,14,0,0,0,1,1,7,7
"283992,ed8c0005121875e",60,50-100,748,41,51,54,54,22,0,49,0,4,1,44,38,12,12
"283992,ee4f00022a535ac",23,<50,488,16,16,16,16,19,0,35,0,17,11,6,5,0,0
"283992,f1200078e45a9e",25,<50,916,18,19,19,20,18,0,34,0,0,0,11,8,14,11
"283992,fb8d00071e8b252",7,<50,451,7,7,7,7,5,0,12,0,0,0,4,4,3,3
"283992,fc0f0005fc721e4",20,<50,866,13,14,15,16,17,0,24,0,0,0,9,4,11,10
"283992,fc950003240aa45",122,100-150,984,50,77,87,93,36,0,78,0,22,8,87,59,13,10
"283992,fe810004e1e5d80",12,<50,535,6,7,7,7,10,0,20,0,0,0,0,0,12,7
"283992,ff18000282b7c80",15,<50,487,12,12,12,12,22,0,37,0,5,3,10,9,0,0
"284193,10008fd979e9",20,<50,622,15,17,17,17,20,0,31,0,3,1,14,14,3,2
"284193,10356000bd40d53a",8,<50,588,6,7,7,7,7,0,16,0,0,0,2,2,6,5
"284193,103950006dc2eba6",10,<50,834,9,9,9,9,25,0,64,0,0,0,2,2,8,7
"284193,103c9000bd991bf2",8,<50,290,8,8,8,8,7,0,12,0,0,0,0,0,8,8
"284193,103d9000fa7c9b70",46,<50,874,27,33,38,38,22,0,45,0,7,6,34,23,5,4
"284193,1040f00016f17559",10,<50,315,10,10,10,10,14,0,16,0,0,0,0,0,10,10
"284193,1049f000e6fc97e5",13,<50,379,9,11,11,11,12,0,18,0,2,2,0,0,11,9
"284193,105ac000c159f9b7",10,<50,114,8,8,8,8,8,0,18,0,6,5,4,3,0,0
"284193,1074b00073de42ac",15,<50,357,14,15,15,15,19,0,31,0,0,0,0,0,15,15
"284193,108ad000d205ed9e",5,<50,269,4,4,4,4,7,0,10,0,0,0,0,0,5,4
"284193,1095e000720e4778",6,<50,150,5,5,5,5,3,0,4,0,0,0,4,3,2,2
"284193,109f7000bf0e46d5",16,<50,459,11,13,13,13,20,0,33,0,3,3,5,2,8,8
"284193,1106000cfab0d6e",5,<50,189,5,5,5,5,4,0,6,0,5,5,0,0,0,0
"284193,11b60009f578379",34,<50,783,19,22,26,27,22,0,34,0,1,1,19,11,14,10
"284193,11f8c0009bd23f6a",4,<50,56,0,0,0,0,4,0,4,0,0,0,0,0,4,0
"284193,120d000f679a83d",82,50-100,863,31,45,56,59,18,0,28,0,42,12,33,26,7,7
"284193,120dd00062e06d65",60,50-100,474,38,41,46,46,23,0,44,0,1,1,24,12,35,28
"284193,121ff000d6cc79c9",12,<50,321,7,8,8,8,13,0,19,0,0,0,0,0,12,8
"284193,123420009291b60f",17,<50,583,16,17,17,17,16,0,23,0,0,0,12,12,5,5
"284193,124ad0004506ad0d",36,<50,634,19,26,27,27,18,0,38,0,5,2,14,10,17,14
"284193,126ae000d6897875",9,<50,302,7,8,8,8,10,0,12,0,0,0,0,0,9,8
"284193,12b8f0000a290a53",27,<50,630,20,21,21,21,18,0,29,0,0,0,14,11,13,10
"284193,133b90006cfaf8d8",4,<50,104,2,2,2,2,3,0,8,0,0,0,0,0,4,2
"284193,1358e00092309926",65,50-100,402,23,31,31,31,12,0,24,0,1,1,46,24,18,6
"284193,13a4000fda05bc8",310,>300,891,58,108,136,164,42,0,80,0,2,0,136,6,172,102
"284193,140a4000e5ac258a",36,<50,650,21,27,28,28,24,0,51,0,0,0,36,27,0,0
"284193,141fe000da62a1c2",43,<50,882,27,33,36,37,33,0,62,0,0,0,18,11,25,22
"284193,1424000040748354",21,<50,452,20,21,21,21,21,0,25,0,9,9,12,12,0,0
"284193,142a0000739f4673",5,<50,382,3,4,4,4,13,0,21,0,0,0,0,0,5,4
"284193,142ca000a78ef131",6,<50,272,6,6,6,6,14,0,26,0,0,0,1,1,5,5
"284193,14ad10007ca9d99e",3,<50,82,2,2,2,2,5,0,8,0,0,0,0,0,3,2
"284193,14c46000744f1d01",33,<50,536,26,28,29,29,20,0,26,0,1,1,27,23,5,4
"284193,14eed000871c73e7",12,<50,412,11,11,11,11,11,0,17,0,0,0,0,0,12,11
"284193,14f0500088cb6b19",11,<50,205,9,10,10,10,10,0,15,0,0,0,7,6,4,4
"284193,15022000ce556a3f",4,<50,66,4,4,4,4,4,0,6,0,0,0,0,0,4,4
"284193,1504d00075dc3f94",30,<50,398,23,26,26,26,32,0,41,0,0,0,0,0,30,26
"284193,15486000c948fb4b",7,<50,58,0,0,0,0,1,0,2,0,0,0,0,0,7,0
"284193,154d7000bdd2aa64",99,50-100,854,40,52,65,76,31,0,55,0,0,0,39,8,60,44
"284193,160003c952ea4",14,<50,235,7,8,8,8,12,0,13,0,0,0,3,3,11,5
"284193,1615a000811bdeb0",23,<50,520,18,19,20,20,19,0,29,0,6,5,17,14,0,0
"284193,1660b0006ae7d88f",13,<50,497,10,13,13,13,15,0,25,0,0,0,0,0,13,13
"284193,166dd000effe1d70",13,<50,400,10,11,11,11,9,0,13,0,0,0,9,7,4,4
"284193,166e900000b8d43b",10,<50,312,8,9,9,9,10,0,16,0,0,0,4,3,6,6
"284193,1689a000771c28ab",15,<50,638,9,11,11,11,15,0,29,0,0,0,9,5,6,6
"284193,1699b00072bce250",14,<50,430,14,14,14,14,12,0,22,0,0,0,0,0,14,14
"284193,16bb20005e0fa4b0",15,<50,484,8,8,8,8,19,0,34,0,0,0,3,3,12,5
"284193,17154000209d2fcb",17,<50,494,11,12,13,13,19,0,37,0,2,2,6,3,9,7
"284193,171c3000ca3a5a27",30,<50,764,26,28,28,28,27,0,55,0,0,0,16,15,14,13
"284193,1764c0005a313561",8,<50,261,6,6,6,6,7,0,10,0,0,0,2,2,6,4
"284193,177d8000a713498a",13,<50,568,8,8,8,8,15,0,25,0,0,0,0,0,13,8
"284193,178b9000dafb4aac",35,<50,696,25,28,29,29,32,0,54,0,4,3,20,14,11,11
"284193,17cb00070862582",14,<50,457,14,14,14,14,19,0,27,0,4,4,10,10,0,0
"284193,17dd000ccf405b2",15,<50,469,15,15,15,15,19,0,30,0,7,7,3,3,5,5
"284193,17de90008de0defd",21,<50,944,15,18,18,18,15,0,29,0,1,0,16,14,4,4
"284193,17df9000ec7ef20f",23,<50,335,22,23,23,23,25,0,37,0,0,0,7,7,16,16
"284193,1830c0006a27f3d3",35,<50,441,20,28,29,29,16,0,28,0,0,0,10,8,25,20
"284193,183b9000730e0fef",9,<50,484,8,8,8,8,15,0,22,0,2,1,4,4,3,3
"284193,18919000c87f892a",11,<50,122,11,11,11,11,12,0,14,0,0,0,1,1,10,10
"284193,18fa40003090d814",62,50-100,668,26,37,41,41,24,0,43,0,17,6,28,17,17,14
"284193,190cd00080856bfe",13,<50,328,6,6,6,6,16,0,24,0,0,0,1,1,12,5
"284193,198140004f1d1e46",11,<50,612,10,11,11,11,12,0,23,0,0,0,3,3,8,8
"284193,19a8100060e5287f",8,<50,224,5,5,5,5,9,0,12,0,0,0,2,1,6,4
"284193,19b2f0009f24abeb",40,<50,385,21,28,30,30,16,0,35,0,36,24,4,4,0,0
"284193,19b8a000a3f3855c",15,<50,376,12,12,12,12,16,0,28,0,0,0,0,0,15,12
"284193,19c86000c3e5f051",8,<50,129,8,8,8,8,9,0,9,0,0,0,0,0,8,8
"284193,1a37f000460e9172",15,<50,297,9,11,11,11,10,0,15,0,0,0,6,3,9,8
"284193,1abf300056ba1ce8",6,<50,121,6,6,6,6,6,0,6,0,0,0,1,1,5,5
"284193,1aff00002bbc620f",35,<50,827,22,27,28,29,21,0,40,0,0,0,15,12,20,15
"284193,1b04e000e5fa33e6",15,<50,601,13,15,15,15,21,0,36,0,1,1,3,3,11,11
"284193,1b0da000e1777626",5,<50,120,5,5,5,5,5,0,6,0,0,0,0,0,5,5
"284193,1b34e00050cf036a",27,<50,478,25,26,26,26,25,0,48,0,15,14,12,12,0,0
"284193,1b35a000e8fc05c6",5,<50,188,5,5,5,5,7,0,9,0,0,0,0,0,5,5
"284193,1b8a000d249fdbd",12,<50,552,10,10,10,10,11,0,26,0,0,0,1,1,11,9
"284193,1b8f9000a5e1b96c",66,50-100,737,35,42,45,49,21,0,29,0,3,0,49,30,14,12
"284193,1b90a000d4a5ba6e",79,50-100,752,41,46,48,49,18,0,46,0,0,0,74,46,5,0
"284193,1b9db000fb266836",43,<50,651,29,32,34,35,21,0,30,0,6,2,24,18,13,12
"284193,1ba9400069e21040",24,<50,808,21,21,21,21,26,0,47,0,0,0,19,17,5,4
"284193,1bae900025f2d372",41,<50,610,35,35,36,36,20,0,33,0,20,18,21,17,0,0
"284193,1bc1600091115174",11,<50,385,10,11,11,11,18,0,21,0,0,0,0,0,11,11
"284193,1bca10002d3a57a2",5,<50,223,5,5,5,5,7,0,8,0,0,0,5,5,0,0
"284193,1bcd9000c6a73eab",17,<50,566,15,16,16,16,25,0,44,0,2,2,14,13,1,1
"284193,1be5f000030d10f2",9,<50,526,4,4,4,4,7,0,16,0,0,0,0,0,9,4
"284193,1bf9e00020d93b06",21,<50,447,15,17,19,19,20,0,34,0,16,13,4,4,1,0
"284193,1c08f000c4d55c01",27,<50,784,15,18,20,20,22,0,37,0,0,0,3,3,24,15
"284193,1c0aa0000b68bbb8",20,<50,475,17,19,19,19,25,0,31,0,0,0,0,0,20,19
"284193,1c13300086ef516d",6,<50,136,2,2,2,2,4,0,7,0,0,0,0,0,6,2
"284193,1c256000c4321488",35,<50,611,18,23,26,26,20,0,37,0,0,0,14,9,21,14
"284193,1c34f000954b38e1",22,<50,453,17,20,21,21,19,0,24,0,2,2,8,6,12,12
"284193,1c3790007c8907fe",31,<50,819,23,25,28,28,23,0,43,0,0,0,15,10,16,15
"284193,1c88700092bff1e9",20,<50,437,16,18,18,18,16,0,31,0,7,6,9,8,4,4
"284193,1c974000fbfcbd42",34,<50,657,30,32,33,33,24,0,35,0,7,7,25,23,2,2
"284193,1c990000f46a9b52",21,<50,972,11,12,12,14,22,0,56,0,0,0,7,3,14,9
"284193,1ca00024e30093",14,<50,371,10,12,12,12,13,0,15,0,0,0,2,1,12,11
"284193,1caad000cf71ef6b",27,<50,802,19,21,23,23,18,0,32,0,0,0,11,9,16,12
"284193,1cabc0008a24b3ec",27,<50,779,11,12,17,18,16,0,38,0,0,0,7,5,20,7
"284193,1cb700098d41305",37,<50,913,18,23,27,29,32,0,54,0,0,0,12,4,25,19
"284193,1cf47000ade73f8c",19,<50,366,19,19,19,19,12,0,24,0,11,11,6,6,2,2
"284193,1d0e30009e91b8e8",8,<50,503,8,8,8,8,17,0,23,0,0,0,4,4,4,4
"284193,1d162000f491946b",26,<50,853,17,21,24,25,29,0,54,0,0,0,11,8,15,13
"284193,1d1d500075b7d9b6",24,<50,756,18,21,21,21,21,0,43,0,18,16,6,5,0,0
"284193,1d21d0009549909a",23,<50,622,17,21,22,22,22,0,49,0,0,0,5,5,18,16
"284193,1d28100042c51ec3",9,<50,202,8,8,8,8,9,0,15,0,0,0,8,7,1,1
"284193,1d3be0009efb792c",14,<50,792,14,14,14,14,17,0,30,0,0,0,2,2,12,12
"284193,1d4b40007e7c74ff",34,<50,695,20,25,26,27,27,0,39,0,4,2,7,3,23,20
"284193,1d51a000086b9c08",11,<50,429,6,8,9,9,13,0,20,0,4,4,6,3,1,1
"284193,1d550000b0400d82",9,<50,419,6,7,7,7,10,0,22,0,0,0,5,5,4,2
"284193,1d59600052cdaa4a",11,<50,366,9,10,10,10,9,0,14,0,1,1,8,7,2,2
"284193,1d626000c7bee83f",19,<50,449,18,19,19,19,14,0,21,0,0,0,7,7,12,12
"284193,1d69f000327ba534",12,<50,655,10,11,11,11,12,0,20,0,0,0,7,7,5,4
"284193,1d6e100034990bbe",35,<50,387,35,35,35,35,24,0,43,0,22,22,13,13,0,0
"284193,1d72f0005ff2306f",19,<50,615,18,19,19,19,18,0,24,0,1,1,13,13,5,5
"284193,1d7eb000590d3016",9,<50,516,5,6,6,6,9,0,16,0,0,0,3,2,6,4
"284193,1d82b0001b6e47db",33,<50,926,10,15,17,17,27,0,58,0,0,0,0,0,33,15
"284193,1e2d000d923f631",15,<50,372,11,12,12,12,12,0,18,0,7,5,4,3,4,4
"284193,1e36c000829dbe3d",8,<50,337,7,7,7,7,11,0,23,0,0,0,1,1,7,6
"284193,1e87000d9c0a2e5",8,<50,370,7,8,8,8,19,0,35,0,0,0,7,7,1,1
"284193,1eb0a000f7b34f67",5,<50,320,4,5,5,5,8,0,11,0,0,0,0,0,5,5
"284193,1eb990009d64d362",12,<50,290,7,7,7,7,11,0,22,0,0,0,0,0,12,7
"284193,1ec9e00007beaa86",12,<50,701,11,11,11,11,17,0,29,0,0,0,8,8,4,3
"284193,1ecc1000e4854d3b",6,<50,613,6,6,6,6,22,0,33,0,0,0,2,2,4,4
"284193,1ef000003d6df7c1",15,<50,368,0,1,1,1,15,0,30,0,0,0,0,0,15,1
"284193,1f27a0006848ad7c",6,<50,241,3,3,3,3,5,0,10,0,0,0,0,0,6,3
"284193,1f9f9000a8d7bce4",19,<50,442,18,19,19,19,22,0,31,0,2,2,10,10,7,7
"284193,1fe14000097b884d",5,<50,101,4,4,4,4,5,0,5,0,0,0,0,0,5,4
"284193,1ff38000ed02169d",14,<50,480,13,13,13,13,13,0,24,0,0,0,13,12,1,1
"284193,204b30008108c2c1",45,<50,715,11,18,20,21,17,0,39,0,0,0,0,0,45,18
"284193,20a1e00007a46e37",6,<50,195,0,0,0,0,7,0,8,0,0,0,0,0,6,0
"284193,20a54000c1d27ed7",30,<50,522,19,22,24,24,23,0,39,0,0,0,2,1,28,21
"284193,20be10006bcf3cb1",22,<50,574,12,13,13,13,14,0,35,0,0,0,5,2,17,11
"284193,20d19000c5deab3e",30,<50,295,18,18,18,18,17,0,24,0,7,3,10,5,13,10
"284193,2175b0009542ddb6",15,<50,644,13,13,14,14,20,0,37,0,0,0,15,13,0,0
"284193,217650007c84fea7",14,<50,342,8,11,11,11,15,0,25,0,0,0,0,0,14,11
"284193,219d2000cc1efad9",17,<50,680,17,17,17,17,23,0,39,0,3,3,13,13,1,1
"284193,219e3000c11eb426",11,<50,239,4,4,4,4,13,0,23,0,0,0,0,0,11,4
"284193,21c4d00017405465",32,<50,499,22,24,24,24,16,0,26,0,30,23,2,1,0,0
"284193,222d0000e41ecc5e",14,<50,245,14,14,14,14,14,0,27,0,0,0,0,0,14,14
"284193,22322000fab473d5",3,<50,305,3,3,3,3,3,0,5,0,0,0,0,0,3,3
"284193,227110003e160ec4",13,<50,440,9,10,11,11,15,0,22,0,0,0,8,5,5,5
"284193,2276b000b172729c",31,<50,539,16,20,22,22,16,0,28,0,0,0,12,7,19,13
"284193,22c6e0005356bccf",17,<50,603,12,12,14,14,17,0,41,0,0,0,1,1,16,11
"284193,22c89000a185901a",25,<50,424,15,18,19,19,25,0,32,0,0,0,0,0,25,18
"284193,2333f000aa2eb56c",11,<50,300,10,10,10,10,9,0,14,0,0,0,1,1,10,9
"284193,235760008efd2c25",22,<50,838,17,19,20,20,26,0,46,0,0,0,9,8,13,11
"284193,23639000d882b6bb",18,<50,501,11,11,12,12,14,0,24,0,1,0,9,4,8,7
"284193,2364e0000062d0b4",40,<50,840,34,36,37,37,41,0,55,0,0,0,19,16,21,20
"284193,23920000b82135b2",9,<50,521,5,6,6,6,10,0,17,0,0,0,0,0,9,6
"284193,2398e0008293078c",12,<50,448,12,12,12,12,11,0,15,0,1,1,7,7,4,4
"284193,2399e0002d302de4",34,<50,664,16,18,22,23,20,0,39,0,0,0,18,10,16,8
"284193,23c41000f3f8d357",10,<50,179,10,10,10,10,9,0,13,0,0,0,8,8,2,2
"284193,23cca000d13e30b6",14,<50,644,13,13,13,13,25,0,45,0,0,0,0,0,14,13
"284193,23cf00001bf653a1",81,50-100,593,47,69,70,70,27,0,49,0,0,0,53,42,28,27
"284193,249f600050d0b648",116,100-150,845,42,63,78,87,46,0,81,0,0,0,47,13,69,50
"284193,24d0001c26a6b2",7,<50,978,6,7,7,7,16,0,34,0,0,0,1,1,6,6
"284193,25000bf8e44b8",25,<50,526,22,23,23,23,20,0,32,0,4,4,17,15,4,4
"284193,256940003b4a2df7",22,<50,360,17,18,19,19,12,0,26,0,0,0,17,14,5,4
"284193,258080005fcda86b",13,<50,546,13,13,13,13,12,0,29,0,0,0,0,0,13,13
"284193,2590f0002d31d17d",28,<50,719,18,19,21,21,15,0,31,0,3,1,16,13,9,5
"284193,25b2b000a82a8d1b",9,<50,341,6,7,7,7,4,0,5,0,0,0,2,2,7,5
"284193,25c3600019ba03f4",64,50-100,747,37,43,47,48,46,0,63,0,0,0,1,0,63,43
"284193,25d00000e49565ca",6,<50,280,3,4,4,4,6,0,12,0,0,0,0,0,6,4
"284193,25d36000b7d2fa71",27,<50,696,25,25,25,25,20,0,36,0,14,12,13,13,0,0
"284193,260200006c50ff1b",4,<50,75,0,0,0,0,4,0,5,0,0,0,0,0,4,0
"284193,26064000e80f2aa7",5,<50,117,4,4,4,4,8,0,10,0,0,0,0,0,5,4
"284193,2626a00060f5fd8f",4,<50,225,3,3,3,3,5,0,11,0,0,0,0,0,4,3
"284193,26a830004ad11546",32,<50,777,27,27,29,29,28,0,40,0,0,0,26,21,6,6
"284193,26aee0000bde3a13",5,<50,130,3,3,3,3,4,0,8,0,0,0,0,0,5,3
"284193,26ba400005bd634b",21,<50,421,12,16,16,16,23,0,33,0,0,0,12,9,9,7
"284193,26c7f0005eae6bf5",33,<50,691,28,29,29,29,27,0,40,0,12,11,14,12,7,6
"284193,26e0d0004918d0aa",27,<50,425,13,14,14,14,16,0,21,0,0,0,4,1,23,13
"284193,26e2d000ae6ac765",16,<50,541,11,14,16,16,20,0,35,0,0,0,0,0,16,14
"284193,26e9a000f413425d",43,<50,545,30,35,35,35,14,0,35,0,11,7,32,28,0,0
"284193,26eb6000b737667b",17,<50,551,15,16,16,16,15,0,22,0,0,0,9,8,8,8
"284193,26ed60008109d7fe",8,<50,392,6,6,6,6,8,0,12,0,0,0,0,0,8,6
"284193,26f5400049e2ff8f",29,<50,376,15,18,19,19,19,0,27,0,2,0,13,7,14,11
"284193,26f8c00082dfb74a",7,<50,533,7,7,7,7,8,0,19,0,0,0,0,0,7,7
"284193,27058000daa2fa24",20,<50,465,17,18,18,18,16,0,27,0,5,5,15,13,0,0
"284193,270800003308f2fb",31,<50,456,29,29,30,30,22,0,31,0,5,5,23,21,3,3
"284193,270ed00010bc395b",38,<50,365,29,34,34,34,21,0,27,0,0,0,0,0,38,34
"284193,2723000ded67515",10,<50,898,6,6,7,7,27,0,45,0,0,0,0,0,10,6
"284193,27518000c74de593",7,<50,184,5,5,5,5,7,0,9,0,3,2,0,0,4,3
"284193,278b0000d6b33029",11,<50,394,8,8,9,9,11,0,21,0,0,0,0,0,11,8
"284193,27975000a1e34d5c",31,<50,865,19,20,24,24,31,0,52,0,0,0,27,16,4,4
"284193,2798c000c480a682",56,50-100,635,16,26,29,29,30,0,53,0,0,0,2,2,54,24
"284193,27d100009b1062be",17,<50,569,16,17,17,17,13,0,17,0,0,0,11,11,6,6
"284193,27d18000305e86b9",11,<50,323,2,2,2,2,15,0,30,0,0,0,0,0,11,2
"284193,27d730005b037120",7,<50,189,6,7,7,7,7,0,14,0,0,0,1,1,6,6
"284193,27de00007e01a38e",14,<50,410,8,12,13,13,22,0,29,0,0,0,0,0,14,12
"284193,27fdb000d1ca2ed8",92,50-100,947,61,74,80,82,52,0,88,0,0,0,0,0,92,74
"284193,28061000e40c4e4c",18,<50,508,16,18,18,18,18,0,27,0,1,1,7,7,10,10
"284193,280a2000ce6e9316",21,<50,551,20,20,20,20,19,0,27,0,4,4,16,15,1,1
"284193,289b00004d07c615",6,<50,223,6,6,6,6,9,0,11,0,0,0,0,0,6,6
"284193,28c76000ed977cb5",5,<50,165,4,4,4,4,8,0,12,0,0,0,0,0,5,4
"284193,28d6f0008613446d",32,<50,496,20,24,24,24,28,0,39,0,0,0,0,0,32,24
"284193,28e240002d37cffb",12,<50,383,9,9,9,9,14,0,21,0,0,0,7,6,5,3
"284193,28e770003bd63823",16,<50,555,14,14,15,15,12,0,30,0,0,0,6,4,10,10
"284193,28f77000eb128a71",13,<50,366,9,9,10,10,12,0,20,0,0,0,0,0,13,9
"284193,28fe40000eace9e7",14,<50,455,11,13,13,13,16,0,23,0,0,0,8,8,6,5
"284193,29047000aedddc9d",10,<50,342,10,10,10,10,10,0,13,0,0,0,0,0,10,10
"284193,29700076c00e69",25,<50,559,16,21,22,22,16,0,30,0,4,3,21,18,0,0
"284193,2a0b9000bdba9470",49,<50,808,34,42,45,45,18,0,34,0,0,0,36,32,13,10
"284193,2a36a00093ccc75c",51,50-100,698,21,30,37,38,27,0,53,0,0,0,4,1,47,29
"284193,2a5fb00083db4530",26,<50,359,23,24,25,25,19,0,30,0,13,11,11,11,2,2
"284193,2a8690001a66eb2d",7,<50,218,4,4,4,4,7,0,8,0,0,0,0,0,7,4
"284193,2a87c0003ed2d73b",39,<50,765,33,36,38,38,31,0,47,0,9,7,29,28,1,1
"284193,2bd2e0002c12a790",104,100-150,565,62,78,81,81,27,0,66,0,0,0,0,0,104,78
"284193,2bfc600090f79504",17,<50,765,11,12,12,12,24,0,38,0,0,0,1,1,16,11
"284193,2c0b90006f09d620",18,<50,504,16,16,16,16,32,0,38,0,0,0,0,0,18,16
"284193,2d844000e7dd280d",5,<50,165,5,5,5,5,6,0,11,0,0,0,0,0,5,5
"284193,2db54000b91235bc",8,<50,139,6,8,8,8,6,0,9,0,0,0,5,5,3,3
"284193,2db810008657b784",24,<50,813,16,18,20,20,23,0,32,0,0,0,0,0,24,18
"284193,2deba000bd556cbc",18,<50,457,14,16,16,16,11,0,17,0,11,10,6,5,1,1
"284193,2df600001abe24e4",24,<50,409,11,11,12,12,12,0,19,0,0,0,12,3,12,8
"284193,2e2aa000f1e92208",13,<50,402,12,13,13,13,13,0,24,0,0,0,4,4,9,9
"284193,2e8710009e277b42",8,<50,239,7,8,8,8,10,0,12,0,0,0,0,0,8,8
"284193,2e9ef000e9dd0024",16,<50,312,9,10,10,10,14,0,18,0,0,0,0,0,16,10
"284193,2ea600024e1ebac",6,<50,170,6,6,6,6,7,0,7,0,0,0,4,4,2,2
"284193,2ec460007040af5c",16,<50,421,9,12,13,13,14,0,26,0,0,0,0,0,16,12
"284193,2ec58000dbf86d9d",14,<50,438,9,11,11,11,9,0,16,0,0,0,5,3,9,8
"284193,2ed310005c243d72",14,<50,228,10,12,12,12,10,0,17,0,0,0,12,10,2,2
"284193,2ee1a00048428d26",14,<50,618,11,13,13,13,19,0,25,0,0,0,4,4,10,9
"284193,2efe5000af84bc71",106,100-150,751,62,76,81,84,25,0,63,0,0,0,3,1,103,75
"284193,2f104000d82becde",23,<50,659,16,19,19,19,22,0,43,0,0,0,3,3,20,16
"284193,2f2f0000cc803112",67,50-100,883,19,31,34,35,17,0,36,0,22,3,32,17,13,11
"284193,2f301000c50546b7",14,<50,523,12,12,12,12,22,0,35,0,0,0,4,2,10,10
"284193,2f384000c61edcf3",19,<50,443,9,9,9,9,14,0,22,0,0,0,6,2,13,7
"284193,2f402000054c6598",10,<50,420,8,8,8,8,13,0,17,0,0,0,0,0,10,8
"284193,2f499000c722e5f9",9,<50,330,6,7,7,7,8,0,11,0,0,0,0,0,9,7
"284193,2fa5900084cd37c8",6,<50,178,6,6,6,6,11,0,13,0,0,0,0,0,6,6
"284193,2ffc7000d1e50bda",7,<50,226,0,1,1,1,7,0,10,0,0,0,0,0,7,1
"284193,301fc000db7f7306",17,<50,314,13,16,16,16,20,0,34,0,0,0,0,0,17,16
"284193,33640003781bc86",8,<50,311,8,8,8,8,8,0,11,0,0,0,7,7,1,1
"284193,3bdb0008945baa7",7,<50,336,5,5,5,5,0,0,0,0,0,0,0,0,7,5
"284193,3c100073c78e31",20,<50,662,11,15,17,17,31,0,49,0,0,0,10,6,10,9
"284193,3fa80005d770e43",34,<50,572,23,26,28,28,22,0,32,0,5,4,29,22,0,0
"284193,44d800088a2f493",19,<50,444,15,17,17,17,20,0,28,0,3,3,12,10,4,4
"284193,474100080782bd0",2,<50,233,2,2,2,2,4,0,7,0,0,0,2,2,0,0
"284193,47770005a73ef7c",33,<50,791,27,28,30,30,22,0,42,0,0,0,4,2,29,26
"284193,5481000108ceae3",76,50-100,745,37,51,58,59,22,0,40,0,25,14,43,30,8,7
"284193,551a000004f88f2",18,<50,271,16,16,16,16,18,0,26,0,0,0,15,13,3,3
"284193,5574000f0c578db",29,<50,572,23,24,25,25,20,0,26,0,4,3,22,18,3,3
"284193,570f000f90d3d2a",22,<50,610,3,10,11,11,47,0,67,0,0,0,0,0,22,10
"284193,57f0000a5dc79e1",3,<50,206,1,1,1,1,4,0,7,0,0,0,0,0,3,1
"284193,5d07000bbb28cb0",16,<50,924,8,9,10,10,40,0,63,0,3,2,6,3,7,4
"284193,5da70006d97dd6b",5,<50,234,0,1,1,1,7,0,17,0,0,0,0,0,5,1
"284193,5e1f000aecff153",6,<50,315,6,6,6,6,8,0,10,0,0,0,2,2,4,4
"284193,5e4e000d19df250",13,<50,641,9,11,12,12,16,0,31,0,0,0,10,9,3,2
"284193,667000cb8cd351",11,<50,475,6,7,8,8,11,0,18,0,0,0,6,5,5,2
"284193,6a90005f1221f0",42,<50,745,17,23,26,27,15,0,38,0,0,0,33,20,9,3
"284193,6be00087ad19c3",21,<50,655,13,14,15,15,21,0,27,0,0,0,3,1,18,13
"284193,6f0300086391002",10,<50,281,9,9,9,9,8,0,18,0,0,0,6,6,4,3
"284193,6fb500048fc3588",4,<50,660,3,4,4,4,10,0,22,0,0,0,2,2,2,2
"284193,6fd7000e6fa02da",8,<50,235,7,7,7,7,13,0,21,0,0,0,0,0,8,7
"284193,71010007b8901d5",14,<50,415,11,12,12,12,17,0,25,0,6,5,8,7,0,0
"284193,721a000c9615071",16,<50,396,16,16,16,16,16,0,18,0,0,0,1,1,15,15
"284193,7a0e00091200881",14,<50,494,8,9,10,10,8,0,19,0,0,0,0,0,14,9
"284193,7a3400088ff7c5c",16,<50,465,14,15,15,15,13,0,24,0,0,0,13,12,3,3
"284193,7a6f00063ddca8d",41,<50,883,32,35,38,38,18,0,34,0,0,0,36,31,5,4
"284193,7acf000cce6af71",14,<50,414,13,13,13,13,15,0,25,0,0,0,0,0,14,13
"284193,7b1600000419a44",37,<50,341,31,34,34,34,26,0,36,0,18,17,19,17,0,0
"284193,7b47000239140c3",10,<50,341,5,5,5,5,9,0,15,0,0,0,0,0,10,5
"284193,7b640008d83153c",16,<50,257,14,15,15,15,20,0,29,0,2,2,6,5,8,8
"284193,7c0300045edb2b0",65,50-100,790,32,37,37,41,29,0,53,0,7,2,28,15,30,20
"284193,7c67000f0c43b8f",24,<50,594,19,20,20,20,20,0,36,0,3,3,12,11,9,6
"284193,805c000f1881e0f",15,<50,460,15,15,15,15,18,0,26,0,0,0,0,0,15,15
"284193,8192000e022822a",51,50-100,640,35,41,45,45,15,0,24,0,16,12,33,27,2,2
"284193,84340005978a38c",26,<50,641,18,21,23,23,24,0,46,0,0,0,18,14,8,7
"284193,8440000fd8fb069",22,<50,824,18,20,21,21,24,0,43,0,0,0,1,1,21,19
"284193,845c0001307ff4d",10,<50,723,7,7,8,8,11,0,29,0,0,0,0,0,10,7
"284193,86b00067acb95c",20,<50,448,15,17,17,17,15,0,31,0,1,0,19,17,0,0
"284193,8a3200002997a37",24,<50,412,10,14,15,15,21,0,33,0,0,0,0,0,24,14
"284193,8aab00019bd414d",16,<50,555,11,13,13,13,18,0,29,0,0,0,8,8,8,5
"284193,8adf00083e8ad37",39,<50,822,27,33,34,35,30,0,51,0,4,4,33,28,2,1
"284193,8af4000631581c9",6,<50,860,5,5,5,5,13,0,46,0,0,0,2,1,4,4
"284193,8b4e0009a3707b6",70,50-100,969,46,55,60,60,37,0,77,0,0,0,38,25,32,30
"284193,8d4f0001e2a28d4",21,<50,433,9,11,11,11,11,0,19,0,0,0,11,8,10,3
"284193,922b0001b4a250a",23,<50,599,10,14,15,15,19,0,31,0,0,0,7,5,16,9
"284193,937f000124d8526",13,<50,487,10,10,10,10,15,0,31,0,0,0,1,0,12,10
"284193,93b30009ef6b514",52,50-100,960,22,24,31,34,35,0,66,0,0,0,5,3,47,21
"284193,96bf0007c12e954",23,<50,634,14,14,14,14,19,0,30,0,0,0,0,0,23,14
"284193,97b90008b347af4",34,<50,761,23,28,29,29,22,0,43,0,0,0,4,3,30,25
"284193,a26a000733ee9e4",14,<50,666,10,11,12,12,22,0,34,0,0,0,4,4,10,7
"284193,a83800045b1a784",16,<50,385,12,14,14,14,10,0,18,0,0,0,1,1,15,13
"284193,a962000be38e72d",21,<50,569,12,14,15,15,22,0,37,0,2,2,4,1,15,11
"284193,ac3b000262aa441",57,50-100,996,29,35,38,39,39,0,55,0,0,0,26,19,31,16
"284193,ade60006f53597f",9,<50,383,2,3,3,3,12,0,17,0,0,0,0,0,9,3
"284193,adfb00006a2a8e8",24,<50,729,18,19,20,20,18,0,30,0,1,0,17,17,6,2
"284193,ae2800020f3c338",44,<50,850,27,32,34,35,18,0,36,0,3,2,29,19,12,11
"284193,ae5a00084fb82d3",28,<50,630,18,22,24,24,20,0,37,0,0,0,3,3,25,19
"284193,af8f000574340d5",76,50-100,575,43,54,58,58,35,0,47,0,38,23,16,12,22,19
"284193,afc3000bed987a9",31,<50,769,27,28,29,29,32,0,46,0,0,0,24,22,7,6
"284193,b027000f2933433",6,<50,288,2,3,3,3,5,0,15,0,0,0,0,0,6,3
"284193,b0a7000e139afad",14,<50,444,10,10,10,10,14,0,22,0,0,0,1,1,13,9
"284193,b0c000015830d0a",14,<50,936,10,10,12,13,17,0,36,0,0,0,5,3,9,7
"284193,b1b00010888b16",26,<50,645,20,21,23,24,19,0,33,0,11,6,13,13,2,2
"284193,b3810007d9c0acd",25,<50,451,15,18,18,18,25,0,32,0,3,3,9,7,13,8
"284193,b54f000a723f144",11,<50,330,9,9,9,9,6,0,6,0,2,0,6,6,3,3
"284193,b71000ee86510c",16,<50,388,15,15,15,15,14,0,17,0,1,1,4,3,11,11
"284193,bc2e00037e88b52",5,<50,371,5,5,5,5,4,0,16,0,0,0,0,0,5,5
"284193,bd7a000b97423fd",31,<50,626,22,25,27,27,27,0,47,0,1,1,28,23,2,1
"284193,be03000a0f00e05",15,<50,616,12,13,13,13,15,0,30,0,0,0,8,7,7,6
"284193,be12000da67782e",20,<50,408,19,19,19,19,19,0,31,0,8,8,5,5,7,6
"284193,bee2000d22a2d6a",16,<50,303,13,16,16,16,18,0,31,0,1,1,7,7,8,8
"284193,c0a00084eb2bf6",17,<50,443,13,15,16,16,22,0,28,0,2,2,14,12,1,1
"284193,c2d3000dfeded97",21,<50,673,15,17,17,17,21,0,35,0,0,0,11,8,10,9
"284193,c5d6000684c6473",20,<50,384,18,19,19,19,20,0,32,0,10,10,9,8,1,1
"284193,c5e300074ca4b38",18,<50,443,16,16,17,17,19,0,27,0,0,0,0,0,18,16
"284193,c8890008c821b56",27,<50,691,18,20,23,23,19,0,30,0,0,0,19,13,8,7
"284193,cfa6000706deed2",14,<50,609,12,13,13,13,17,0,34,0,0,0,9,8,5,5
"284193,d023000e0070ea1",49,<50,835,20,25,30,33,19,0,35,0,0,0,33,13,16,12
"284193,d0e5000ead76618",3,<50,143,3,3,3,3,3,0,4,0,0,0,0,0,3,3
"284193,d14b0005d4a7e4f",8,<50,380,7,7,7,7,12,0,20,0,2,1,0,0,6,6
"284193,d1ee00085c74b18",11,<50,270,5,7,7,7,8,0,16,0,5,2,3,3,3,2
"284193,d2dd0000e99143b",5,<50,695,4,4,4,4,15,0,22,0,0,0,0,0,5,4
"284193,d7ea000685f0c90",46,<50,828,34,39,40,40,25,0,44,0,1,1,35,29,10,9
"284193,d9f80008b33f8cd",5,<50,225,5,5,5,5,8,0,13,0,0,0,0,0,5,5
"284193,da45000c5dc39b2",8,<50,419,7,8,8,8,11,0,16,0,0,0,3,3,5,5
"284193,db130006e6512f4",43,<50,426,31,33,35,35,10,0,24,0,4,2,39,31,0,0
"284193,db3900046bf7431",21,<50,949,13,18,19,21,28,0,68,0,0,0,2,2,19,16
"284193,dbd200068a74de2",32,<50,571,27,29,29,29,17,0,35,0,11,8,21,21,0,0
"284193,dc7400014f5f1de",20,<50,414,19,19,19,19,22,0,29,0,0,0,20,19,0,0
"284193,e000b031369a",4,<50,148,2,2,2,2,4,0,5,0,0,0,0,0,4,2
"284193,e286000428cf7ba",41,<50,860,32,35,36,36,40,0,50,0,4,4,24,23,13,8
"284193,e2ae00097c414bb",7,<50,367,6,6,7,7,15,0,19,0,0,0,1,1,6,5
"284193,e2fa000d3e633a8",4,<50,105,4,4,4,4,7,0,10,0,0,0,0,0,4,4
"284193,e9f000078174b24",17,<50,957,12,14,16,16,17,0,38,0,0,0,11,8,6,6
"284193,eaa9000553c72d2",10,<50,321,8,9,9,9,11,0,18,0,0,0,1,0,9,9
"284193,eb71000b6c471f1",28,<50,810,19,24,25,26,29,0,52,0,0,0,11,8,17,16
"284193,eb99000edd998dc",7,<50,636,5,5,5,5,12,0,22,0,0,0,2,2,5,3
"284193,ed9c00014fabb22",30,<50,936,22,25,26,27,25,0,61,0,0,0,11,9,19,16
"284193,ee93000e8a91000",14,<50,435,13,14,14,14,18,0,27,0,0,0,9,9,5,5
"284193,ef3b0001d7660e2",5,<50,297,4,5,5,5,6,0,11,0,0,0,4,4,1,1
"284193,f17b00032e18420",20,<50,611,15,17,17,17,16,0,31,0,0,0,11,9,9,8
"284193,f2830007b46f018",19,<50,313,17,17,17,17,17,0,22,0,0,0,11,9,8,8
"284193,f3010000e9ac199",14,<50,367,13,14,14,14,15,0,20,0,0,0,0,0,14,14
"284193,f8b500033b09e25",23,<50,916,13,14,17,21,29,0,51,0,0,0,13,7,10,7
"284193,f96e0004a7053c8",9,<50,154,8,8,8,8,13,0,18,0,0,0,9,8,0,0
"284193,fa9a00086aa606f",7,<50,220,6,6,6,6,8,0,10,0,0,0,0,0,7,6
"284193,fe2e00004ff1627",26,<50,674,23,23,24,24,14,0,26,0,0,0,19,17,7,6
"284193,ff25000b6a403e9",17,<50,494,15,15,16,16,18,0,26,0,0,0,0,0,17,15
