image,n_gt,bucket,cache_depth,matched@100,matched@300,matched@600,matched@1000,tail_tp,tail_tp_dupsus,ndet@conf0.25,sat@conf0.25,ndet@conf0.1,sat@conf0.1,n_gt_small,matched300_small,n_gt_medium,matched300_medium,n_gt_large,matched300_large
P0003__1024__0___0,50,50-100,170,47,50,50,50,0,0,51,0,59,0,11,11,39,39,0,0
P0003__1024__123___0,46,<50,164,45,45,45,45,0,0,51,0,54,0,2,2,44,43,0,0
P0004__1024__0___0,85,50-100,328,4,10,11,11,1,0,89,0,105,0,12,1,73,9,0,0
P0004__1024__0___440,64,50-100,217,2,6,6,6,0,0,68,0,84,0,9,1,55,5,0,0
P0007__1024__0___0,28,<50,226,28,28,28,28,0,0,40,0,52,0,5,5,23,23,0,0
P0007__1024__0___1113,46,<50,376,46,46,46,46,0,0,75,0,97,0,0,0,45,45,1,1
P0007__1024__0___824,48,<50,410,47,48,48,48,0,0,80,0,108,0,0,0,47,47,1,1
P0007__1024__466___0,49,<50,308,49,49,49,49,0,0,56,0,72,0,4,4,30,30,15,15
P0007__1024__466___1113,60,50-100,344,58,59,60,60,1,0,76,0,96,0,11,10,45,45,4,4
P0007__1024__466___824,70,50-100,366,68,69,70,70,1,0,82,0,97,0,13,12,46,46,11,11
P0019__1024__0___0,6,<50,45,6,6,6,6,0,0,6,0,6,0,0,0,4,4,2,2
P0019__1024__0___1648,7,<50,49,6,6,6,6,0,0,6,0,9,0,0,0,6,5,1,1
P0019__1024__0___2472,6,<50,24,6,6,6,6,0,0,4,0,4,0,0,0,6,6,0,0
P0019__1024__0___2703,4,<50,12,3,3,3,3,0,0,2,0,2,0,0,0,4,3,0,0
P0019__1024__0___824,5,<50,129,5,5,5,5,0,0,7,0,13,0,0,0,3,3,2,2
P0019__1024__1648___0,6,<50,56,6,6,6,6,0,0,3,0,5,0,0,0,6,6,0,0
P0019__1024__1648___2472,4,<50,81,3,3,3,3,0,0,6,0,8,0,0,0,4,3,0,0
P0019__1024__1648___2703,3,<50,109,2,2,2,2,0,0,3,0,8,0,0,0,3,2,0,0
P0019__1024__2472___0,4,<50,41,4,4,4,4,0,0,4,0,5,0,0,0,4,4,0,0
P0019__1024__2472___2472,4,<50,133,3,3,3,3,0,0,3,0,4,0,1,0,3,3,0,0
P0019__1024__2472___2703,4,<50,106,3,3,3,3,0,0,3,0,5,0,1,0,3,3,0,0
P0019__1024__3296___0,9,<50,54,8,8,8,8,0,0,7,0,9,0,1,1,8,7,0,0
P0019__1024__3296___2472,5,<50,126,4,4,4,4,0,0,2,0,3,0,1,0,4,4,0,0
P0019__1024__3296___2703,5,<50,94,4,4,4,4,0,0,1,0,1,0,1,0,4,4,0,0
P0019__1024__3296___824,1,<50,24,1,1,1,1,0,0,1,0,3,0,0,0,1,1,0,0
P0019__1024__4120___0,7,<50,28,7,7,7,7,0,0,3,0,6,0,1,1,6,6,0,0
P0019__1024__4120___2472,4,<50,86,3,3,3,3,0,0,1,0,4,0,0,0,4,3,0,0
P0019__1024__4120___2703,4,<50,70,3,3,3,3,0,0,2,0,5,0,0,0,4,3,0,0
P0019__1024__4944___0,3,<50,45,3,3,3,3,0,0,4,0,5,0,0,0,3,3,0,0
P0019__1024__4944___2472,2,<50,117,2,2,2,2,0,0,3,0,6,0,0,0,2,2,0,0
P0019__1024__4944___2703,5,<50,98,5,5,5,5,0,0,3,0,6,0,0,0,5,5,0,0
P0019__1024__5549___1648,6,<50,103,6,6,6,6,0,0,5,0,10,0,0,0,6,6,0,0
P0019__1024__5549___2472,5,<50,112,5,5,5,5,0,0,5,0,8,0,0,0,4,4,1,1
P0019__1024__5549___2703,6,<50,60,5,5,5,5,0,0,5,0,8,0,0,0,5,4,1,1
P0019__1024__5549___824,1,<50,16,1,1,1,1,0,0,0,0,2,0,0,0,1,1,0,0
P0019__1024__824___0,8,<50,42,8,8,8,8,0,0,2,0,4,0,0,0,8,8,0,0
P0019__1024__824___1648,2,<50,93,2,2,2,2,0,0,2,0,4,0,0,0,2,2,0,0
P0019__1024__824___2472,7,<50,55,7,7,7,7,0,0,5,0,8,0,0,0,7,7,0,0
P0019__1024__824___2703,5,<50,33,5,5,5,5,0,0,6,0,7,0,0,0,5,5,0,0
P0027__1024__0___0,1,<50,2,1,1,1,1,0,0,0,0,0,0,0,0,1,1,0,0
P0027__1024__0___750,8,<50,35,8,8,8,8,0,0,7,0,10,0,0,0,7,7,1,1
P0027__1024__1322___0,7,<50,44,7,7,7,7,0,0,7,0,9,0,0,0,6,6,1,1
P0027__1024__1322___750,15,<50,167,14,15,15,15,0,0,19,0,25,0,0,0,13,13,2,2
P0027__1024__824___0,6,<50,62,6,6,6,6,0,0,5,0,6,0,0,0,6,6,0,0
P0027__1024__824___750,10,<50,168,10,10,10,10,0,0,14,0,17,0,0,0,10,10,0,0
P0047__1024__0___0,2,<50,179,2,2,2,2,0,0,4,0,6,0,0,0,0,0,2,2
P0047__1024__0___1143,3,<50,43,3,3,3,3,0,0,3,0,5,0,0,0,0,0,3,3
P0047__1024__0___824,3,<50,207,3,3,3,3,0,0,3,0,7,0,0,0,0,0,3,3
P0047__1024__102___0,2,<50,185,2,2,2,2,0,0,4,0,6,0,0,0,0,0,2,2
P0047__1024__102___1143,3,<50,41,3,3,3,3,0,0,3,0,5,0,0,0,0,0,3,3
P0047__1024__102___824,3,<50,114,3,3,3,3,0,0,3,0,5,0,0,0,0,0,3,3
P0053__1024__0___0,46,<50,347,45,45,45,45,0,0,59,0,70,0,8,7,32,32,6,6
P0053__1024__0___397,46,<50,344,46,46,46,46,0,0,58,0,70,0,5,5,26,26,15,15
P0053__1024__385___0,56,50-100,496,54,55,55,55,0,0,79,0,109,0,10,9,39,39,7,7
P0053__1024__385___397,43,<50,390,43,43,43,43,0,0,55,0,69,0,5,5,23,23,15,15
P0056__1024__0___0,27,<50,102,0,0,0,0,0,0,26,0,31,0,6,0,21,0,0,0
P0060__1024__0___0,34,<50,128,15,15,15,15,0,0,18,0,21,0,20,2,14,13,0,0
P0060__1024__0___1229,45,<50,78,20,20,20,20,0,0,21,0,28,0,26,2,19,18,0,0
P0060__1024__0___824,59,50-100,125,22,24,24,24,0,0,28,0,31,0,36,3,23,21,0,0
P0060__1024__1648___0,36,<50,118,14,15,15,15,0,0,15,0,25,0,24,3,12,12,0,0
P0060__1024__1648___1229,42,<50,109,28,29,29,29,0,0,33,0,40,0,15,2,27,27,0,0
P0060__1024__1648___824,43,<50,173,24,24,24,24,0,0,27,0,31,0,18,0,25,24,0,0
P0060__1024__2472___0,36,<50,62,13,13,13,13,0,0,18,0,22,0,25,2,11,11,0,0
P0060__1024__2472___1229,19,<50,115,11,11,11,11,0,0,28,0,33,0,8,0,11,11,0,0
P0060__1024__2472___824,32,<50,123,14,15,15,15,0,0,25,0,29,0,18,1,14,14,0,0
P0060__1024__2475___0,36,<50,67,14,14,14,14,0,0,18,0,21,0,25,3,11,11,0,0
P0060__1024__2475___1229,19,<50,106,11,11,11,11,0,0,27,0,31,0,8,0,11,11,0,0
P0060__1024__2475___824,32,<50,122,15,16,16,16,0,0,25,0,29,0,18,2,14,14,0,0
P0060__1024__824___0,24,<50,131,11,12,12,12,0,0,16,0,19,0,14,2,10,10,0,0
P0060__1024__824___1229,31,<50,98,18,18,18,18,0,0,20,0,24,0,15,2,16,16,0,0
P0060__1024__824___824,44,<50,141,21,21,21,21,0,0,28,0,31,0,22,0,22,21,0,0
P0075__1024__0___0,2,<50,14,0,0,0,0,0,0,2,0,3,0,0,0,1,0,1,0
P0079__1024__0___0,2,<50,15,0,0,0,0,0,0,4,0,4,0,0,0,1,0,1,0
P0081__1024__0___0,1,<50,9,0,0,0,0,0,0,1,0,1,0,0,0,0,0,1,0
P0086__1024__0___0,84,50-100,231,84,84,84,84,0,0,93,0,97,0,70,70,13,13,1,1
P0086__1024__0___459,66,50-100,188,66,66,66,66,0,0,77,0,82,0,51,51,13,13,2,2
P0086__1024__133___0,87,50-100,203,87,87,87,87,0,0,95,0,101,0,69,69,17,17,1,1
P0086__1024__133___459,68,50-100,167,68,68,68,68,0,0,77,0,84,0,50,50,17,17,1,1
P0104__1024__0___0,24,<50,90,2,2,2,2,0,0,30,0,32,0,19,0,3,0,2,2
P0104__1024__0___163,29,<50,128,1,1,1,1,0,0,33,0,38,0,25,0,3,0,1,1
P0110__1024__1540___0,3,<50,22,3,3,3,3,0,0,1,0,2,0,0,0,1,1,2,2
P0110__1024__1540___1046,5,<50,65,2,2,2,2,0,0,2,0,2,0,2,0,0,0,3,2
P0110__1024__1540___824,5,<50,54,2,2,2,2,0,0,0,0,1,0,2,0,0,0,3,2
P0110__1024__824___0,1,<50,16,1,1,1,1,0,0,1,0,1,0,0,0,1,1,0,0
P0110__1024__824___1046,3,<50,31,2,2,2,2,0,0,0,0,0,0,0,0,0,0,3,2
P0110__1024__824___824,3,<50,22,2,2,2,2,0,0,0,0,0,0,0,0,0,0,3,2
P0117__1024__0___0,8,<50,18,5,5,5,5,0,0,0,0,1,0,6,3,1,1,1,1
P0117__1024__0___138,11,<50,30,5,5,5,5,0,0,0,0,0,0,9,3,1,1,1,1
P0117__1024__345___0,11,<50,40,4,4,4,4,0,0,1,0,1,0,9,2,1,1,1,1
P0117__1024__345___138,15,<50,30,6,6,6,6,0,0,0,0,0,0,13,4,1,1,1,1
P0123__1024__0___0,105,100-150,324,3,4,4,4,0,0,56,0,96,0,94,2,0,0,11,2
P0123__1024__0___11,104,100-150,369,3,4,5,5,1,0,66,0,112,0,93,2,0,0,11,2
P0128__1024__0___0,46,<50,374,37,41,41,41,0,0,47,0,64,0,17,14,20,19,9,8
P0128__1024__0___824,29,<50,188,21,26,26,26,0,0,5,0,17,0,2,2,13,11,14,13
P0128__1024__0___994,16,<50,164,16,16,16,16,0,0,6,0,13,0,2,2,4,4,10,10
P0128__1024__633___0,4,<50,365,0,0,0,0,0,0,49,0,81,0,0,0,4,0,0,0
P0128__1024__633___824,66,50-100,443,51,61,63,63,2,0,54,0,70,0,24,24,28,27,14,10
P0128__1024__633___994,61,50-100,420,51,56,56,56,0,0,62,0,85,0,24,22,24,24,13,10
P0130__1024__0___0,71,50-100,264,0,0,0,0,0,0,7,0,15,0,62,0,8,0,1,0
P0131__1024__0___0,17,<50,297,16,16,16,16,0,0,20,0,27,0,4,4,9,8,4,4
P0131__1024__0___256,25,<50,168,24,24,24,24,0,0,27,0,29,0,7,7,14,13,4,4
P0131__1024__512___0,14,<50,147,14,14,14,14,0,0,16,0,18,0,2,2,10,10,2,2
P0131__1024__512___256,19,<50,117,19,19,19,19,0,0,24,0,25,0,3,3,14,14,2,2
P0143__1024__0___0,3,<50,11,0,0,0,0,0,0,1,0,1,0,1,0,0,0,2,0
P0146__1024__0___0,7,<50,123,6,6,6,6,0,0,7,0,7,0,0,0,3,3,4,3
P0146__1024__0___824,1,<50,19,1,1,1,1,0,0,1,0,1,0,0,0,0,0,1,1
P0146__1024__0___860,1,<50,17,1,1,1,1,0,0,0,0,1,0,0,0,0,0,1,1
P0146__1024__1648___0,4,<50,44,4,4,4,4,0,0,3,0,8,0,0,0,0,0,4,4
P0146__1024__1648___824,2,<50,51,2,2,2,2,0,0,0,0,1,0,0,0,0,0,2,2
P0146__1024__1648___860,2,<50,41,2,2,2,2,0,0,0,0,1,0,0,0,0,0,2,2
P0146__1024__1667___0,4,<50,47,4,4,4,4,0,0,4,0,5,0,0,0,0,0,4,4
P0146__1024__1667___824,2,<50,49,2,2,2,2,0,0,1,0,2,0,0,0,0,0,2,2
P0146__1024__1667___860,2,<50,46,2,2,2,2,0,0,1,0,1,0,0,0,0,0,2,2
P0146__1024__824___0,2,<50,49,2,2,2,2,0,0,5,0,6,0,0,0,0,0,2,2
P0146__1024__824___824,2,<50,41,2,2,2,2,0,0,3,0,4,0,0,0,0,0,2,2
P0146__1024__824___860,2,<50,33,2,2,2,2,0,0,2,0,4,0,0,0,0,0,2,2
P0150__1024__0___0,2,<50,13,0,0,0,0,0,0,2,0,2,0,0,0,1,0,1,0
P0161__1024__0___0,1,<50,4,1,1,1,1,0,0,1,0,1,0,0,0,0,0,1,1
P0161__1024__0___824,1,<50,3,1,1,1,1,0,0,1,0,1,0,0,0,0,0,1,1
P0161__1024__1580___0,5,<50,166,5,5,5,5,0,0,6,0,8,0,0,0,1,1,4,4
P0161__1024__1580___1648,1,<50,34,0,0,0,0,0,0,0,0,0,0,0,0,1,0,0,0
P0161__1024__1580___1690,1,<50,25,0,0,0,0,0,0,0,0,1,0,0,0,1,0,0,0
P0161__1024__1580___824,4,<50,99,3,3,3,3,0,0,4,0,6,0,0,0,0,0,4,3
P0161__1024__824___0,4,<50,322,4,4,4,4,0,0,11,0,26,0,0,0,1,1,3,3
P0161__1024__824___1648,3,<50,14,3,3,3,3,0,0,3,0,3,0,0,0,0,0,3,3
P0161__1024__824___1690,3,<50,15,3,3,3,3,0,0,4,0,5,0,0,0,0,0,3,3
P0161__1024__824___824,8,<50,31,8,8,8,8,0,0,9,0,11,0,0,0,5,5,3,3
P0168__1024__0___0,10,<50,90,10,10,10,10,0,0,12,0,13,0,0,0,0,0,10,10
P0168__1024__0___768,2,<50,27,2,2,2,2,0,0,4,0,4,0,0,0,0,0,2,2
P0168__1024__1280___0,13,<50,95,13,13,13,13,0,0,15,0,17,0,0,0,8,8,5,5
P0168__1024__1280___768,18,<50,130,18,18,18,18,0,0,20,0,23,0,0,0,14,14,4,4
P0168__1024__824___0,17,<50,150,17,17,17,17,0,0,20,0,21,0,0,0,8,8,9,9
P0168__1024__824___768,18,<50,118,17,17,17,17,0,0,22,0,24,0,0,0,14,13,4,4
P0170__1024__0___0,26,<50,117,26,26,26,26,0,0,31,0,34,0,3,3,18,18,5,5
P0170__1024__0___57,36,<50,160,36,36,36,36,0,0,40,0,44,0,7,7,24,24,5,5
P0170__1024__824___0,23,<50,74,23,23,23,23,0,0,25,0,25,0,0,0,15,15,8,8
P0170__1024__824___57,29,<50,147,29,29,29,29,0,0,31,0,33,0,3,3,18,18,8,8
P0170__1024__942___0,19,<50,47,19,19,19,19,0,0,20,0,20,0,0,0,14,14,5,5
P0170__1024__942___57,22,<50,85,22,22,22,22,0,0,26,0,27,0,3,3,14,14,5,5
P0173__1024__0___0,11,<50,66,1,1,1,1,0,0,12,0,15,0,0,0,4,0,7,1
P0175__1024__0___0,11,<50,25,3,3,3,3,0,0,12,0,12,0,0,0,1,1,10,2
P0175__1024__0___38,11,<50,24,3,3,3,3,0,0,11,0,13,0,0,0,1,1,10,2
P0179__1024__0___0,6,<50,14,6,6,6,6,0,0,6,0,6,0,0,0,0,0,6,6
P0179__1024__0___1648,32,<50,186,32,32,32,32,0,0,43,0,48,0,2,2,26,26,4,4
P0179__1024__0___2472,21,<50,131,21,21,21,21,0,0,29,0,36,0,6,6,15,15,0,0
P0179__1024__0___824,12,<50,152,12,12,12,12,0,0,16,0,18,0,0,0,3,3,9,9
P0179__1024__1648___0,1,<50,1,1,1,1,1,0,0,1,0,1,0,0,0,1,1,0,0
P0179__1024__1648___1648,16,<50,187,16,16,16,16,0,0,63,0,69,0,2,2,14,14,0,0
P0179__1024__1648___2472,7,<50,58,7,7,7,7,0,0,9,0,11,0,0,0,6,6,1,1
P0179__1024__1648___3296,12,<50,69,12,12,12,12,0,0,13,0,15,0,0,0,12,12,0,0
P0179__1024__1648___3518,9,<50,47,9,9,9,9,0,0,11,0,12,0,1,1,8,8,0,0
P0179__1024__1648___824,3,<50,48,3,3,3,3,0,0,2,0,3,0,0,0,3,3,0,0
P0179__1024__2472___1648,19,<50,217,19,19,19,19,0,0,43,0,51,0,2,2,10,10,7,7
P0179__1024__2472___2472,8,<50,108,8,8,8,8,0,0,14,0,17,0,0,0,4,4,4,4
P0179__1024__2472___3296,8,<50,64,8,8,8,8,0,0,8,0,13,0,4,4,4,4,0,0
P0179__1024__2472___3518,8,<50,59,8,8,8,8,0,0,9,0,16,0,4,4,4,4,0,0
P0179__1024__2472___824,2,<50,35,2,2,2,2,0,0,2,0,3,0,0,0,1,1,1,1
P0179__1024__3296___1648,5,<50,29,5,5,5,5,0,0,5,0,5,0,0,0,1,1,4,4
P0179__1024__3296___2472,21,<50,77,21,21,21,21,0,0,20,0,23,0,0,0,10,10,11,11
P0179__1024__3296___3296,13,<50,82,13,13,13,13,0,0,10,0,14,0,3,3,7,7,3,3
P0179__1024__3296___3518,11,<50,53,11,11,11,11,0,0,11,0,12,0,3,3,7,7,1,1
P0179__1024__3750___2472,9,<50,36,9,9,9,9,0,0,9,0,10,0,0,0,4,4,5,5
P0179__1024__3750___3296,8,<50,75,8,8,8,8,0,0,9,0,9,0,0,0,4,4,4,4
P0179__1024__3750___3518,6,<50,54,6,6,6,6,0,0,8,0,9,0,0,0,4,4,2,2
P0179__1024__824___1648,22,<50,157,22,22,22,22,0,0,29,0,31,0,0,0,17,17,5,5
P0179__1024__824___2472,5,<50,37,5,5,5,5,0,0,12,0,13,0,1,1,3,3,1,1
P0179__1024__824___824,15,<50,128,15,15,15,15,0,0,17,0,18,0,0,0,4,4,11,11
P0186__1024__0___0,6,<50,21,0,0,0,0,0,0,7,0,7,0,0,0,0,0,6,0
P0186__1024__227___0,7,<50,18,0,0,0,0,0,0,8,0,9,0,0,0,0,0,7,0
P0189__1024__0___0,61,50-100,131,0,0,0,0,0,0,57,0,65,0,0,0,45,0,16,0
P0194__1024__0___0,14,<50,29,0,0,0,0,0,0,15,0,16,0,5,0,1,0,8,0
P0198__1024__0___0,14,<50,28,14,14,14,14,0,0,16,0,16,0,0,0,0,0,14,14
P0198__1024__0___300,15,<50,28,15,15,15,15,0,0,20,0,21,0,0,0,0,0,15,15
P0198__1024__164___0,13,<50,28,13,13,13,13,0,0,15,0,15,0,0,0,0,0,13,13
P0198__1024__164___300,14,<50,29,14,14,14,14,0,0,21,0,21,0,0,0,0,0,14,14
P0199__1024__0___0,43,<50,234,43,43,43,43,0,0,58,0,68,0,25,25,1,1,17,17
P0199__1024__0___555,51,50-100,228,51,51,51,51,0,0,61,0,68,0,35,35,1,1,15,15
P0199__1024__148___0,21,<50,80,21,21,21,21,0,0,30,0,36,0,4,4,0,0,17,17
P0199__1024__148___555,20,<50,52,20,20,20,20,0,0,19,0,21,0,5,5,0,0,15,15
P0206__1024__0___0,9,<50,14,9,9,9,9,0,0,9,0,9,0,1,1,0,0,8,8
P0206__1024__0___303,11,<50,17,11,11,11,11,0,0,11,0,11,0,1,1,0,0,10,10
P0206__1024__140___0,9,<50,13,9,9,9,9,0,0,9,0,9,0,1,1,0,0,8,8
P0206__1024__140___303,11,<50,17,11,11,11,11,0,0,11,0,13,0,1,1,0,0,10,10
P0213__1024__0___0,21,<50,174,21,21,21,21,0,0,27,0,35,0,1,1,20,20,0,0
P0213__1024__0___588,13,<50,264,13,13,13,13,0,0,13,0,18,0,0,0,13,13,0,0
P0213__1024__824___0,9,<50,76,9,9,9,9,0,0,11,0,13,0,0,0,9,9,0,0
P0213__1024__824___588,25,<50,203,25,25,25,25,0,0,30,0,39,0,0,0,25,25,0,0
P0213__1024__858___0,9,<50,62,9,9,9,9,0,0,9,0,11,0,0,0,9,9,0,0
P0213__1024__858___588,25,<50,188,25,25,25,25,0,0,29,0,39,0,0,0,25,25,0,0
P0217__1024__0___0,22,<50,50,22,22,22,22,0,0,21,0,26,0,0,0,8,8,14,14
P0217__1024__0___401,18,<50,128,18,18,18,18,0,0,21,0,27,0,0,0,7,7,11,11
P0217__1024__541___0,18,<50,73,18,18,18,18,0,0,21,0,23,0,0,0,5,5,13,13
P0217__1024__541___401,17,<50,108,17,17,17,17,0,0,20,0,22,0,0,0,4,4,13,13
P0228__1024__0___0,10,<50,39,5,5,5,5,0,0,14,0,14,0,0,0,0,0,10,5
P0228__1024__363___0,12,<50,22,5,5,5,5,0,0,15,0,15,0,0,0,0,0,12,5
P0237__1024__0___0,19,<50,50,0,0,0,0,0,0,20,0,22,0,1,0,10,0,8,0
P0242__1024__0___0,8,<50,21,1,1,1,1,0,0,10,0,10,0,0,0,0,0,8,1
P0242__1024__0___320,9,<50,14,0,0,0,0,0,0,9,0,9,0,0,0,0,0,9,0
P0246__1024__0___0,35,<50,141,0,0,0,0,0,0,37,0,43,0,0,0,35,0,0,0
P0249__1024__0___0,17,<50,295,17,17,17,17,0,0,47,0,60,0,0,0,17,17,0,0
P0249__1024__0___653,16,<50,160,15,15,15,15,0,0,19,0,23,0,0,0,16,15,0,0
P0257__1024__0___0,20,<50,82,20,20,20,20,0,0,24,0,26,0,0,0,12,12,8,8
P0257__1024__0___572,25,<50,67,25,25,25,25,0,0,26,0,30,0,0,0,20,20,5,5
P0257__1024__56___0,20,<50,87,20,20,20,20,0,0,22,0,24,0,0,0,12,12,8,8
P0257__1024__56___572,24,<50,76,24,24,24,24,0,0,27,0,28,0,0,0,19,19,5,5
P0259__1024__0___824,1,<50,170,1,1,1,1,0,0,5,0,10,0,0,0,0,0,1,1
P0259__1024__1226___0,1,<50,96,1,1,1,1,0,0,5,0,9,0,0,0,0,0,1,1
P0259__1024__1226___1245,4,<50,164,2,3,3,3,0,0,5,0,9,0,0,0,4,3,0,0
P0259__1024__1226___824,4,<50,152,1,2,2,2,0,0,5,0,10,0,0,0,4,2,0,0
P0259__1024__824___0,2,<50,83,1,1,1,1,0,0,3,0,5,0,0,0,0,0,2,1
P0259__1024__824___1245,8,<50,190,5,6,6,6,0,0,5,0,14,0,0,0,5,3,3,3
P0259__1024__824___824,9,<50,249,4,6,6,6,0,0,13,0,26,0,0,0,5,2,4,4
P0261__1024__0___0,2,<50,24,1,1,1,1,0,0,0,0,1,0,0,0,1,1,1,0
P0261__1024__0___74,1,<50,20,1,1,1,1,0,0,0,0,0,0,0,0,1,1,0,0
P0261__1024__390___0,3,<50,32,1,1,1,1,0,0,1,0,1,0,0,0,1,1,2,0
P0261__1024__390___74,3,<50,20,2,2,2,2,0,0,1,0,1,0,0,0,1,1,2,1
P0262__1024__0___0,216,150-300,476,98,215,215,215,0,0,249,0,270,0,58,58,154,153,4,4
P0262__1024__0___1414,1,<50,79,1,1,1,1,0,0,0,0,1,0,0,0,1,1,0,0
P0262__1024__0___824,8,<50,167,8,8,8,8,0,0,19,0,27,0,0,0,8,8,0,0
P0262__1024__1260___0,107,100-150,480,89,107,107,107,0,0,155,0,179,0,75,75,28,28,4,4
P0262__1024__1260___1414,143,100-150,388,98,143,143,143,0,0,163,0,172,0,58,58,79,79,6,6
P0262__1024__1260___824,139,100-150,425,98,139,139,139,0,0,167,0,184,0,24,24,112,112,3,3
P0262__1024__824___0,265,150-300,689,100,259,265,265,6,0,319,1,348,1,125,124,131,128,9,7
P0262__1024__824___1414,154,150-300,414,99,154,154,154,0,0,168,0,175,0,62,62,84,84,8,8
P0262__1024__824___824,178,150-300,469,99,178,178,178,0,0,198,0,213,0,24,24,149,149,5,5
P0300__1024__0___0,1,<50,36,0,0,0,0,0,0,3,0,4,0,0,0,0,0,1,0
P0300__1024__390___0,3,<50,144,1,2,2,2,0,0,5,0,9,0,0,0,0,0,3,2
P0305__1024__0___0,22,<50,101,0,0,0,0,0,0,34,0,37,0,0,0,21,0,1,0
P0309__1024__0___0,3,<50,16,0,0,0,0,0,0,3,0,3,0,0,0,0,0,3,0
P0309__1024__0___808,4,<50,76,2,2,2,2,0,0,5,0,7,0,0,0,0,0,4,2
P0329__1024__0___0,23,<50,99,0,0,0,0,0,0,27,0,31,0,0,0,17,0,6,0
P0331__1024__0___0,5,<50,33,5,5,5,5,0,0,10,0,11,0,0,0,1,1,4,4
P0331__1024__0___1200,7,<50,88,7,7,7,7,0,0,11,0,12,0,2,2,5,5,0,0
P0331__1024__0___824,9,<50,122,9,9,9,9,0,0,13,0,17,0,1,1,7,7,1,1
P0331__1024__1454___1200,6,<50,45,6,6,6,6,0,0,8,0,10,0,0,0,2,2,4,4
P0331__1024__1454___824,5,<50,37,5,5,5,5,0,0,6,0,10,0,0,0,2,2,3,3
P0331__1024__824___1200,9,<50,92,8,8,8,8,0,0,10,0,11,0,0,0,7,6,2,2
P0331__1024__824___824,7,<50,57,7,7,7,7,0,0,9,0,14,0,0,0,3,3,4,4
P0336__1024__0___0,8,<50,60,8,8,8,8,0,0,10,0,14,0,1,1,4,4,3,3
P0336__1024__0___381,5,<50,51,5,5,5,5,0,0,5,0,8,0,0,0,2,2,3,3
P0336__1024__1648___0,6,<50,59,6,6,6,6,0,0,10,0,13,0,0,0,3,3,3,3
P0336__1024__1648___381,6,<50,46,6,6,6,6,0,0,8,0,9,0,0,0,2,2,4,4
P0336__1024__1861___0,7,<50,47,5,5,5,5,0,0,9,0,9,0,0,0,3,3,4,2
P0336__1024__1861___381,6,<50,25,5,5,5,5,0,0,7,0,11,0,0,0,2,2,4,3
P0336__1024__824___0,8,<50,72,7,7,7,7,0,0,8,0,8,0,1,1,3,3,4,3
P0336__1024__824___381,5,<50,96,5,5,5,5,0,0,6,0,8,0,0,0,2,2,3,3
P0342__1024__0___0,37,<50,163,7,7,7,7,0,0,37,0,53,0,0,0,37,7,0,0
P0347__1024__0___1648,4,<50,43,4,4,4,4,0,0,6,0,10,0,0,0,1,1,3,3
P0347__1024__0___2396,2,<50,27,2,2,2,2,0,0,3,0,3,0,0,0,0,0,2,2
P0347__1024__0___824,1,<50,34,1,1,1,1,0,0,3,0,3,0,0,0,0,0,1,1
P0347__1024__537___0,2,<50,4,2,2,2,2,0,0,2,0,2,0,0,0,0,0,2,2
P0347__1024__537___1648,7,<50,118,7,7,7,7,0,0,6,0,12,0,2,2,3,3,2,2
P0347__1024__537___2396,6,<50,95,6,6,6,6,0,0,7,0,10,0,0,0,6,6,0,0
P0347__1024__537___824,1,<50,47,1,1,1,1,0,0,2,0,3,0,0,0,0,0,1,1
P0348__1024__0___0,4,<50,44,0,0,0,0,0,0,4,0,5,0,0,0,1,0,3,0
P0348__1024__0___809,2,<50,29,1,1,1,1,0,0,2,0,4,0,0,0,0,0,2,1
P0352__1024__0___0,8,<50,45,8,8,8,8,0,0,10,0,12,0,0,0,3,3,5,5
P0352__1024__0___242,12,<50,48,11,11,11,11,0,0,15,0,17,0,0,0,9,8,3,3
P0352__1024__379___0,8,<50,38,8,8,8,8,0,0,8,0,8,0,0,0,2,2,6,6
P0352__1024__379___242,10,<50,51,9,9,9,9,0,0,11,0,13,0,0,0,7,6,3,3
P0353__1024__0___0,42,<50,272,41,41,41,41,0,0,53,0,64,0,3,3,39,38,0,0
P0353__1024__0___173,39,<50,319,39,39,39,39,0,0,54,0,71,0,6,6,33,33,0,0
P0353__1024__146___0,31,<50,206,30,30,30,30,0,0,37,0,48,0,2,2,29,28,0,0
P0353__1024__146___173,36,<50,250,36,36,36,36,0,0,44,0,61,0,5,5,31,31,0,0
P0359__1024__0___0,6,<50,14,0,0,0,0,0,0,6,0,6,0,0,0,0,0,6,0
P0368__1024__0___0,20,<50,93,1,1,1,1,0,0,15,0,22,0,0,0,14,0,6,1
P0368__1024__0___363,16,<50,80,1,1,1,1,0,0,18,0,22,0,0,0,11,0,5,1
P0374__1024__0___0,20,<50,86,20,20,20,20,0,0,19,0,22,0,1,1,16,16,3,3
P0374__1024__0___178,25,<50,103,25,25,25,25,0,0,24,0,27,0,1,1,21,21,3,3
P0374__1024__318___0,12,<50,110,12,12,12,12,0,0,17,0,21,0,2,2,7,7,3,3
P0374__1024__318___178,11,<50,76,11,11,11,11,0,0,13,0,15,0,2,2,6,6,3,3
P0375__1024__0___0,56,50-100,142,1,1,1,1,0,0,58,0,61,0,0,0,51,1,5,0
P0377__1024__0___0,5,<50,17,0,0,0,0,0,0,6,0,6,0,0,0,0,0,5,0
P0382__1024__0___0,19,<50,105,19,19,19,19,0,0,19,0,23,0,3,3,10,10,6,6
P0382__1024__0___148,16,<50,67,16,16,16,16,0,0,16,0,16,0,3,3,7,7,6,6
P0382__1024__59___0,17,<50,112,16,16,16,16,0,0,16,0,20,0,3,2,8,8,6,6
P0382__1024__59___148,14,<50,61,14,14,14,14,0,0,12,0,14,0,2,2,6,6,6,6
P0385__1024__0___0,11,<50,34,0,0,0,0,0,0,10,0,12,0,0,0,6,0,5,0
P0396__1024__0___0,7,<50,40,7,7,7,7,0,0,8,0,8,0,0,0,0,0,7,7
P0396__1024__0___153,7,<50,47,7,7,7,7,0,0,8,0,8,0,0,0,0,0,7,7
P0396__1024__59___0,7,<50,40,7,7,7,7,0,0,7,0,9,0,0,0,0,0,7,7
P0396__1024__59___153,7,<50,29,7,7,7,7,0,0,7,0,7,0,0,0,0,0,7,7
P0402__1024__0___0,5,<50,17,0,0,0,0,0,0,5,0,5,0,0,0,0,0,5,0
P0411__1024__0___0,21,<50,382,0,0,0,0,0,0,22,0,36,0,12,0,5,0,4,0
P0411__1024__0___62,21,<50,369,0,0,0,0,0,0,25,0,36,0,12,0,5,0,4,0
P0414__1024__0___0,25,<50,159,2,2,2,2,0,0,25,0,30,0,16,1,4,0,5,1
P0414__1024__0___62,23,<50,173,1,2,2,2,0,0,22,0,26,0,14,1,4,0,5,1
P0420__1024__0___0,16,<50,145,16,16,16,16,0,0,15,0,24,0,6,6,7,7,3,3
P0420__1024__0___94,15,<50,93,15,15,15,15,0,0,14,0,19,0,7,7,5,5,3,3
P0420__1024__596___0,13,<50,81,12,12,12,12,0,0,13,0,15,0,6,5,6,6,1,1
P0420__1024__596___94,12,<50,90,12,12,12,12,0,0,14,0,16,0,7,7,4,4,1,1
P0432__1024__0___0,11,<50,169,0,0,0,0,0,0,13,0,21,0,4,0,7,0,0,0
P0454__1024__0___0,107,100-150,581,21,26,28,28,2,0,112,0,133,0,2,0,104,26,1,0
P0454__1024__442___0,103,100-150,476,22,29,30,30,1,0,110,0,124,0,1,0,101,29,1,0
P0457__1024__0___0,3,<50,7,1,1,1,1,0,0,4,0,5,0,0,0,0,0,3,1
P0457__1024__379___0,10,<50,44,4,4,4,4,0,0,9,0,10,0,0,0,6,3,4,1
P0466__1024__0___0,8,<50,25,8,8,8,8,0,0,12,0,13,0,0,0,0,0,8,8
P0466__1024__0___391,8,<50,15,8,8,8,8,0,0,12,0,12,0,0,0,0,0,8,8
P0466__1024__274___0,10,<50,25,10,10,10,10,0,0,15,0,15,0,0,0,0,0,10,10
P0466__1024__274___391,10,<50,19,10,10,10,10,0,0,13,0,13,0,0,0,0,0,10,10
P0476__1024__0___0,76,50-100,245,74,76,76,76,0,0,89,0,101,0,1,1,75,75,0,0
P0476__1024__0___205,75,50-100,216,74,75,75,75,0,0,85,0,94,0,0,0,75,75,0,0
P0476__1024__122___0,77,50-100,245,77,77,77,77,0,0,88,0,98,0,1,1,76,76,0,0
P0476__1024__122___205,76,50-100,213,76,76,76,76,0,0,84,0,93,0,0,0,76,76,0,0
P0486__1024__0___0,34,<50,229,2,2,2,2,0,0,46,0,57,0,9,0,25,2,0,0
P0486__1024__441___0,47,<50,320,4,5,5,5,0,0,62,0,75,0,21,4,26,1,0,0
P0491__1024__0___0,1,<50,43,1,1,1,1,0,0,3,0,6,0,0,0,0,0,1,1
P0491__1024__0___742,2,<50,31,2,2,2,2,0,0,2,0,2,0,0,0,0,0,2,2
P0491__1024__1648___0,1,<50,18,1,1,1,1,0,0,2,0,2,0,0,0,0,0,1,1
P0491__1024__1648___742,2,<50,20,2,2,2,2,0,0,2,0,2,0,0,0,0,0,2,2
P0491__1024__1778___0,1,<50,36,1,1,1,1,0,0,2,0,4,0,0,0,0,0,1,1
P0491__1024__1778___742,1,<50,14,1,1,1,1,0,0,1,0,2,0,0,0,0,0,1,1
P0491__1024__824___0,2,<50,40,2,2,2,2,0,0,4,0,6,0,0,0,0,0,2,2
P0491__1024__824___742,3,<50,37,3,3,3,3,0,0,3,0,3,0,0,0,0,0,3,3
P0499__1024__0___0,8,<50,42,8,8,8,8,0,0,9,0,9,0,0,0,2,2,6,6
P0499__1024__0___183,10,<50,38,10,10,10,10,0,0,10,0,11,0,0,0,4,4,6,6
P0499__1024__31___0,9,<50,53,9,9,9,9,0,0,11,0,12,0,0,0,3,3,6,6
P0499__1024__31___183,11,<50,59,11,11,11,11,0,0,12,0,13,0,0,0,5,5,6,6
P0518__1024__0___0,7,<50,76,4,4,4,4,0,0,6,0,11,0,0,0,3,0,4,4
P0518__1024__0___91,6,<50,84,2,2,2,2,0,0,7,0,9,0,0,0,2,0,4,2
P0524__1024__0___0,9,<50,147,9,9,9,9,0,0,14,0,18,0,2,2,4,4,3,3
P0524__1024__0___82,8,<50,130,8,8,8,8,0,0,15,0,16,0,1,1,4,4,3,3
P0524__1024__79___0,9,<50,153,9,9,9,9,0,0,14,0,20,0,2,2,4,4,3,3
P0524__1024__79___82,8,<50,111,8,8,8,8,0,0,13,0,23,0,1,1,4,4,3,3
P0525__1024__0___0,4,<50,11,0,0,0,0,0,0,4,0,5,0,0,0,2,0,2,0
P0525__1024__0___290,7,<50,31,0,0,0,0,0,0,7,0,7,0,0,0,5,0,2,0
P0526__1024__0___0,3,<50,77,3,3,3,3,0,0,2,0,5,0,2,2,1,1,0,0
P0526__1024__0___658,2,<50,22,2,2,2,2,0,0,2,0,3,0,0,0,0,0,2,2
P0526__1024__1278___0,4,<50,26,4,4,4,4,0,0,3,0,4,0,0,0,2,2,2,2
P0526__1024__824___0,3,<50,43,3,3,3,3,0,0,3,0,3,0,0,0,2,2,1,1
P0526__1024__824___658,2,<50,30,2,2,2,2,0,0,1,0,3,0,0,0,0,0,2,2
P0543__1024__0___0,6,<50,20,0,0,0,0,0,0,6,0,6,0,0,0,2,0,4,0
P0543__1024__125___0,6,<50,21,0,0,0,0,0,0,6,0,7,0,0,0,2,0,4,0
P0547__1024__0___0,43,<50,161,8,8,8,8,0,0,59,0,67,0,4,0,39,8,0,0
P0547__1024__0___158,49,<50,180,8,8,8,8,0,0,69,0,80,0,6,0,43,8,0,0
P0550__1024__0___0,15,<50,64,0,0,0,0,0,0,16,0,17,0,0,0,14,0,1,0
P0550__1024__386___0,12,<50,68,0,0,0,0,0,0,14,0,14,0,0,0,11,0,1,0
P0551__1024__0___0,5,<50,34,5,5,5,5,0,0,6,0,6,0,0,0,1,1,4,4
P0551__1024__0___354,5,<50,30,5,5,5,5,0,0,7,0,8,0,0,0,1,1,4,4
P0551__1024__288___0,5,<50,54,5,5,5,5,0,0,5,0,8,0,0,0,1,1,4,4
P0551__1024__288___354,6,<50,75,6,6,6,6,0,0,8,0,11,0,0,0,2,2,4,4
P0557__1024__0___0,5,<50,91,5,5,5,5,0,0,8,0,9,0,0,0,3,3,2,2
P0557__1024__0___98,5,<50,88,5,5,5,5,0,0,9,0,10,0,0,0,3,3,2,2
P0557__1024__1117___0,2,<50,53,2,2,2,2,0,0,4,0,4,0,0,0,0,0,2,2
P0557__1024__1117___98,2,<50,47,2,2,2,2,0,0,4,0,4,0,0,0,0,0,2,2
P0557__1024__824___0,3,<50,50,3,3,3,3,0,0,8,0,9,0,0,0,1,1,2,2
P0557__1024__824___98,3,<50,67,3,3,3,3,0,0,8,0,9,0,0,0,1,1,2,2
P0558__1024__0___0,5,<50,25,0,0,0,0,0,0,7,0,10,0,0,0,1,0,4,0
P0558__1024__0___539,6,<50,19,0,0,0,0,0,0,8,0,9,0,0,0,1,0,5,0
P0559__1024__0___0,28,<50,178,5,5,5,5,0,0,36,0,43,0,0,0,22,2,6,3
P0564__1024__0___0,7,<50,25,1,1,1,1,0,0,6,0,8,0,0,0,3,0,4,1
P0564__1024__0___64,7,<50,43,1,1,1,1,0,0,6,0,7,0,0,0,3,0,4,1
P0577__1024__0___0,7,<50,42,3,3,3,3,0,0,8,0,10,0,0,0,0,0,7,3
P0577__1024__0___343,7,<50,26,1,1,1,1,0,0,8,0,9,0,0,0,1,0,6,1
P0579__1024__0___0,5,<50,39,5,5,5,5,0,0,3,0,5,0,1,1,1,1,3,3
P0579__1024__0___98,5,<50,42,5,5,5,5,0,0,4,0,4,0,1,1,1,1,3,3
P0579__1024__1116___0,5,<50,21,5,5,5,5,0,0,5,0,5,0,0,0,0,0,5,5
P0579__1024__1116___98,5,<50,47,5,5,5,5,0,0,6,0,7,0,0,0,0,0,5,5
P0579__1024__824___0,4,<50,56,4,4,4,4,0,0,6,0,7,0,0,0,0,0,4,4
P0579__1024__824___98,4,<50,64,4,4,4,4,0,0,4,0,5,0,0,0,0,0,4,4
P0583__1024__0___0,4,<50,17,0,0,0,0,0,0,5,0,5,0,0,0,1,0,3,0
P0583__1024__1238___0,4,<50,21,0,0,0,0,0,0,7,0,7,0,0,0,0,0,4,0
P0583__1024__824___0,4,<50,45,0,0,0,0,0,0,6,0,7,0,0,0,0,0,4,0
P0589__1024__0___0,3,<50,39,2,2,2,2,0,0,3,0,4,0,0,0,0,0,3,2
P0589__1024__0___1085,3,<50,41,3,3,3,3,0,0,3,0,4,0,0,0,0,0,3,3
P0589__1024__0___824,3,<50,28,3,3,3,3,0,0,3,0,3,0,0,0,0,0,3,3
P0590__1024__0___0,111,100-150,487,95,111,111,111,0,0,134,0,153,0,1,1,110,110,0,0
P0590__1024__0___202,112,100-150,508,97,112,112,112,0,0,140,0,154,0,1,1,111,111,0,0
P0590__1024__405___0,84,50-100,398,82,84,84,84,0,0,93,0,115,0,1,1,83,83,0,0
P0590__1024__405___202,88,50-100,350,82,88,88,88,0,0,112,0,128,0,1,1,87,87,0,0
P0604__1024__0___0,8,<50,98,0,0,0,0,0,0,15,0,22,0,0,0,6,0,2,0
P0604__1024__412___0,10,<50,108,0,0,0,0,0,0,16,0,24,0,0,0,9,0,1,0
P0613__1024__0___0,6,<50,18,1,1,1,1,0,0,7,0,8,0,0,0,2,0,4,1
P0613__1024__153___0,5,<50,35,0,0,0,0,0,0,6,0,7,0,0,0,2,0,3,0
P0615__1024__0___0,6,<50,64,6,6,6,6,0,0,6,0,7,0,0,0,1,1,5,5
P0615__1024__0___395,4,<50,60,4,4,4,4,0,0,6,0,8,0,0,0,0,0,4,4
P0615__1024__333___0,4,<50,100,3,3,3,3,0,0,7,0,11,0,0,0,1,1,3,2
P0615__1024__333___395,5,<50,67,5,5,5,5,0,0,7,0,7,0,0,0,0,0,5,5
P0622__1024__0___0,7,<50,104,7,7,7,7,0,0,11,0,13,0,0,0,4,4,3,3
P0622__1024__0___585,7,<50,95,7,7,7,7,0,0,11,0,12,0,0,0,4,4,3,3
P0622__1024__3___0,7,<50,135,6,7,7,7,0,0,12,0,12,0,0,0,4,4,3,3
P0622__1024__3___585,7,<50,108,7,7,7,7,0,0,10,0,11,0,0,0,4,4,3,3
P0623__1024__0___0,53,50-100,192,53,53,53,53,0,0,57,0,64,0,2,2,38,38,13,13
P0623__1024__0___171,45,<50,233,45,45,45,45,0,0,53,0,62,0,2,2,30,30,13,13
P0623__1024__146___0,52,50-100,199,52,52,52,52,0,0,60,0,69,0,1,1,38,38,13,13
P0623__1024__146___171,44,<50,195,44,44,44,44,0,0,49,0,63,0,1,1,30,30,13,13
P0643__1024__0___0,25,<50,100,0,0,0,0,0,0,30,0,32,0,0,0,25,0,0,0
P0647__1024__0___0,7,<50,53,0,0,0,0,0,0,11,0,12,0,0,0,3,0,4,0
P0650__1024__0___0,6,<50,38,0,0,0,0,0,0,9,0,9,0,0,0,1,0,5,0
P0651__1024__0___0,15,<50,18,6,6,6,6,0,0,17,0,17,0,0,0,0,0,15,6
P0651__1024__0___97,15,<50,20,6,6,6,6,0,0,16,0,16,0,0,0,0,0,15,6
P0654__1024__0___0,21,<50,73,21,21,21,21,0,0,26,0,35,0,1,1,20,20,0,0
P0654__1024__0___204,21,<50,87,21,21,21,21,0,0,24,0,33,0,1,1,20,20,0,0
P0654__1024__120___0,22,<50,77,22,22,22,22,0,0,25,0,31,0,1,1,21,21,0,0
P0654__1024__120___204,22,<50,82,22,22,22,22,0,0,21,0,29,0,1,1,21,21,0,0
P0659__1024__0___0,5,<50,14,0,0,0,0,0,0,7,0,10,0,0,0,0,0,5,0
P0659__1024__0___65,5,<50,13,0,0,0,0,0,0,6,0,7,0,0,0,0,0,5,0
P0660__1024__0___0,14,<50,93,2,2,2,2,0,0,16,0,20,0,1,0,7,0,6,2
P0660__1024__136___0,13,<50,98,2,2,2,2,0,0,15,0,21,0,0,0,7,0,6,2
P0665__1024__0___0,34,<50,150,34,34,34,34,0,0,38,0,42,0,0,0,31,31,3,3
P0665__1024__0___656,29,<50,108,29,29,29,29,0,0,36,0,42,0,0,0,23,23,6,6
P0665__1024__270___0,35,<50,104,35,35,35,35,0,0,35,0,35,0,0,0,32,32,3,3
P0665__1024__270___656,29,<50,93,29,29,29,29,0,0,34,0,35,0,0,0,23,23,6,6
P0673__1024__0___0,12,<50,32,11,11,11,11,0,0,11,0,13,0,0,0,0,0,12,11
P0673__1024__0___123,11,<50,29,10,10,10,10,0,0,11,0,11,0,0,0,0,0,11,10
P0673__1024__91___0,12,<50,47,11,11,11,11,0,0,11,0,13,0,0,0,0,0,12,11
P0673__1024__91___123,11,<50,29,10,10,10,10,0,0,10,0,10,0,0,0,0,0,11,10
P0683__1024__0___0,1,<50,62,1,1,1,1,0,0,3,0,5,0,0,0,0,0,1,1
P0683__1024__0___824,1,<50,66,1,1,1,1,0,0,1,0,2,0,0,0,0,0,1,1
P0683__1024__1005___0,1,<50,27,1,1,1,1,0,0,0,0,1,0,0,0,0,0,1,1
P0683__1024__1005___1400,1,<50,65,1,1,1,1,0,0,1,0,3,0,0,0,0,0,1,1
P0683__1024__1005___824,1,<50,26,1,1,1,1,0,0,2,0,2,0,0,0,0,0,1,1
P0683__1024__824___0,1,<50,46,1,1,1,1,0,0,1,0,2,0,0,0,0,0,1,1
P0684__1024__0___0,15,<50,100,0,0,0,0,0,0,16,0,19,0,0,0,15,0,0,0
P0696__1024__0___0,122,100-150,463,99,122,122,122,0,0,142,0,159,0,96,96,23,23,3,3
P0696__1024__0___1113,197,150-300,467,97,195,195,195,0,0,216,0,231,0,63,62,131,131,3,2
P0696__1024__0___824,275,150-300,652,98,268,273,273,5,0,293,0,320,1,128,123,141,140,6,5
P0696__1024__515___0,222,150-300,672,100,221,222,222,1,0,243,0,272,0,133,132,82,82,7,7
P0696__1024__515___1113,200,150-300,713,97,196,198,198,2,0,222,0,259,0,108,106,88,87,4,3
P0696__1024__515___824,280,150-300,972,96,266,278,279,13,0,312,1,347,1,178,168,96,94,6,4
P0704__1024__0___0,78,50-100,552,75,78,78,78,0,0,99,0,117,0,14,14,58,58,6,6
P0704__1024__0___412,59,50-100,250,58,59,59,59,0,0,65,0,86,0,0,0,53,53,6,6
P0704__1024__1112___0,128,100-150,422,99,128,128,128,0,0,144,0,157,0,36,36,85,85,7,7
P0704__1024__1112___412,95,50-100,291,93,95,95,95,0,0,106,0,118,0,44,44,45,45,6,6
P0704__1024__824___0,162,150-300,513,97,162,162,162,0,0,186,0,206,0,37,37,117,117,8,8
P0704__1024__824___412,131,100-150,383,97,130,130,130,0,0,142,0,154,0,42,42,81,81,8,7
P0706__1024__0___0,499,>=300,1000,100,297,478,494,197,0,615,1,729,1,140,54,354,240,5,3
P0706__1024__0___158,492,>=300,1000,99,298,471,489,191,0,612,1,699,1,131,54,356,243,5,1
P0706__1024__87___0,502,>=300,1000,100,298,480,497,199,0,594,1,700,1,143,62,354,235,5,1
P0706__1024__87___158,503,>=300,1000,100,296,475,499,203,1,591,1,694,1,135,55,363,240,5,1
P0712__1024__0___0,46,<50,146,1,1,1,1,0,0,58,0,61,0,0,0,46,1,0,0
P0712__1024__0___136,45,<50,157,0,1,1,1,0,0,54,0,58,0,0,0,45,1,0,0
P0715__1024__0___0,15,<50,94,15,15,15,15,0,0,15,0,18,0,3,3,3,3,9,9
P0715__1024__0___587,17,<50,313,16,17,17,17,0,0,17,0,31,0,4,4,7,7,6,6
P0715__1024__306___0,17,<50,122,17,17,17,17,0,0,14,0,21,0,3,3,4,4,10,10
P0715__1024__306___587,23,<50,154,22,22,22,22,0,0,27,0,32,0,4,4,6,5,13,13
P0725__1024__0___0,33,<50,191,33,33,33,33,0,0,43,0,52,0,0,0,21,21,12,12
P0725__1024__0___74,35,<50,190,35,35,35,35,0,0,42,0,47,0,0,0,24,24,11,11
P0725__1024__634___0,23,<50,132,23,23,23,23,0,0,29,0,37,0,0,0,14,14,9,9
P0725__1024__634___74,26,<50,140,26,26,26,26,0,0,30,0,37,0,0,0,16,16,10,10
P0729__1024__0___0,31,<50,186,0,0,0,0,0,0,39,0,44,0,0,0,20,0,11,0
P0729__1024__0___283,23,<50,114,0,0,0,0,0,0,23,0,28,0,0,0,15,0,8,0
P0749__1024__0___0,35,<50,157,9,9,9,9,0,0,40,0,47,0,0,0,26,5,9,4
P0749__1024__415___0,34,<50,285,3,5,5,5,0,0,40,0,57,0,1,0,19,0,14,5
P0761__1024__0___0,57,50-100,393,57,57,57,57,0,0,66,0,76,0,6,6,49,49,2,2
P0761__1024__0___340,56,50-100,452,54,56,56,56,0,0,72,0,84,0,5,5,50,50,1,1
P0761__1024__594___0,26,<50,236,26,26,26,26,0,0,29,0,33,0,1,1,23,23,2,2
P0761__1024__594___340,46,<50,223,45,45,45,45,0,0,49,0,53,0,3,3,41,41,2,1
P0763__1024__0___0,52,50-100,510,52,52,52,52,0,0,62,0,75,0,5,5,44,44,3,3
P0763__1024__0___74,54,50-100,369,54,54,54,54,0,0,59,0,66,0,5,5,46,46,3,3
P0763__1024__634___0,64,50-100,507,63,64,64,64,0,0,72,0,84,0,2,2,61,61,1,1
P0763__1024__634___74,64,50-100,426,63,64,64,64,0,0,73,0,82,0,2,2,61,61,1,1
P0764__1024__0___0,49,<50,363,48,49,49,49,0,0,56,0,70,0,2,2,47,47,0,0
P0764__1024__0___74,51,50-100,373,50,51,51,51,0,0,58,0,65,0,2,2,49,49,0,0
P0764__1024__634___0,48,<50,404,45,46,46,46,0,0,51,0,64,0,1,1,44,42,3,3
P0764__1024__634___74,52,50-100,403,49,50,50,50,0,0,56,0,66,0,1,1,48,46,3,3
P0770__1024__0___0,17,<50,130,17,17,17,17,0,0,22,0,24,0,0,0,14,14,3,3
P0770__1024__0___334,14,<50,150,14,14,14,14,0,0,22,0,26,0,0,0,11,11,3,3
P0770__1024__586___0,9,<50,162,9,9,9,9,0,0,13,0,18,0,0,0,6,6,3,3
P0770__1024__586___334,6,<50,115,6,6,6,6,0,0,10,0,15,0,0,0,2,2,4,4
P0787__1024__0___0,74,50-100,194,74,74,74,74,0,0,87,0,104,0,0,0,74,74,0,0
P0787__1024__0___173,67,50-100,209,67,67,67,67,0,0,81,0,95,0,0,0,67,67,0,0
P0787__1024__142___0,55,50-100,203,55,55,55,55,0,0,76,0,90,0,0,0,55,55,0,0
P0787__1024__142___173,54,50-100,222,54,54,54,54,0,0,69,0,84,0,0,0,54,54,0,0
P0789__1024__0___0,101,100-150,409,89,100,100,100,0,0,117,0,132,0,12,12,78,77,11,11
P0789__1024__0___68,102,100-150,418,89,101,101,101,0,0,122,0,138,0,12,12,79,78,11,11
P0789__1024__625___0,159,150-300,509,96,158,158,158,0,0,189,0,217,0,47,46,104,104,8,8
P0789__1024__625___68,159,150-300,516,97,157,159,159,2,0,193,0,205,0,47,46,104,104,8,7
P0791__1024__0___0,40,<50,152,40,40,40,40,0,0,48,0,49,0,0,0,32,32,8,8
P0791__1024__0___58,44,<50,151,44,44,44,44,0,0,50,0,52,0,0,0,36,36,8,8
P0791__1024__107___0,50,50-100,193,50,50,50,50,0,0,65,0,67,0,0,0,42,42,8,8
P0791__1024__107___58,58,50-100,232,58,58,58,58,0,0,73,0,77,0,0,0,50,50,8,8
P0795__1024__0___0,96,50-100,322,91,96,96,96,0,0,107,0,121,0,9,9,85,85,2,2
P0795__1024__0___1413,100,100-150,281,91,100,100,100,0,0,112,0,128,0,10,10,87,87,3,3
P0795__1024__0___824,78,50-100,271,77,78,78,78,0,0,95,0,111,0,3,3,75,75,0,0
P0795__1024__752___0,107,100-150,317,98,107,107,107,0,0,113,0,137,0,4,4,100,100,3,3
P0795__1024__752___1413,85,50-100,298,81,83,83,83,0,0,89,0,106,0,8,6,74,74,3,3
P0795__1024__752___824,79,50-100,240,79,79,79,79,0,0,100,0,113,0,1,1,78,78,0,0
P0796__1024__0___0,98,50-100,220,6,7,7,7,0,0,100,0,105,0,58,5,35,2,5,0
P0796__1024__0___1300,105,100-150,325,10,11,12,12,1,0,112,0,120,0,57,6,40,5,8,0
P0796__1024__0___824,136,100-150,497,10,13,13,13,0,0,155,0,171,0,82,9,47,4,7,0
P0799__1024__0___0,58,50-100,341,57,58,58,58,0,0,65,0,82,0,37,37,18,18,3,3
P0799__1024__0___824,132,100-150,455,98,132,132,132,0,0,158,0,179,0,103,103,25,25,4,4
P0799__1024__0___867,127,100-150,477,96,127,127,127,0,0,161,0,177,0,102,102,21,21,4,4
P0799__1024__303___0,107,100-150,466,89,106,106,106,0,0,116,0,136,0,71,71,28,28,8,7
P0799__1024__303___824,196,150-300,575,100,195,196,196,1,0,197,0,229,0,166,165,21,21,9,9
P0799__1024__303___867,189,150-300,611,99,189,189,189,0,0,196,0,237,0,164,164,17,17,8,8
P0801__1024__0___0,47,<50,177,47,47,47,47,0,0,53,0,67,0,0,0,47,47,0,0
P0801__1024__0___686,63,50-100,172,63,63,63,63,0,0,71,0,79,0,0,0,61,61,2,2
P0801__1024__1648___0,67,50-100,413,67,67,67,67,0,0,104,0,142,0,0,0,67,67,0,0
P0801__1024__1648___686,109,100-150,506,92,109,109,109,0,0,136,0,183,0,0,0,105,105,4,4
P0801__1024__2400___0,30,<50,311,30,30,30,30,0,0,71,0,91,0,0,0,30,30,0,0
P0801__1024__2400___686,63,50-100,239,63,63,63,63,0,0,74,0,91,0,0,0,60,60,3,3
P0801__1024__824___0,52,50-100,415,52,52,52,52,0,0,104,0,141,0,0,0,52,52,0,0
P0801__1024__824___686,86,50-100,436,82,86,86,86,0,0,117,0,130,0,0,0,84,84,2,2
P0814__1024__0___0,6,<50,38,0,0,0,0,0,0,12,0,14,0,0,0,1,0,5,0
P0814__1024__452___0,11,<50,66,0,0,0,0,0,0,24,0,25,0,0,0,6,0,5,0
P0815__1024__0___0,7,<50,25,1,1,1,1,0,0,8,0,8,0,0,0,0,0,7,1
P0815__1024__144___0,7,<50,19,1,1,1,1,0,0,7,0,8,0,0,0,0,0,7,1
P0816__1024__0___0,30,<50,113,8,8,8,8,0,0,37,0,39,0,18,3,6,1,6,4
P0816__1024__155___0,13,<50,40,5,5,5,5,0,0,16,0,16,0,5,0,2,1,6,4
P0822__1024__0___0,7,<50,25,0,0,0,0,0,0,9,0,10,0,0,0,0,0,7,0
P0822__1024__198___0,6,<50,18,0,0,0,0,0,0,7,0,9,0,0,0,0,0,6,0
P0833__1024__0___0,46,<50,196,46,46,46,46,0,0,53,0,55,0,10,10,22,22,14,14
P0833__1024__0___135,38,<50,168,38,38,38,38,0,0,42,0,47,0,11,11,14,14,13,13
P0833__1024__617___0,11,<50,45,11,11,11,11,0,0,16,0,18,0,0,0,0,0,11,11
P0833__1024__617___135,11,<50,55,11,11,11,11,0,0,16,0,16,0,0,0,0,0,11,11
P0837__1024__0___0,43,<50,167,42,43,43,43,0,0,44,0,55,0,1,1,40,40,2,2
P0837__1024__0___1648,51,50-100,309,51,51,51,51,0,0,68,0,87,0,0,0,51,51,0,0
P0837__1024__0___1696,46,<50,275,46,46,46,46,0,0,60,0,73,0,0,0,46,46,0,0
P0837__1024__0___824,90,50-100,446,87,88,88,88,0,0,108,0,123,0,0,0,88,88,2,0
P0837__1024__660___0,23,<50,84,23,23,23,23,0,0,31,0,33,0,0,0,22,22,1,1
P0837__1024__660___1648,91,50-100,382,88,91,91,91,0,0,114,0,125,0,0,0,89,89,2,2
P0837__1024__660___1696,87,50-100,437,82,87,87,87,0,0,109,0,119,0,0,0,84,84,3,3
P0837__1024__660___824,60,50-100,252,60,60,60,60,0,0,78,0,86,0,0,0,59,59,1,1
P0838__1024__0___0,284,150-300,621,100,272,284,284,12,0,325,1,353,1,245,237,34,34,5,1
P0838__1024__0___641,391,>=300,667,100,296,391,391,95,0,417,1,444,1,385,296,0,0,6,0
P0838__1024__282___0,304,>=300,672,100,281,303,303,22,0,338,1,370,1,260,245,39,35,5,1
P0838__1024__282___641,429,>=300,709,100,299,429,429,130,0,460,1,486,1,420,299,3,0,6,0
P0839__1024__0___0,232,150-300,510,11,23,25,25,2,0,254,0,271,0,48,6,178,14,6,3
P0839__1024__0___1330,131,100-150,305,11,15,15,15,0,0,138,0,152,0,10,0,118,13,3,2
P0839__1024__0___824,229,150-300,506,9,25,29,29,4,0,256,0,282,0,24,3,200,19,5,3
P0841__1024__0___0,7,<50,26,7,7,7,7,0,0,7,0,7,0,0,0,0,0,7,7
P0841__1024__0___1648,2,<50,30,2,2,2,2,0,0,2,0,3,0,0,0,0,0,2,2
P0841__1024__0___2028,3,<50,17,3,3,3,3,0,0,3,0,3,0,0,0,0,0,3,3
P0841__1024__0___824,3,<50,37,3,3,3,3,0,0,5,0,6,0,0,0,0,0,3,3
P0841__1024__1374___0,1,<50,8,1,1,1,1,0,0,1,0,1,0,0,0,0,0,1,1
P0841__1024__1374___1648,4,<50,22,4,4,4,4,0,0,4,0,4,0,0,0,0,0,4,4
P0841__1024__1374___824,6,<50,28,6,6,6,6,0,0,6,0,8,0,0,0,0,0,6,6
P0841__1024__824___0,3,<50,15,3,3,3,3,0,0,3,0,3,0,0,0,0,0,3,3
P0841__1024__824___1648,6,<50,33,6,6,6,6,0,0,6,0,6,0,0,0,0,0,6,6
P0841__1024__824___2028,4,<50,29,4,4,4,4,0,0,5,0,5,0,0,0,0,0,4,4
P0841__1024__824___824,5,<50,53,5,5,5,5,0,0,8,0,12,0,0,0,0,0,5,5
P0844__1024__0___0,8,<50,14,3,3,3,3,0,0,9,0,9,0,0,0,0,0,8,3
P0844__1024__0___85,8,<50,22,3,3,3,3,0,0,8,0,9,0,0,0,0,0,8,3
P0858__1024__0___0,228,150-300,672,100,222,228,228,6,0,245,0,288,0,134,128,87,87,7,7
P0858__1024__0___441,199,150-300,641,93,188,198,198,10,0,193,0,234,0,119,111,78,75,2,2
P0858__1024__1360___0,18,<50,102,18,18,18,18,0,0,23,0,26,0,7,7,10,10,1,1
P0858__1024__1360___441,77,50-100,390,75,77,77,77,0,0,97,0,108,0,33,33,38,38,6,6
P0858__1024__824___0,107,100-150,371,97,107,107,107,0,0,126,0,136,0,36,36,67,67,4,4
P0858__1024__824___441,169,150-300,614,100,168,168,168,0,0,194,0,221,0,63,63,96,95,10,10
P0864__1024__0___0,112,100-150,296,100,111,111,111,0,0,118,0,124,0,87,87,20,20,5,4
P0864__1024__0___824,31,<50,73,31,31,31,31,0,0,34,0,38,0,19,19,11,11,1,1
P0864__1024__1648___0,89,50-100,219,87,89,89,89,0,0,103,0,108,0,85,85,4,4,0,0
P0864__1024__1648___1020,188,150-300,433,100,186,188,188,2,0,210,0,225,0,154,154,30,30,4,2
P0864__1024__1648___824,210,150-300,517,100,207,210,210,3,0,235,0,266,0,169,168,37,37,4,2
P0864__1024__2047___0,3,<50,57,3,3,3,3,0,0,2,0,5,0,1,1,2,2,0,0
P0864__1024__2047___1020,145,100-150,295,100,145,145,145,0,0,156,0,162,0,121,121,22,22,2,2
P0864__1024__2047___824,145,100-150,313,100,145,145,145,0,0,153,0,167,0,121,121,22,22,2,2
P0864__1024__824___0,161,150-300,511,96,160,161,161,1,0,184,0,207,0,144,144,14,13,3,3
P0864__1024__824___1020,15,<50,282,15,15,15,15,0,0,30,0,48,0,11,11,4,4,0,0
P0864__1024__824___824,59,50-100,247,58,59,59,59,0,0,64,0,79,0,45,45,13,13,1,1
P0882__1024__0___0,8,<50,41,8,8,8,8,0,0,8,0,9,0,0,0,0,0,8,8
P0882__1024__0___1359,56,50-100,179,42,42,42,42,0,0,56,0,63,0,46,35,4,1,6,6
P0882__1024__0___824,54,50-100,179,40,41,41,41,0,0,57,0,65,0,46,37,5,1,3,3
P0887__1024__0___0,5,<50,60,5,5,5,5,0,0,9,0,12,0,0,0,3,3,2,2
P0887__1024__0___1648,74,50-100,226,74,74,74,74,0,0,81,0,87,0,0,0,61,61,13,13
P0887__1024__0___1740,71,50-100,318,71,71,71,71,0,0,81,0,93,0,0,0,61,61,10,10
P0887__1024__0___824,57,50-100,224,57,57,57,57,0,0,68,0,77,0,0,0,49,49,8,8
P0887__1024__1072___0,90,50-100,255,89,90,90,90,0,0,100,0,107,0,1,1,84,84,5,5
P0887__1024__1072___1648,14,<50,94,14,14,14,14,0,0,16,0,16,0,9,9,5,5,0,0
P0887__1024__1072___1740,10,<50,88,10,10,10,10,0,0,13,0,13,0,8,8,2,2,0,0
P0887__1024__1072___824,71,50-100,318,70,70,70,70,0,0,87,0,102,0,4,4,66,65,1,1
P0887__1024__824___0,87,50-100,340,81,87,87,87,0,0,109,0,122,0,1,1,81,81,5,5
P0887__1024__824___1648,33,<50,193,33,33,33,33,0,0,42,0,46,0,9,9,23,23,1,1
P0887__1024__824___1740,28,<50,196,28,28,28,28,0,0,39,0,44,0,8,8,19,19,1,1
P0887__1024__824___824,94,50-100,432,88,93,93,93,0,0,123,0,142,0,3,3,89,88,2,2
P0897__1024__0___2472,34,<50,231,34,34,34,34,0,0,48,0,66,0,0,0,34,34,0,0
P0897__1024__0___3296,281,150-300,671,99,267,279,279,12,0,314,1,344,1,5,5,272,262,4,0
P0897__1024__0___4004,169,150-300,489,100,167,167,167,0,0,198,0,217,0,34,34,131,130,4,3
P0897__1024__1307___0,19,<50,688,16,18,19,19,1,0,111,0,157,0,2,2,12,11,5,5
P0897__1024__1307___1648,390,>=300,802,100,299,390,390,91,0,427,1,454,1,88,47,296,252,6,0
P0897__1024__1307___2472,152,150-300,437,99,152,152,152,0,0,173,0,185,0,26,26,125,125,1,1
P0897__1024__1307___3296,3,<50,170,3,3,3,3,0,0,9,0,13,0,2,2,1,1,0,0
P0897__1024__1307___824,385,>=300,1000,100,299,385,385,86,0,455,1,499,1,305,239,73,59,7,1
P0897__1024__824___0,5,<50,85,5,5,5,5,0,0,7,0,9,0,2,2,3,3,0,0
P0897__1024__824___1648,299,150-300,661,100,286,299,299,13,0,333,1,351,1,41,39,255,247,3,0
P0897__1024__824___2472,255,150-300,621,100,254,255,255,1,0,286,0,310,1,42,42,208,207,5,5
P0897__1024__824___3296,114,100-150,416,92,114,114,114,0,0,135,0,155,0,7,7,107,107,0,0
P0897__1024__824___4004,86,50-100,298,83,86,86,86,0,0,114,0,123,0,37,37,49,49,0,0
P0897__1024__824___824,145,100-150,401,100,145,145,145,0,0,170,0,182,0,100,100,45,45,0,0
P0904__1024__0___0,23,<50,70,14,14,14,14,0,0,19,0,23,0,8,3,7,3,8,8
P0904__1024__31___0,23,<50,63,14,14,14,14,0,0,18,0,21,0,8,3,7,3,8,8
P0910__1024__0___0,13,<50,171,13,13,13,13,0,0,18,0,22,0,0,0,9,9,4,4
P0910__1024__0___824,14,<50,142,14,14,14,14,0,0,23,0,25,0,0,0,13,13,1,1
P0910__1024__0___880,14,<50,103,14,14,14,14,0,0,18,0,20,0,0,0,14,14,0,0
P0910__1024__1057___0,7,<50,107,6,6,6,6,0,0,10,0,17,0,0,0,3,2,4,4
P0910__1024__1057___824,12,<50,146,11,11,11,11,0,0,21,0,30,0,1,1,10,10,1,0
P0910__1024__1057___880,11,<50,96,11,11,11,11,0,0,20,0,21,0,1,1,10,10,0,0
P0910__1024__824___0,6,<50,147,5,5,5,5,0,0,9,0,14,0,0,0,3,3,3,2
P0910__1024__824___824,17,<50,129,16,16,16,16,0,0,28,0,36,0,1,1,15,15,1,0
P0910__1024__824___880,16,<50,141,16,16,16,16,0,0,27,0,28,0,1,1,15,15,0,0
P0929__1024__0___0,7,<50,69,0,0,0,0,0,0,7,0,10,0,0,0,3,0,4,0
P0929__1024__0___1648,5,<50,82,0,0,0,0,0,0,7,0,13,0,0,0,0,0,5,0
P0929__1024__0___2472,6,<50,66,0,0,0,0,0,0,4,0,10,0,0,0,2,0,4,0
P0929__1024__0___3296,6,<50,70,0,0,0,0,0,0,5,0,11,0,0,0,1,0,5,0
P0929__1024__0___4120,4,<50,45,0,0,0,0,0,0,5,0,10,0,0,0,1,0,3,0
P0929__1024__0___4944,4,<50,88,0,0,0,0,0,0,6,0,11,0,0,0,0,0,4,0
P0929__1024__0___5378,2,<50,75,0,0,0,0,0,0,4,0,6,0,0,0,0,0,2,0
P0929__1024__0___824,6,<50,71,0,0,0,0,0,0,3,0,7,0,0,0,3,0,3,0
P0932__1024__0___0,9,<50,71,9,9,9,9,0,0,14,0,17,0,0,0,0,0,9,9
P0932__1024__0___95,9,<50,87,9,9,9,9,0,0,14,0,15,0,0,0,0,0,9,9
P0932__1024__133___0,8,<50,61,8,8,8,8,0,0,11,0,14,0,0,0,0,0,8,8
P0932__1024__133___95,8,<50,59,8,8,8,8,0,0,13,0,16,0,0,0,0,0,8,8
P0936__1024__0___0,6,<50,35,5,5,5,5,0,0,7,0,7,0,3,2,0,0,3,3
P0936__1024__0___134,5,<50,24,5,5,5,5,0,0,6,0,6,0,3,3,0,0,2,2
P0936__1024__1648___0,10,<50,40,9,9,9,9,0,0,6,0,8,0,2,2,1,1,7,6
P0936__1024__1648___134,10,<50,37,9,9,9,9,0,0,7,0,8,0,2,2,1,1,7,6
P0936__1024__2216___0,11,<50,54,10,10,10,10,0,0,8,0,8,0,5,4,0,0,6,6
P0936__1024__2216___134,11,<50,47,10,10,10,10,0,0,10,0,11,0,5,4,0,0,6,6
P0936__1024__824___0,13,<50,88,12,12,12,12,0,0,6,0,11,0,7,6,0,0,6,6
P0936__1024__824___134,14,<50,77,13,13,13,13,0,0,8,0,10,0,7,6,0,0,7,7
P0945__1024__0___0,36,<50,564,31,33,33,33,0,0,37,0,65,0,14,14,18,17,4,2
P0945__1024__0___370,34,<50,448,30,33,34,34,1,0,43,0,53,0,11,11,21,21,2,1
P0945__1024__358___0,12,<50,100,10,10,10,10,0,0,13,0,14,0,1,1,8,7,3,2
P0945__1024__358___370,23,<50,186,21,21,21,21,0,0,22,0,29,0,4,3,17,17,2,1
P0949__1024__0___0,6,<50,22,6,6,6,6,0,0,6,0,6,0,0,0,3,3,3,3
P0949__1024__1648___0,5,<50,43,4,4,4,4,0,0,8,0,12,0,0,0,0,0,5,4
P0949__1024__1989___0,7,<50,48,6,6,6,6,0,0,10,0,12,0,0,0,0,0,7,6
P0949__1024__824___0,4,<50,21,4,4,4,4,0,0,5,0,5,0,0,0,0,0,4,4
P0953__1024__0___0,4,<50,44,4,4,4,4,0,0,8,0,9,0,0,0,2,2,2,2
P0953__1024__0___132,4,<50,62,4,4,4,4,0,0,7,0,10,0,0,0,2,2,2,2
P0953__1024__1648___0,3,<50,45,3,3,3,3,0,0,4,0,7,0,0,0,0,0,3,3
P0953__1024__1648___132,3,<50,33,3,3,3,3,0,0,5,0,6,0,0,0,0,0,3,3
P0953__1024__1955___0,3,<50,14,3,3,3,3,0,0,4,0,5,0,0,0,0,0,3,3
P0953__1024__1955___132,3,<50,16,3,3,3,3,0,0,4,0,5,0,0,0,0,0,3,3
P0953__1024__824___0,5,<50,57,5,5,5,5,0,0,6,0,8,0,0,0,2,2,3,3
P0953__1024__824___132,5,<50,57,5,5,5,5,0,0,6,0,7,0,0,0,2,2,3,3
P0961__1024__0___0,8,<50,62,8,8,8,8,0,0,10,0,13,0,0,0,2,2,6,6
P0961__1024__0___87,8,<50,86,8,8,8,8,0,0,10,0,14,0,0,0,2,2,6,6
P0961__1024__1648___0,7,<50,39,7,7,7,7,0,0,8,0,9,0,0,0,4,4,3,3
P0961__1024__1648___87,8,<50,44,8,8,8,8,0,0,9,0,10,0,0,0,4,4,4,4
P0961__1024__2472___0,8,<50,35,8,8,8,8,0,0,12,0,15,0,0,0,1,1,7,7
P0961__1024__2472___87,8,<50,58,8,8,8,8,0,0,13,0,15,0,0,0,1,1,7,7
P0961__1024__3296___0,8,<50,70,8,8,8,8,0,0,10,0,13,0,0,0,4,4,4,4
P0961__1024__3296___87,8,<50,53,8,8,8,8,0,0,10,0,15,0,0,0,4,4,4,4
P0961__1024__4120___0,17,<50,120,17,17,17,17,0,0,22,0,23,0,0,0,17,17,0,0
P0961__1024__4120___87,17,<50,116,17,17,17,17,0,0,19,0,19,0,0,0,17,17,0,0
P0961__1024__4944___0,10,<50,60,10,10,10,10,0,0,10,0,14,0,0,0,10,10,0,0
P0961__1024__4944___87,10,<50,64,10,10,10,10,0,0,11,0,12,0,0,0,10,10,0,0
P0961__1024__5055___0,8,<50,59,8,8,8,8,0,0,9,0,11,0,0,0,8,8,0,0
P0961__1024__5055___87,8,<50,62,8,8,8,8,0,0,9,0,10,0,0,0,8,8,0,0
P0961__1024__824___0,7,<50,59,7,7,7,7,0,0,8,0,12,0,0,0,5,5,2,2
P0961__1024__824___87,7,<50,63,7,7,7,7,0,0,8,0,12,0,0,0,5,5,2,2
P0962__1024__0___0,5,<50,35,3,3,3,3,0,0,6,0,7,0,0,0,0,0,5,3
P0962__1024__1470___0,6,<50,47,5,5,5,5,0,0,8,0,10,0,0,0,0,0,6,5
P0962__1024__824___0,3,<50,8,0,0,0,0,0,0,4,0,5,0,0,0,0,0,3,0
P0964__1024__0___0,2,<50,52,2,2,2,2,0,0,3,0,4,0,0,0,0,0,2,2
P0964__1024__0___127,3,<50,49,3,3,3,3,0,0,3,0,3,0,0,0,1,1,2,2
P0964__1024__1648___0,3,<50,85,3,3,3,3,0,0,3,0,4,0,0,0,0,0,3,3
P0964__1024__1648___127,4,<50,99,4,4,4,4,0,0,4,0,4,0,0,0,1,1,3,3
P0964__1024__2472___0,6,<50,59,6,6,6,6,0,0,7,0,7,0,1,1,0,0,5,5
P0964__1024__2472___127,8,<50,82,8,8,8,8,0,0,9,0,12,0,1,1,2,2,5,5
P0964__1024__2474___0,6,<50,60,6,6,6,6,0,0,7,0,8,0,1,1,0,0,5,5
P0964__1024__2474___127,8,<50,69,8,8,8,8,0,0,8,0,10,0,1,1,2,2,5,5
P0964__1024__824___0,5,<50,49,5,5,5,5,0,0,5,0,7,0,0,0,0,0,5,5
P0964__1024__824___127,8,<50,56,8,8,8,8,0,0,8,0,9,0,0,0,3,3,5,5
P0968__1024__0___0,6,<50,66,4,4,4,4,0,0,8,0,10,0,0,0,2,0,4,4
P0968__1024__1209___0,3,<50,19,3,3,3,3,0,0,5,0,7,0,0,0,0,0,3,3
P0968__1024__824___0,5,<50,25,3,3,3,3,0,0,7,0,7,0,0,0,0,0,5,3
P0969__1024__0___0,43,<50,133,0,0,0,0,0,0,49,0,50,0,0,0,43,0,0,0
P0970__1024__0___0,5,<50,27,5,5,5,5,0,0,8,0,8,0,0,0,0,0,5,5
P0970__1024__0___116,7,<50,35,7,7,7,7,0,0,9,0,10,0,0,0,2,2,5,5
P0970__1024__1648___0,5,<50,35,4,4,4,4,0,0,7,0,7,0,0,0,1,0,4,4
P0970__1024__1648___116,5,<50,32,5,5,5,5,0,0,6,0,7,0,0,0,1,1,4,4
P0970__1024__2472___0,4,<50,22,4,4,4,4,0,0,4,0,4,0,0,0,0,0,4,4
P0970__1024__2472___116,4,<50,23,4,4,4,4,0,0,4,0,4,0,0,0,0,0,4,4
P0970__1024__3251___0,2,<50,26,2,2,2,2,0,0,2,0,4,0,0,0,0,0,2,2
P0970__1024__3251___116,3,<50,27,3,3,3,3,0,0,3,0,3,0,0,0,1,1,2,2
P0970__1024__824___0,6,<50,34,6,6,6,6,0,0,7,0,8,0,0,0,0,0,6,6
P0970__1024__824___116,6,<50,41,6,6,6,6,0,0,8,0,10,0,0,0,0,0,6,6
P0974__1024__0___0,4,<50,31,4,4,4,4,0,0,4,0,4,0,0,0,0,0,4,4
P0974__1024__0___130,4,<50,28,4,4,4,4,0,0,4,0,4,0,0,0,0,0,4,4
P0974__1024__1433___0,2,<50,53,2,2,2,2,0,0,5,0,7,0,0,0,0,0,2,2
P0974__1024__1433___130,2,<50,67,2,2,2,2,0,0,4,0,6,0,0,0,0,0,2,2
P0974__1024__824___0,2,<50,59,2,2,2,2,0,0,2,0,3,0,0,0,0,0,2,2
P0974__1024__824___130,2,<50,56,2,2,2,2,0,0,3,0,5,0,0,0,0,0,2,2
P0977__1024__0___0,6,<50,47,6,6,6,6,0,0,6,0,7,0,0,0,2,2,4,4
P0977__1024__0___1193,7,<50,73,7,7,7,7,0,0,6,0,10,0,0,0,6,6,1,1
P0977__1024__0___824,8,<50,54,8,8,8,8,0,0,7,0,8,0,0,0,5,5,3,3
P0977__1024__1029___1193,9,<50,65,9,9,9,9,0,0,11,0,13,0,0,0,3,3,6,6
P0977__1024__1029___824,5,<50,70,5,5,5,5,0,0,9,0,11,0,0,0,2,2,3,3
P0977__1024__824___1193,13,<50,61,13,13,13,13,0,0,12,0,15,0,0,0,5,5,8,8
P0977__1024__824___824,7,<50,83,7,7,7,7,0,0,8,0,10,0,0,0,2,2,5,5
P0989__1024__0___0,16,<50,91,16,16,16,16,0,0,12,0,13,0,4,4,7,7,5,5
P0989__1024__0___597,18,<50,136,18,18,18,18,0,0,14,0,21,0,6,6,3,3,9,9
P0989__1024__74___0,15,<50,88,15,15,15,15,0,0,15,0,19,0,3,3,7,7,5,5
P0989__1024__74___597,17,<50,112,17,17,17,17,0,0,15,0,21,0,5,5,3,3,9,9
P0990__1024__0___0,8,<50,97,7,7,7,7,0,0,10,0,12,0,1,1,6,5,1,1
P0990__1024__0___824,7,<50,127,7,7,7,7,0,0,7,0,12,0,1,1,6,6,0,0
P0990__1024__1281___0,6,<50,39,6,6,6,6,0,0,6,0,7,0,1,1,5,5,0,0
P0990__1024__1281___1204,6,<50,33,6,6,6,6,0,0,9,0,10,0,0,0,1,1,5,5
P0990__1024__1281___824,7,<50,84,7,7,7,7,0,0,9,0,12,0,0,0,3,3,4,4
P0990__1024__824___0,8,<50,42,8,8,8,8,0,0,8,0,8,0,0,0,8,8,0,0
P0990__1024__824___1204,7,<50,75,6,6,6,6,0,0,11,0,13,0,0,0,2,2,5,4
P0990__1024__824___824,5,<50,97,5,5,5,5,0,0,9,0,11,0,1,1,0,0,4,4
P0998__1024__0___0,3,<50,62,3,3,3,3,0,0,4,0,4,0,0,0,0,0,3,3
P0998__1024__0___312,2,<50,61,2,2,2,2,0,0,3,0,3,0,0,0,0,0,2,2
P0998__1024__1648___0,4,<50,36,4,4,4,4,0,0,5,0,6,0,0,0,0,0,4,4
P0998__1024__1648___312,4,<50,34,4,4,4,4,0,0,5,0,6,0,0,0,0,0,4,4
P0998__1024__2472___0,5,<50,46,5,5,5,5,0,0,6,0,8,0,0,0,0,0,5,5
P0998__1024__2472___312,5,<50,33,5,5,5,5,0,0,7,0,10,0,0,0,0,0,5,5
P0998__1024__3296___0,2,<50,64,1,1,1,1,0,0,7,0,7,0,0,0,0,0,2,1
P0998__1024__3296___312,3,<50,86,3,3,3,3,0,0,5,0,7,0,0,0,0,0,3,3
P0998__1024__4120___312,6,<50,77,6,6,6,6,0,0,8,0,10,0,0,0,0,0,6,6
P0998__1024__4755___312,5,<50,82,5,5,5,5,0,0,6,0,9,0,0,0,0,0,5,5
P0998__1024__824___0,5,<50,131,5,5,5,5,0,0,7,0,10,0,0,0,0,0,5,5
P0998__1024__824___312,5,<50,75,5,5,5,5,0,0,7,0,11,0,0,0,0,0,5,5
P1005__1024__0___0,5,<50,109,5,5,5,5,0,0,8,0,11,0,0,0,5,5,0,0
P1005__1024__0___314,5,<50,55,5,5,5,5,0,0,6,0,8,0,0,0,5,5,0,0
P1005__1024__1648___0,8,<50,84,7,7,7,7,0,0,10,0,13,0,0,0,8,7,0,0
P1005__1024__1648___314,4,<50,37,4,4,4,4,0,0,5,0,8,0,0,0,4,4,0,0
P1005__1024__2472___0,5,<50,62,4,4,4,4,0,0,4,0,7,0,0,0,5,4,0,0
P1005__1024__2472___314,8,<50,93,7,7,7,7,0,0,7,0,10,0,0,0,8,7,0,0
P1005__1024__3296___314,7,<50,56,7,7,7,7,0,0,8,0,8,0,0,0,7,7,0,0
P1005__1024__4120___314,1,<50,125,1,1,1,1,0,0,2,0,3,0,0,0,1,1,0,0
P1005__1024__824___0,7,<50,60,7,7,7,7,0,0,8,0,10,0,0,0,7,7,0,0
P1005__1024__824___314,4,<50,70,4,4,4,4,0,0,6,0,6,0,0,0,4,4,0,0
P1007__1024__0___0,5,<50,76,5,5,5,5,0,0,7,0,11,0,0,0,2,2,3,3
P1007__1024__0___238,1,<50,105,1,1,1,1,0,0,5,0,8,0,0,0,1,1,0,0
P1007__1024__1648___0,8,<50,66,7,7,7,7,0,0,9,0,13,0,0,0,2,2,6,5
P1007__1024__1648___238,8,<50,52,8,8,8,8,0,0,10,0,11,0,0,0,2,2,6,6
P1007__1024__2472___0,4,<50,76,4,4,4,4,0,0,6,0,8,0,0,0,2,2,2,2
P1007__1024__2472___238,11,<50,97,11,11,11,11,0,0,13,0,16,0,0,0,6,6,5,5
P1007__1024__3296___0,1,<50,71,1,1,1,1,0,0,10,0,11,0,0,0,1,1,0,0
P1007__1024__3296___238,12,<50,105,12,12,12,12,0,0,13,0,15,0,0,0,6,6,6,6
P1007__1024__4120___0,7,<50,83,7,7,7,7,0,0,9,0,13,0,1,1,1,1,5,5
P1007__1024__4120___238,10,<50,82,10,10,10,10,0,0,9,0,13,0,1,1,2,2,7,7
P1007__1024__4944___0,11,<50,136,11,11,11,11,0,0,15,0,19,0,1,1,8,8,2,2
P1007__1024__4944___238,11,<50,149,11,11,11,11,0,0,12,0,17,0,1,1,8,8,2,2
P1007__1024__5768___0,10,<50,107,10,10,10,10,0,0,9,0,12,0,0,0,8,8,2,2
P1007__1024__5768___238,10,<50,92,10,10,10,10,0,0,9,0,14,0,0,0,8,8,2,2
P1007__1024__6592___0,4,<50,79,4,4,4,4,0,0,6,0,10,0,0,0,4,4,0,0
P1007__1024__6592___238,12,<50,97,12,12,12,12,0,0,11,0,15,0,0,0,12,12,0,0
P1007__1024__7329___238,5,<50,40,5,5,5,5,0,0,5,0,6,0,0,0,5,5,0,0
P1007__1024__824___0,9,<50,88,8,8,8,8,0,0,9,0,16,0,0,0,0,0,9,8
P1007__1024__824___238,7,<50,126,6,6,6,6,0,0,11,0,16,0,0,0,0,0,7,6
P1009__1024__0___0,62,50-100,490,54,57,57,57,0,0,68,0,84,0,42,41,20,16,0,0
P1009__1024__0___352,46,<50,348,41,42,42,42,0,0,55,0,63,0,29,28,17,14,0,0
P1009__1024__1648___0,65,50-100,668,58,62,64,64,2,0,74,0,100,0,25,25,40,37,0,0
P1009__1024__1648___352,47,<50,457,44,45,46,46,1,0,54,0,70,0,26,26,21,19,0,0
P1009__1024__2472___0,72,50-100,592,66,68,69,69,1,0,78,0,100,0,20,19,52,49,0,0
P1009__1024__2472___352,49,<50,409,46,47,47,47,0,0,56,0,71,0,18,18,31,29,0,0
P1009__1024__2943___0,63,50-100,424,59,61,61,61,0,0,71,0,87,0,16,15,47,46,0,0
P1009__1024__2943___352,39,<50,337,38,38,38,38,0,0,44,0,53,0,13,13,26,25,0,0
P1009__1024__824___0,60,50-100,544,56,57,59,59,2,0,71,0,91,0,25,25,35,32,0,0
P1009__1024__824___352,46,<50,326,46,46,46,46,0,0,48,0,62,0,23,23,23,23,0,0
P1014__1024__0___0,56,50-100,392,53,54,55,55,1,0,62,0,79,0,44,43,12,11,0,0
P1014__1024__0___824,66,50-100,471,54,60,61,61,1,0,73,0,84,0,55,50,11,10,0,0
P1014__1024__0___895,62,50-100,409,53,58,59,59,1,0,68,0,81,0,53,49,9,9,0,0
P1014__1024__1044___0,59,50-100,560,52,55,57,57,2,0,73,0,89,0,55,51,4,4,0,0
P1014__1024__1044___824,60,50-100,443,50,54,54,54,0,0,68,0,81,0,52,47,8,7,0,0
P1014__1024__1044___895,55,50-100,422,46,52,52,52,0,0,64,0,77,0,47,44,8,8,0,0
P1014__1024__824___0,74,50-100,682,64,70,72,72,2,0,84,0,92,0,67,64,7,6,0,0
P1014__1024__824___824,72,50-100,507,59,63,67,67,4,0,79,0,93,0,63,56,9,7,0,0
P1014__1024__824___895,66,50-100,469,54,60,63,63,3,0,71,0,80,0,57,52,9,8,0,0
P1021__1024__0___0,11,<50,60,0,0,0,0,0,0,10,0,12,0,0,0,0,0,11,0
P1021__1024__678___0,8,<50,40,0,0,0,0,0,0,10,0,13,0,0,0,0,0,8,0
P1022__1024__0___0,4,<50,37,4,4,4,4,0,0,6,0,6,0,0,0,1,1,3,3
P1022__1024__0___79,4,<50,35,4,4,4,4,0,0,5,0,7,0,0,0,1,1,3,3
P1022__1024__1648___0,3,<50,24,2,2,2,2,0,0,3,0,5,0,0,0,0,0,3,2
P1022__1024__1648___79,3,<50,31,2,2,2,2,0,0,2,0,4,0,0,0,0,0,3,2
P1022__1024__1680___0,3,<50,16,2,2,2,2,0,0,2,0,3,0,0,0,0,0,3,2
P1022__1024__1680___79,3,<50,26,2,2,2,2,0,0,1,0,3,0,0,0,0,0,3,2
P1022__1024__824___0,7,<50,71,6,6,6,6,0,0,9,0,10,0,0,0,0,0,7,6
P1022__1024__824___79,7,<50,58,7,7,7,7,0,0,7,0,7,0,0,0,0,0,7,7
P1023__1024__0___0,6,<50,35,6,6,6,6,0,0,8,0,9,0,0,0,0,0,6,6
P1023__1024__0___56,6,<50,39,6,6,6,6,0,0,6,0,10,0,0,0,0,0,6,6
P1023__1024__1648___0,8,<50,51,8,8,8,8,0,0,11,0,14,0,0,0,1,1,7,7
P1023__1024__1648___56,8,<50,42,8,8,8,8,0,0,10,0,13,0,0,0,1,1,7,7
P1023__1024__2472___0,4,<50,60,4,4,4,4,0,0,6,0,6,0,0,0,2,2,2,2
P1023__1024__2472___56,4,<50,57,4,4,4,4,0,0,6,0,6,0,0,0,2,2,2,2
P1023__1024__2717___0,4,<50,62,4,4,4,4,0,0,6,0,7,0,0,0,1,1,3,3
P1023__1024__2717___56,4,<50,46,4,4,4,4,0,0,5,0,7,0,0,0,1,1,3,3
P1023__1024__824___0,7,<50,58,7,7,7,7,0,0,11,0,14,0,0,0,0,0,7,7
P1023__1024__824___56,7,<50,57,7,7,7,7,0,0,7,0,10,0,0,0,0,0,7,7
P1029__1024__0___638,9,<50,90,9,9,9,9,0,0,11,0,13,0,0,0,8,8,1,1
P1029__1024__1598___0,12,<50,93,12,12,12,12,0,0,15,0,16,0,0,0,1,1,11,11
P1029__1024__1598___638,4,<50,118,4,4,4,4,0,0,14,0,19,0,0,0,1,1,3,3
P1029__1024__824___0,7,<50,106,7,7,7,7,0,0,11,0,13,0,0,0,4,4,3,3
P1029__1024__824___638,16,<50,109,15,15,15,15,0,0,19,0,21,0,0,0,14,13,2,2
P1030__1024__0___0,20,<50,181,20,20,20,20,0,0,27,0,34,0,0,0,20,20,0,0
P1030__1024__0___343,16,<50,132,16,16,16,16,0,0,25,0,31,0,0,0,16,16,0,0
P1030__1024__1648___0,26,<50,125,26,26,26,26,0,0,25,0,31,0,1,1,23,23,2,2
P1030__1024__1648___343,18,<50,102,18,18,18,18,0,0,18,0,19,0,0,0,18,18,0,0
P1030__1024__2472___0,15,<50,73,15,15,15,15,0,0,16,0,18,0,0,0,15,15,0,0
P1030__1024__2472___343,12,<50,115,12,12,12,12,0,0,17,0,20,0,0,0,12,12,0,0
P1030__1024__2940___0,12,<50,59,12,12,12,12,0,0,12,0,13,0,0,0,12,12,0,0
P1030__1024__2940___343,6,<50,141,6,6,6,6,0,0,9,0,14,0,0,0,6,6,0,0
P1030__1024__824___0,21,<50,109,21,21,21,21,0,0,24,0,26,0,0,0,21,21,0,0
P1030__1024__824___343,20,<50,99,20,20,20,20,0,0,24,0,26,0,0,0,20,20,0,0
P1051__1024__0___0,92,50-100,237,9,10,10,10,0,0,106,0,109,0,1,0,84,6,7,4
P1051__1024__434___0,25,<50,108,1,1,1,1,0,0,28,0,30,0,0,0,18,0,7,1
P1065__1024__0___0,2,<50,98,2,2,2,2,0,0,3,0,8,0,0,0,2,2,0,0
P1065__1024__0___824,7,<50,59,7,7,7,7,0,0,8,0,13,0,0,0,5,5,2,2
P1065__1024__1648___0,8,<50,202,7,8,8,8,0,0,8,0,12,0,0,0,7,7,1,1
P1065__1024__1648___1513,4,<50,66,4,4,4,4,0,0,6,0,7,0,0,0,0,0,4,4
P1065__1024__1648___824,8,<50,130,8,8,8,8,0,0,11,0,12,0,0,0,4,4,4,4
P1065__1024__2472___1513,12,<50,134,12,12,12,12,0,0,15,0,21,0,1,1,2,2,9,9
P1065__1024__2472___824,5,<50,124,5,5,5,5,0,0,5,0,9,0,0,0,2,2,3,3
P1065__1024__3296___1513,8,<50,109,7,7,7,7,0,0,8,0,10,0,0,0,1,1,7,6
P1065__1024__3296___824,3,<50,70,3,3,3,3,0,0,3,0,6,0,1,1,0,0,2,2
P1065__1024__3314___1513,7,<50,91,7,7,7,7,0,0,7,0,9,0,0,0,1,1,6,6
P1065__1024__3314___824,3,<50,68,3,3,3,3,0,0,4,0,6,0,1,1,0,0,2,2
P1065__1024__824___0,7,<50,232,7,7,7,7,0,0,17,0,25,0,1,1,6,6,0,0
P1065__1024__824___824,6,<50,46,6,6,6,6,0,0,7,0,9,0,0,0,5,5,1,1
P1066__1024__0___1648,5,<50,81,5,5,5,5,0,0,10,0,14,0,0,0,1,1,4,4
P1066__1024__0___2156,5,<50,49,5,5,5,5,0,0,6,0,10,0,0,0,1,1,4,4
P1066__1024__0___824,2,<50,66,2,2,2,2,0,0,3,0,5,0,0,0,1,1,1,1
P1066__1024__675___0,6,<50,137,6,6,6,6,0,0,10,0,12,0,0,0,2,2,4,4
P1066__1024__675___1648,6,<50,76,6,6,6,6,0,0,5,0,7,0,0,0,3,3,3,3
P1066__1024__675___2156,2,<50,113,2,2,2,2,0,0,1,0,7,0,0,0,1,1,1,1
P1066__1024__675___824,8,<50,62,8,8,8,8,0,0,7,0,12,0,0,0,3,3,5,5
P1075__1024__0___0,6,<50,129,6,6,6,6,0,0,11,0,15,0,2,2,2,2,2,2
P1075__1024__0___1648,154,150-300,706,96,154,154,154,0,0,201,0,217,0,136,136,11,11,7,7
P1075__1024__0___2446,49,<50,292,49,49,49,49,0,0,67,0,75,0,40,40,5,5,4,4
P1075__1024__0___824,16,<50,269,16,16,16,16,0,0,26,0,33,0,7,7,6,6,3,3
P1075__1024__1139___0,39,<50,422,39,39,39,39,0,0,54,0,66,0,18,18,15,15,6,6
P1075__1024__1139___2446,11,<50,203,10,11,11,11,0,0,17,0,22,0,0,0,5,5,6,6
P1075__1024__1139___824,12,<50,136,12,12,12,12,0,0,18,0,20,0,9,9,2,2,1,1
P1075__1024__824___0,63,50-100,459,61,63,63,63,0,0,80,0,96,0,25,25,29,29,9,9
P1075__1024__824___1648,11,<50,158,11,11,11,11,0,0,12,0,15,0,0,0,11,11,0,0
P1075__1024__824___2446,11,<50,230,10,10,10,10,0,0,13,0,23,0,0,0,5,4,6,6
P1075__1024__824___824,24,<50,321,24,24,24,24,0,0,34,0,44,0,14,14,7,7,3,3
P1086__1024__0___0,10,<50,25,3,3,3,3,0,0,10,0,10,0,0,0,0,0,10,3
P1086__1024__0___47,10,<50,24,2,2,2,2,0,0,11,0,12,0,0,0,0,0,10,2
P1088__1024__0___0,27,<50,77,27,27,27,27,0,0,27,0,30,0,7,7,18,18,2,2
P1088__1024__0___824,6,<50,32,6,6,6,6,0,0,7,0,9,0,1,1,1,1,4,4
P1088__1024__0___879,4,<50,62,4,4,4,4,0,0,6,0,9,0,1,1,0,0,3,3
P1088__1024__575___0,10,<50,18,10,10,10,10,0,0,12,0,12,0,0,0,9,9,1,1
P1088__1024__575___824,3,<50,23,3,3,3,3,0,0,4,0,4,0,0,0,0,0,3,3
P1088__1024__575___879,3,<50,36,3,3,3,3,0,0,5,0,5,0,0,0,0,0,3,3
P1090__1024__0___0,8,<50,60,8,8,8,8,0,0,12,0,16,0,0,0,8,8,0,0
P1090__1024__0___376,55,50-100,118,55,55,55,55,0,0,71,0,74,0,0,0,51,51,4,4
P1090__1024__1149___0,55,50-100,202,54,55,55,55,0,0,89,0,97,0,5,5,45,45,5,5
P1090__1024__1149___376,43,<50,182,43,43,43,43,0,0,67,0,77,0,4,4,36,36,3,3
P1090__1024__824___0,68,50-100,236,67,68,68,68,0,0,103,0,108,0,6,6,57,57,5,5
P1090__1024__824___376,65,50-100,189,65,65,65,65,0,0,87,0,96,0,5,5,55,55,5,5
P1091__1024__0___0,37,<50,195,4,4,4,4,0,0,49,0,69,0,0,0,37,4,0,0
P1095__1024__0___1154,5,<50,39,3,3,3,3,0,0,4,0,4,0,0,0,2,0,3,3
P1095__1024__0___824,6,<50,33,4,4,4,4,0,0,6,0,6,0,0,0,2,0,4,4
P1095__1024__1648___0,6,<50,31,6,6,6,6,0,0,6,0,6,0,0,0,3,3,3,3
P1095__1024__2472___0,9,<50,52,9,9,9,9,0,0,9,0,12,0,0,0,9,9,0,0
P1095__1024__3296___0,7,<50,59,7,7,7,7,0,0,7,0,9,0,0,0,6,6,1,1
P1095__1024__4120___0,7,<50,35,7,7,7,7,0,0,7,0,7,0,0,0,7,7,0,0
P1095__1024__4120___1154,4,<50,72,3,3,3,3,0,0,4,0,6,0,1,0,3,3,0,0
P1095__1024__4120___824,5,<50,53,4,4,4,4,0,0,5,0,6,0,1,0,4,4,0,0
P1095__1024__4417___0,6,<50,31,6,6,6,6,0,0,6,0,6,0,0,0,6,6,0,0
P1095__1024__4417___1154,4,<50,65,4,4,4,4,0,0,4,0,5,0,1,1,3,3,0,0
P1095__1024__4417___824,5,<50,45,5,5,5,5,0,0,6,0,6,0,1,1,4,4,0,0
P1095__1024__824___0,6,<50,89,6,6,6,6,0,0,10,0,10,0,0,0,3,3,3,3
P1095__1024__824___824,3,<50,67,3,3,3,3,0,0,5,0,8,0,0,0,1,1,2,2
P1099__1024__0___0,10,<50,42,1,1,1,1,0,0,11,0,12,0,0,0,3,0,7,1
P1099__1024__0___40,10,<50,63,1,1,1,1,0,0,12,0,13,0,0,0,3,0,7,1
P1101__1024__0___0,8,<50,22,1,1,1,1,0,0,8,0,9,0,0,0,2,0,6,1
P1103__1024__0___0,21,<50,62,21,21,21,21,0,0,20,0,21,0,0,0,15,15,6,6
P1103__1024__0___558,18,<50,98,18,18,18,18,0,0,20,0,22,0,2,2,9,9,7,7
P1103__1024__101___0,20,<50,57,20,20,20,20,0,0,21,0,21,0,0,0,15,15,5,5
P1103__1024__101___558,12,<50,85,12,12,12,12,0,0,17,0,19,0,0,0,7,7,5,5
P1122__1024__0___0,1,<50,4,1,1,1,1,0,0,1,0,1,0,0,0,0,0,1,1
P1122__1024__0___1648,1,<50,4,1,1,1,1,0,0,1,0,1,0,0,0,0,0,1,1
P1122__1024__0___824,2,<50,6,2,2,2,2,0,0,2,0,2,0,0,0,0,0,2,2
P1122__1024__1648___0,2,<50,31,2,2,2,2,0,0,2,0,2,0,0,0,0,0,2,2
P1122__1024__2472___0,1,<50,42,1,1,1,1,0,0,1,0,1,0,0,0,0,0,1,1
P1122__1024__2472___824,1,<50,22,1,1,1,1,0,0,1,0,1,0,0,0,0,0,1,1
P1122__1024__3296___0,2,<50,29,2,2,2,2,0,0,2,0,2,0,0,0,0,0,2,2
P1122__1024__3296___1648,2,<50,12,2,2,2,2,0,0,2,0,2,0,0,0,0,0,2,2
P1122__1024__3296___2048,2,<50,7,2,2,2,2,0,0,2,0,2,0,0,0,0,0,2,2
P1122__1024__3296___824,1,<50,12,1,1,1,1,0,0,2,0,2,0,0,0,0,0,1,1
P1122__1024__4120___0,2,<50,42,2,2,2,2,0,0,2,0,2,0,0,0,0,0,2,2
P1122__1024__4120___1648,1,<50,10,1,1,1,1,0,0,3,0,3,0,0,0,0,0,1,1
P1122__1024__4120___2048,1,<50,7,1,1,1,1,0,0,2,0,2,0,0,0,0,0,1,1
P1122__1024__4944___0,1,<50,23,1,1,1,1,0,0,1,0,1,0,0,0,0,0,1,1
P1122__1024__4944___1648,1,<50,6,1,1,1,1,0,0,1,0,1,0,0,0,0,0,1,1
P1122__1024__4944___2048,1,<50,5,1,1,1,1,0,0,1,0,1,0,0,0,0,0,1,1
P1122__1024__4944___824,1,<50,8,1,1,1,1,0,0,1,0,1,0,0,0,0,0,1,1
P1122__1024__5768___824,1,<50,9,1,1,1,1,0,0,1,0,1,0,0,0,0,0,1,1
P1122__1024__5888___824,1,<50,3,1,1,1,1,0,0,1,0,1,0,0,0,0,0,1,1
P1122__1024__824___0,1,<50,20,1,1,1,1,0,0,1,0,1,0,0,0,0,0,1,1
P1128__1024__0___0,2,<50,3,2,2,2,2,0,0,2,0,2,0,0,0,0,0,2,2
P1128__1024__0___256,2,<50,4,2,2,2,2,0,0,2,0,2,0,0,0,0,0,2,2
P1128__1024__768___0,1,<50,9,1,1,1,1,0,0,2,0,2,0,0,0,0,0,1,1
P1128__1024__768___256,1,<50,15,1,1,1,1,0,0,2,0,3,0,0,0,0,0,1,1
P1133__1024__0___0,2,<50,2,2,2,2,2,0,0,2,0,2,0,0,0,0,0,2,2
P1133__1024__0___73,2,<50,4,2,2,2,2,0,0,2,0,2,0,0,0,0,0,2,2
P1133__1024__14___0,2,<50,3,2,2,2,2,0,0,2,0,2,0,0,0,0,0,2,2
P1133__1024__14___73,2,<50,3,2,2,2,2,0,0,2,0,2,0,0,0,0,0,2,2
P1134__1024__0___0,1,<50,3,1,1,1,1,0,0,2,0,2,0,0,0,0,0,1,1
P1134__1024__1053___1172,1,<50,1,1,1,1,1,0,0,1,0,1,0,0,0,0,0,1,1
P1134__1024__1053___824,1,<50,2,1,1,1,1,0,0,1,0,1,0,0,0,0,0,1,1
P1134__1024__824___1172,1,<50,2,1,1,1,1,0,0,1,0,1,0,0,0,0,0,1,1
P1134__1024__824___824,1,<50,2,1,1,1,1,0,0,1,0,1,0,0,0,0,0,1,1
P1137__1024__0___0,3,<50,8,0,0,0,0,0,0,3,0,3,0,0,0,0,0,3,0
P1138__1024__0___0,1,<50,6,1,1,1,1,0,0,1,0,1,0,0,0,0,0,1,1
P1138__1024__0___256,1,<50,14,1,1,1,1,0,0,1,0,1,0,0,0,0,0,1,1
P1138__1024__1354___0,1,<50,1,1,1,1,1,0,0,1,0,1,0,0,0,0,0,1,1
P1138__1024__1354___256,1,<50,3,1,1,1,1,0,0,1,0,1,0,0,0,0,0,1,1
P1143__1024__0___1648,2,<50,7,2,2,2,2,0,0,2,0,2,0,0,0,0,0,2,2
P1143__1024__0___2472,1,<50,25,1,1,1,1,0,0,1,0,1,0,0,0,0,0,1,1
P1143__1024__0___4120,1,<50,4,1,1,1,1,0,0,1,0,1,0,0,0,0,0,1,1
P1143__1024__0___4314,1,<50,1,1,1,1,1,0,0,1,0,1,0,0,0,0,0,1,1
P1143__1024__1648___824,2,<50,20,2,2,2,2,0,0,2,0,2,0,0,0,0,0,2,2
P1143__1024__2472___4120,1,<50,9,1,1,1,1,0,0,1,0,1,0,0,0,0,0,1,1
P1143__1024__2472___4314,1,<50,12,1,1,1,1,0,0,1,0,1,0,0,0,0,0,1,1
P1143__1024__3296___0,2,<50,37,2,2,2,2,0,0,3,0,3,0,0,0,0,0,2,2
P1143__1024__3296___4120,2,<50,4,2,2,2,2,0,0,2,0,2,0,0,0,0,0,2,2
P1143__1024__3296___4314,1,<50,5,1,1,1,1,0,0,2,0,2,0,0,0,0,0,1,1
P1143__1024__3296___824,1,<50,15,1,1,1,1,0,0,2,0,2,0,0,0,0,0,1,1
P1143__1024__4120___0,2,<50,19,2,2,2,2,0,0,2,0,2,0,0,0,0,0,2,2
P1143__1024__4120___1648,2,<50,12,2,2,2,2,0,0,4,0,4,0,0,0,0,0,2,2
P1143__1024__4120___2472,2,<50,12,2,2,2,2,0,0,2,0,2,0,0,0,0,0,2,2
P1143__1024__4120___824,1,<50,41,1,1,1,1,0,0,2,0,2,0,0,0,0,0,1,1
P1143__1024__4814___2472,1,<50,5,1,1,1,1,0,0,1,0,1,0,0,0,0,0,1,1
P1143__1024__4814___824,1,<50,24,1,1,1,1,0,0,1,0,2,0,0,0,0,0,1,1
P1143__1024__824___1648,1,<50,7,1,1,1,1,0,0,0,0,0,0,0,0,0,0,1,1
P1143__1024__824___824,2,<50,3,2,2,2,2,0,0,3,0,3,0,0,0,0,0,2,2
P1147__1024__0___0,1,<50,20,1,1,1,1,0,0,1,0,2,0,0,0,0,0,1,1
P1147__1024__0___1648,1,<50,5,1,1,1,1,0,0,2,0,2,0,0,0,0,0,1,1
P1147__1024__0___2472,1,<50,25,1,1,1,1,0,0,3,0,3,0,0,0,0,0,1,1
P1147__1024__1648___3296,1,<50,16,1,1,1,1,0,0,2,0,2,0,0,0,0,0,1,1
P1147__1024__1648___824,1,<50,8,1,1,1,1,0,0,1,0,1,0,0,0,0,0,1,1
P1147__1024__2472___3296,1,<50,6,1,1,1,1,0,0,1,0,1,0,0,0,0,0,1,1
P1147__1024__2472___4120,1,<50,8,0,0,0,0,0,0,2,0,2,0,0,0,0,0,1,0
P1147__1024__2472___4944,1,<50,17,1,1,1,1,0,0,1,0,1,0,0,0,0,0,1,1
P1147__1024__3296___4944,1,<50,5,1,1,1,1,0,0,1,0,1,0,0,0,0,0,1,1
P1147__1024__3648___4944,1,<50,3,1,1,1,1,0,0,1,0,1,0,0,0,0,0,1,1
P1147__1024__824___0,1,<50,19,1,1,1,1,0,0,1,0,3,0,0,0,0,0,1,1
P1147__1024__824___2472,1,<50,23,1,1,1,1,0,0,1,0,1,0,0,0,0,0,1,1
P1147__1024__824___824,2,<50,18,2,2,2,2,0,0,3,0,3,0,0,0,0,0,2,2
P1149__1024__0___1648,4,<50,22,4,4,4,4,0,0,1,0,2,0,0,0,0,0,4,4
P1149__1024__0___824,1,<50,20,1,1,1,1,0,0,1,0,2,0,0,0,0,0,1,1
P1149__1024__1648___0,2,<50,61,2,2,2,2,0,0,5,0,6,0,0,0,0,0,2,2
P1149__1024__1648___824,3,<50,45,3,3,3,3,0,0,3,0,4,0,0,0,0,0,3,3
P1149__1024__2097___0,3,<50,62,3,3,3,3,0,0,4,0,4,0,0,0,0,0,3,3
P1149__1024__2097___824,1,<50,34,1,1,1,1,0,0,2,0,3,0,0,0,0,0,1,1
P1149__1024__824___1648,4,<50,66,4,4,4,4,0,0,5,0,7,0,0,0,0,0,4,4
P1149__1024__824___2472,1,<50,21,1,1,1,1,0,0,2,0,2,0,0,0,0,0,1,1
P1149__1024__824___3090,2,<50,17,2,2,2,2,0,0,3,0,3,0,0,0,0,0,2,2
P1149__1024__824___824,3,<50,71,3,3,3,3,0,0,3,0,3,0,0,0,0,0,3,3
P1154__1024__0___2472,5,<50,64,5,5,5,5,0,0,7,0,9,0,0,0,0,0,5,5
P1154__1024__0___2704,5,<50,41,5,5,5,5,0,0,7,0,8,0,0,0,0,0,5,5
P1154__1024__1648___1648,3,<50,36,3,3,3,3,0,0,5,0,5,0,0,0,0,0,3,3
P1154__1024__1648___824,1,<50,58,1,1,1,1,0,0,1,0,5,0,0,0,0,0,1,1
P1154__1024__2472___0,3,<50,73,3,3,3,3,0,0,3,0,3,0,0,0,0,0,3,3
P1154__1024__2472___824,5,<50,94,5,5,5,5,0,0,6,0,10,0,0,0,0,0,5,5
P1154__1024__2772___0,3,<50,26,3,3,3,3,0,0,3,0,3,0,0,0,0,0,3,3
P1154__1024__2772___824,3,<50,73,3,3,3,3,0,0,4,0,8,0,0,0,0,0,3,3
P1154__1024__824___1648,7,<50,53,7,7,7,7,0,0,9,0,9,0,0,0,0,0,7,7
P1154__1024__824___2472,5,<50,61,5,5,5,5,0,0,6,0,11,0,0,0,0,0,5,5
P1154__1024__824___2704,2,<50,55,2,2,2,2,0,0,3,0,7,0,0,0,0,0,2,2
P1156__1024__0___1648,3,<50,39,3,3,3,3,0,0,5,0,6,0,0,0,0,0,3,3
P1156__1024__0___2040,3,<50,49,3,3,3,3,0,0,4,0,8,0,0,0,0,0,3,3
P1156__1024__1648___0,3,<50,35,3,3,3,3,0,0,4,0,4,0,0,0,0,0,3,3
P1156__1024__1648___824,4,<50,33,4,4,4,4,0,0,4,0,6,0,0,0,0,0,4,4
P1156__1024__2436___0,3,<50,23,3,3,3,3,0,0,4,0,6,0,0,0,0,0,3,3
P1156__1024__824___1648,2,<50,12,2,2,2,2,0,0,3,0,3,0,0,0,0,0,2,2
P1156__1024__824___824,2,<50,23,2,2,2,2,0,0,3,0,3,0,0,0,0,0,2,2
P1178__1024__0___2472,1,<50,17,1,1,1,1,0,0,1,0,1,0,0,0,1,1,0,0
P1178__1024__1648___3296,1,<50,4,1,1,1,1,0,0,1,0,1,0,0,0,0,0,1,1
P1178__1024__1648___3514,1,<50,2,1,1,1,1,0,0,1,0,1,0,0,0,0,0,1,1
P1178__1024__824___1648,1,<50,11,1,1,1,1,0,0,1,0,1,0,0,0,0,0,1,1
P1178__1024__824___2472,5,<50,21,5,5,5,5,0,0,5,0,5,0,0,0,3,3,2,2
P1178__1024__824___3296,3,<50,15,3,3,3,3,0,0,2,0,4,0,0,0,1,1,2,2
P1178__1024__824___3514,3,<50,14,3,3,3,3,0,0,4,0,4,0,0,0,1,1,2,2
P1178__1024__824___824,1,<50,29,1,1,1,1,0,0,1,0,1,0,0,0,0,0,1,1
P1179__1024__1648___0,1,<50,4,1,1,1,1,0,0,1,0,1,0,0,0,0,0,1,1
P1179__1024__1648___1648,28,<50,176,27,27,27,27,0,0,27,0,33,0,0,0,26,25,2,2
P1179__1024__1648___2472,3,<50,25,3,3,3,3,0,0,5,0,7,0,0,0,3,3,0,0
P1179__1024__1648___3296,2,<50,46,2,2,2,2,0,0,5,0,7,0,0,0,0,0,2,2
P1179__1024__1648___4120,2,<50,43,2,2,2,2,0,0,6,0,7,0,0,0,0,0,2,2
P1179__1024__1648___824,4,<50,61,3,3,3,3,0,0,5,0,5,0,0,0,3,2,1,1
P1179__1024__2472___4120,4,<50,19,4,4,4,4,0,0,4,0,5,0,0,0,0,0,4,4
P1179__1024__2472___824,1,<50,71,0,0,0,0,0,0,0,0,0,0,0,0,1,0,0,0
P1179__1024__3296___1648,7,<50,88,7,7,7,7,0,0,8,0,9,0,0,0,7,7,0,0
P1179__1024__3296___2472,1,<50,35,1,1,1,1,0,0,1,0,1,0,0,0,1,1,0,0
P1179__1024__3296___4120,1,<50,27,1,1,1,1,0,0,1,0,1,0,0,0,0,0,1,1
P1179__1024__3296___4944,1,<50,10,1,1,1,1,0,0,1,0,1,0,0,0,0,0,1,1
P1179__1024__3296___5484,1,<50,12,1,1,1,1,0,0,1,0,1,0,0,0,0,0,1,1
P1179__1024__4120___1648,3,<50,58,3,3,3,3,0,0,6,0,7,0,0,0,2,2,1,1
P1179__1024__4120___2472,13,<50,323,13,13,13,13,0,0,26,0,39,0,0,0,13,13,0,0
P1179__1024__4120___3296,9,<50,278,9,9,9,9,0,0,22,0,32,0,0,0,9,9,0,0
P1179__1024__4120___4120,1,<50,20,1,1,1,1,0,0,1,0,3,0,0,0,0,0,1,1
P1179__1024__4120___4944,3,<50,31,3,3,3,3,0,0,3,0,3,0,0,0,0,0,3,3
P1179__1024__4120___5484,2,<50,22,2,2,2,2,0,0,2,0,2,0,0,0,0,0,2,2
P1179__1024__4120___824,1,<50,3,1,1,1,1,0,0,1,0,1,0,0,0,0,0,1,1
P1179__1024__4944___2472,13,<50,86,13,13,13,13,0,0,16,0,19,0,0,0,13,13,0,0
P1179__1024__4944___3296,14,<50,71,14,14,14,14,0,0,15,0,20,0,0,0,12,12,2,2
P1179__1024__5611___3296,2,<50,69,2,2,2,2,0,0,4,0,4,0,0,0,0,0,2,2
P1179__1024__824___1648,39,<50,141,38,38,38,38,0,0,43,0,45,0,1,0,37,37,1,1
P1179__1024__824___2472,31,<50,104,31,31,31,31,0,0,38,0,47,0,0,0,31,31,0,0
P1179__1024__824___4120,1,<50,15,1,1,1,1,0,0,1,0,2,0,0,0,0,0,1,1
P1179__1024__824___824,2,<50,4,2,2,2,2,0,0,2,0,2,0,0,0,1,1,1,1
P1184__1024__0___4944,2,<50,11,2,2,2,2,0,0,1,0,1,0,0,0,0,0,2,2
P1184__1024__0___5200,2,<50,9,2,2,2,2,0,0,1,0,1,0,0,0,0,0,2,2
P1184__1024__1570___1648,14,<50,45,14,14,14,14,0,0,15,0,16,0,11,11,3,3,0,0
P1184__1024__1570___2472,7,<50,82,6,6,6,6,0,0,6,0,10,0,6,5,1,1,0,0
P1184__1024__1570___3296,1,<50,15,1,1,1,1,0,0,1,0,1,0,0,0,0,0,1,1
P1184__1024__1570___824,3,<50,4,3,3,3,3,0,0,3,0,3,0,0,0,3,3,0,0
P1184__1024__824___1648,7,<50,35,7,7,7,7,0,0,4,0,6,0,6,6,1,1,0,0
P1184__1024__824___2472,5,<50,57,4,4,4,4,0,0,4,0,5,0,4,3,1,1,0,0
P1184__1024__824___3296,5,<50,29,5,5,5,5,0,0,5,0,6,0,4,4,1,1,0,0
P1184__1024__824___4120,5,<50,26,5,5,5,5,0,0,5,0,5,0,4,4,1,1,0,0
P1184__1024__824___4944,1,<50,14,1,1,1,1,0,0,1,0,1,0,0,0,0,0,1,1
P1184__1024__824___5200,1,<50,16,1,1,1,1,0,0,1,0,1,0,0,0,0,0,1,1
P1184__1024__824___824,1,<50,6,1,1,1,1,0,0,0,0,0,0,0,0,0,0,1,1
P1189__1024__0___0,41,<50,53,1,1,1,1,0,0,11,0,11,0,28,1,11,0,2,0
P1210__1024__0___0,1,<50,11,1,1,1,1,0,0,0,0,0,0,0,0,1,1,0,0
P1212__1024__2976___2472,1,<50,21,1,1,1,1,0,0,1,0,1,0,0,0,1,1,0,0
P1212__1024__2976___2976,1,<50,13,1,1,1,1,0,0,1,0,1,0,0,0,1,1,0,0
P1212__1024__824___1648,1,<50,7,1,1,1,1,0,0,1,0,1,0,1,1,0,0,0,0
P1213__1024__3296___1648,1,<50,8,1,1,1,1,0,0,1,0,1,0,1,1,0,0,0,0
P1213__1024__824___2472,1,<50,1,1,1,1,1,0,0,1,0,1,0,1,1,0,0,0,0
P1213__1024__824___2976,1,<50,1,1,1,1,1,0,0,1,0,1,0,1,1,0,0,0,0
P1219__1024__0___1648,1,<50,45,1,1,1,1,0,0,0,0,0,0,0,0,1,1,0,0
P1219__1024__824___1648,1,<50,21,1,1,1,1,0,0,0,0,1,0,0,0,1,1,0,0
P1225__1024__0___2472,1,<50,44,1,1,1,1,0,0,0,0,0,0,0,0,1,1,0,0
P1225__1024__0___2976,2,<50,40,2,2,2,2,0,0,1,0,2,0,1,1,1,1,0,0
P1225__1024__0___824,2,<50,35,2,2,2,2,0,0,2,0,2,0,0,0,0,0,2,2
P1225__1024__1648___0,6,<50,54,5,5,5,5,0,0,2,0,4,0,5,4,1,1,0,0
P1225__1024__1648___824,1,<50,26,1,1,1,1,0,0,2,0,2,0,0,0,1,1,0,0
P1225__1024__2472___0,1,<50,20,1,1,1,1,0,0,1,0,1,0,0,0,1,1,0,0
P1225__1024__2472___1648,1,<50,19,1,1,1,1,0,0,0,0,0,0,1,1,0,0,0,0
P1225__1024__2472___2472,1,<50,9,1,1,1,1,0,0,1,0,1,0,1,1,0,0,0,0
P1225__1024__2472___2976,1,<50,7,1,1,1,1,0,0,1,0,1,0,1,1,0,0,0,0
P1225__1024__2472___824,7,<50,29,7,7,7,7,0,0,7,0,8,0,0,0,7,7,0,0
P1225__1024__2976___1648,2,<50,37,2,2,2,2,0,0,3,0,3,0,1,1,1,1,0,0
P1225__1024__2976___824,5,<50,41,5,5,5,5,0,0,5,0,5,0,0,0,5,5,0,0
P1225__1024__824___0,3,<50,27,2,2,2,2,0,0,0,0,0,0,3,2,0,0,0,0
P1230__1024__0___1648,1,<50,44,1,1,1,1,0,0,1,0,2,0,0,0,1,1,0,0
P1230__1024__0___2472,1,<50,23,1,1,1,1,0,0,1,0,1,0,0,0,1,1,0,0
P1230__1024__1648___2976,1,<50,75,1,1,1,1,0,0,0,0,0,0,0,0,1,1,0,0
P1230__1024__2472___1648,2,<50,21,1,1,1,1,0,0,1,0,1,0,0,0,1,0,1,1
P1230__1024__3296___1648,1,<50,16,0,0,0,0,0,0,0,0,0,0,0,0,1,0,0,0
P1230__1024__3296___2472,1,<50,40,1,1,1,1,0,0,1,0,1,0,0,0,1,1,0,0
P1230__1024__3296___2976,2,<50,47,2,2,2,2,0,0,1,0,2,0,0,0,2,2,0,0
P1230__1024__3296___824,1,<50,67,0,0,0,0,0,0,1,0,3,0,0,0,1,0,0,0
P1230__1024__4120___1648,1,<50,47,1,1,1,1,0,0,1,0,2,0,0,0,0,0,1,1
P1230__1024__4120___2472,1,<50,49,1,1,1,1,0,0,4,0,8,0,0,0,1,1,0,0
P1230__1024__4120___2976,2,<50,44,2,2,2,2,0,0,2,0,3,0,1,1,1,1,0,0
P1230__1024__4176___1648,1,<50,41,1,1,1,1,0,0,3,0,3,0,0,0,0,0,1,1
P1230__1024__4176___2472,1,<50,49,1,1,1,1,0,0,3,0,4,0,0,0,1,1,0,0
P1230__1024__4176___2976,2,<50,40,2,2,2,2,0,0,2,0,3,0,1,1,1,1,0,0
P1230__1024__824___2976,2,<50,107,1,2,2,2,0,0,2,0,3,0,0,0,2,2,0,0
P1234__1024__0___0,2,<50,68,2,2,2,2,0,0,4,0,5,0,2,2,0,0,0,0
P1234__1024__0___1648,1,<50,23,1,1,1,1,0,0,1,0,2,0,0,0,1,1,0,0
P1234__1024__1648___0,3,<50,80,3,3,3,3,0,0,3,0,5,0,0,0,0,0,3,3
P1234__1024__1648___1648,4,<50,149,3,3,3,3,0,0,6,0,8,0,0,0,1,1,3,2
P1234__1024__1648___2472,1,<50,31,1,1,1,1,0,0,0,0,1,0,0,0,1,1,0,0
P1234__1024__1648___2976,40,<50,147,40,40,40,40,0,0,42,0,53,0,39,39,1,1,0,0
P1234__1024__1648___824,2,<50,106,2,2,2,2,0,0,3,0,4,0,0,0,2,2,0,0
P1234__1024__2472___0,5,<50,106,5,5,5,5,0,0,5,0,9,0,0,0,4,4,1,1
P1234__1024__2472___1648,2,<50,67,2,2,2,2,0,0,6,0,7,0,0,0,2,2,0,0
P1234__1024__2472___2472,26,<50,161,23,23,23,23,0,0,28,0,39,0,17,17,9,6,0,0
P1234__1024__2472___2976,58,50-100,231,58,58,58,58,0,0,68,0,80,0,45,45,13,13,0,0
P1234__1024__2976___0,10,<50,103,9,9,9,9,0,0,11,0,17,0,1,0,9,9,0,0
P1234__1024__2976___1648,2,<50,54,2,2,2,2,0,0,1,0,4,0,0,0,2,2,0,0
P1234__1024__2976___2472,26,<50,56,23,23,23,23,0,0,26,0,27,0,0,0,25,23,1,0
P1234__1024__2976___2976,42,<50,164,42,42,42,42,0,0,54,0,57,0,8,8,34,34,0,0
P1234__1024__824___0,3,<50,123,3,3,3,3,0,0,7,0,14,0,3,3,0,0,0,0
P1234__1024__824___1648,2,<50,110,2,2,2,2,0,0,2,0,3,0,0,0,2,2,0,0
P1234__1024__824___2472,8,<50,19,8,8,8,8,0,0,8,0,8,0,6,6,2,2,0,0
P1234__1024__824___2976,16,<50,87,16,16,16,16,0,0,19,0,23,0,14,14,2,2,0,0
P1234__1024__824___824,5,<50,144,5,5,5,5,0,0,12,0,17,0,2,2,3,3,0,0
P1240__1024__0___1648,4,<50,50,4,4,4,4,0,0,5,0,7,0,2,2,2,2,0,0
P1240__1024__0___824,3,<50,21,1,1,1,1,0,0,2,0,2,0,0,0,1,1,2,0
P1240__1024__1648___0,4,<50,19,4,4,4,4,0,0,3,0,3,0,1,1,3,3,0,0
P1240__1024__1648___1648,2,<50,49,2,2,2,2,0,0,2,0,2,0,0,0,0,0,2,2
P1240__1024__1648___2472,1,<50,18,1,1,1,1,0,0,1,0,1,0,0,0,0,0,1,1
P1240__1024__1648___824,3,<50,60,3,3,3,3,0,0,3,0,3,0,2,2,0,0,1,1
P1240__1024__2472___0,1,<50,26,1,1,1,1,0,0,0,0,0,0,1,1,0,0,0,0
P1240__1024__2472___2472,2,<50,25,1,1,1,1,0,0,1,0,2,0,0,0,2,1,0,0
P1240__1024__2472___2976,1,<50,20,1,1,1,1,0,0,0,0,0,0,0,0,1,1,0,0
P1240__1024__2472___824,1,<50,14,1,1,1,1,0,0,1,0,1,0,1,1,0,0,0,0
P1240__1024__2976___824,2,<50,13,2,2,2,2,0,0,2,0,3,0,0,0,2,2,0,0
P1240__1024__824___1648,1,<50,47,1,1,1,1,0,0,4,0,4,0,0,0,1,1,0,0
P1240__1024__824___2472,1,<50,23,1,1,1,1,0,0,1,0,1,0,0,0,0,0,1,1
P1240__1024__824___824,3,<50,59,3,3,3,3,0,0,5,0,7,0,1,1,2,2,0,0
P1242__1024__0___0,107,100-150,260,96,107,107,107,0,0,122,0,131,0,93,93,14,14,0,0
P1242__1024__0___1648,4,<50,26,3,3,3,3,0,0,3,0,3,0,4,3,0,0,0,0
P1242__1024__0___824,36,<50,190,33,33,33,33,0,0,37,0,44,0,29,28,6,5,1,0
P1242__1024__1648___0,2,<50,49,2,2,2,2,0,0,3,0,3,0,0,0,2,2,0,0
P1242__1024__1648___1648,112,100-150,228,100,111,111,111,0,0,109,0,117,0,63,63,49,48,0,0
P1242__1024__1648___2472,2,<50,47,2,2,2,2,0,0,2,0,2,0,1,1,1,1,0,0
P1242__1024__1648___824,51,50-100,196,46,47,47,47,0,0,50,0,55,0,40,40,8,6,3,1
P1242__1024__2472___0,2,<50,26,2,2,2,2,0,0,2,0,2,0,0,0,2,2,0,0
P1242__1024__2472___1648,5,<50,139,4,4,4,4,0,0,1,0,10,0,3,2,1,1,1,1
P1242__1024__2472___2472,3,<50,28,3,3,3,3,0,0,1,0,2,0,3,3,0,0,0,0
P1242__1024__2472___824,4,<50,110,4,4,4,4,0,0,4,0,4,0,0,0,3,3,1,1
P1242__1024__2976___1648,3,<50,98,3,3,3,3,0,0,5,0,7,0,1,1,1,1,1,1
P1242__1024__2976___2472,1,<50,33,1,1,1,1,0,0,1,0,1,0,1,1,0,0,0,0
P1242__1024__2976___2976,2,<50,55,2,2,2,2,0,0,0,0,2,0,0,0,2,2,0,0
P1242__1024__2976___824,2,<50,59,2,2,2,2,0,0,2,0,2,0,0,0,2,2,0,0
P1242__1024__824___0,11,<50,105,11,11,11,11,0,0,9,0,11,0,5,5,4,4,2,2
P1242__1024__824___1648,36,<50,102,36,36,36,36,0,0,40,0,41,0,23,23,13,13,0,0
P1242__1024__824___2976,1,<50,17,0,0,0,0,0,0,1,0,1,0,1,0,0,0,0,0
P1242__1024__824___824,19,<50,102,19,19,19,19,0,0,23,0,24,0,17,17,2,2,0,0
P1246__1024__0___1648,1,<50,11,0,0,0,0,0,0,0,0,0,0,0,0,1,0,0,0
P1246__1024__0___2472,1,<50,7,0,0,0,0,0,0,0,0,0,0,0,0,1,0,0,0
P1246__1024__0___824,1,<50,12,1,1,1,1,0,0,1,0,3,0,0,0,1,1,0,0
P1246__1024__1648___0,1,<50,25,1,1,1,1,0,0,1,0,1,0,1,1,0,0,0,0
P1246__1024__1648___1648,2,<50,25,0,0,0,0,0,0,0,0,1,0,0,0,2,0,0,0
P1246__1024__1648___2472,1,<50,31,1,1,1,1,0,0,1,0,1,0,0,0,1,1,0,0
P1246__1024__1648___2976,2,<50,5,2,2,2,2,0,0,1,0,2,0,0,0,2,2,0,0
P1246__1024__1648___824,1,<50,36,1,1,1,1,0,0,1,0,1,0,1,1,0,0,0,0
P1246__1024__2472___1648,4,<50,43,4,4,4,4,0,0,2,0,2,0,0,0,3,3,1,1
P1246__1024__2472___2472,2,<50,35,2,2,2,2,0,0,2,0,2,0,0,0,1,1,1,1
P1246__1024__2472___2976,1,<50,5,1,1,1,1,0,0,0,0,0,0,0,0,1,1,0,0
P1246__1024__2976___0,1,<50,16,1,1,1,1,0,0,0,0,1,0,1,1,0,0,0,0
P1246__1024__2976___1648,3,<50,47,3,3,3,3,0,0,3,0,4,0,0,0,2,2,1,1
P1246__1024__2976___2472,1,<50,7,0,0,0,0,0,0,0,0,0,0,0,0,1,0,0,0
P1246__1024__2976___824,1,<50,13,1,1,1,1,0,0,0,0,0,0,0,0,1,1,0,0
P1257__1024__0___1648,1,<50,43,1,1,1,1,0,0,1,0,3,0,0,0,0,0,1,1
P1257__1024__0___2976,1,<50,73,0,0,0,0,0,0,1,0,5,0,0,0,1,0,0,0
P1257__1024__1648___0,1,<50,48,1,1,1,1,0,0,0,0,1,0,0,0,0,0,1,1
P1257__1024__1648___2472,6,<50,129,5,5,5,5,0,0,5,0,8,0,5,4,1,1,0,0
P1257__1024__1648___2976,8,<50,138,7,7,7,7,0,0,9,0,12,0,6,5,1,1,1,1
P1257__1024__2472___2472,5,<50,134,5,5,5,5,0,0,7,0,12,0,4,4,1,1,0,0
P1257__1024__2472___2976,9,<50,159,9,9,9,9,0,0,6,0,13,0,5,5,3,3,1,1
P1257__1024__2976___1648,1,<50,44,1,1,1,1,0,0,2,0,5,0,0,0,1,1,0,0
P1257__1024__824___0,1,<50,44,1,1,1,1,0,0,1,0,1,0,1,1,0,0,0,0
P1257__1024__824___2472,1,<50,48,1,1,1,1,0,0,1,0,1,0,0,0,0,0,1,1
P1266__1024__0___824,3,<50,9,3,3,3,3,0,0,3,0,3,0,0,0,3,3,0,0
P1266__1024__1648___2472,1,<50,34,1,1,1,1,0,0,3,0,4,0,1,1,0,0,0,0
P1266__1024__1648___2596,1,<50,45,1,1,1,1,0,0,2,0,5,0,1,1,0,0,0,0
P1266__1024__1648___824,2,<50,11,2,2,2,2,0,0,2,0,2,0,2,2,0,0,0,0
P1266__1024__2472___0,3,<50,55,3,3,3,3,0,0,3,0,5,0,1,1,2,2,0,0
P1266__1024__2472___824,1,<50,26,1,1,1,1,0,0,0,0,2,0,1,1,0,0,0,0
P1266__1024__2976___0,2,<50,47,2,2,2,2,0,0,4,0,5,0,0,0,2,2,0,0
P1266__1024__2976___1648,1,<50,20,1,1,1,1,0,0,0,0,2,0,1,1,0,0,0,0
P1266__1024__2976___824,1,<50,11,1,1,1,1,0,0,1,0,1,0,1,1,0,0,0,0
P1268__1024__0___0,2,<50,52,2,2,2,2,0,0,3,0,3,0,0,0,1,1,1,1
P1268__1024__0___1648,1,<50,50,1,1,1,1,0,0,3,0,3,0,0,0,0,0,1,1
P1268__1024__0___2472,2,<50,99,2,2,2,2,0,0,2,0,6,0,1,1,1,1,0,0
P1268__1024__0___2596,2,<50,72,2,2,2,2,0,0,2,0,5,0,1,1,1,1,0,0
P1268__1024__1648___1648,1,<50,34,1,1,1,1,0,0,1,0,2,0,0,0,0,0,1,1
P1268__1024__1648___2472,4,<50,30,2,2,2,2,0,0,1,0,1,0,0,0,4,2,0,0
P1268__1024__1648___2596,4,<50,28,2,2,2,2,0,0,1,0,1,0,0,0,4,2,0,0
P1268__1024__2472___0,2,<50,32,2,2,2,2,0,0,1,0,1,0,0,0,2,2,0,0
P1268__1024__2472___1648,1,<50,16,1,1,1,1,0,0,1,0,1,0,0,0,1,1,0,0
P1268__1024__2472___824,2,<50,11,2,2,2,2,0,0,2,0,2,0,0,0,1,1,1,1
P1268__1024__2976___0,2,<50,31,2,2,2,2,0,0,1,0,2,0,0,0,2,2,0,0
P1268__1024__2976___1648,2,<50,38,2,2,2,2,0,0,2,0,2,0,1,1,1,1,0,0
P1268__1024__2976___824,2,<50,26,2,2,2,2,0,0,1,0,4,0,0,0,1,1,1,1
P1268__1024__824___0,1,<50,42,1,1,1,1,0,0,2,0,3,0,0,0,1,1,0,0
P1268__1024__824___1648,1,<50,18,1,1,1,1,0,0,1,0,1,0,0,0,0,0,1,1
P1269__1024__0___1648,2,<50,39,2,2,2,2,0,0,2,0,2,0,1,1,1,1,0,0
P1269__1024__0___2472,14,<50,70,14,14,14,14,0,0,13,0,16,0,0,0,14,14,0,0
P1269__1024__0___2596,15,<50,75,15,15,15,15,0,0,14,0,17,0,0,0,14,14,1,1
P1269__1024__0___824,1,<50,30,1,1,1,1,0,0,1,0,2,0,0,0,1,1,0,0
P1269__1024__1648___2472,4,<50,29,3,3,3,3,0,0,2,0,2,0,0,0,3,3,1,0
P1269__1024__1648___2596,4,<50,27,4,4,4,4,0,0,2,0,2,0,0,0,3,3,1,1
P1269__1024__1648___824,4,<50,39,3,3,3,3,0,0,3,0,3,0,1,1,2,1,1,1
P1269__1024__2472___1648,2,<50,44,2,2,2,2,0,0,4,0,4,0,2,2,0,0,0,0
P1269__1024__2472___2472,3,<50,23,3,3,3,3,0,0,2,0,2,0,0,0,3,3,0,0
P1269__1024__2472___2596,4,<50,23,4,4,4,4,0,0,2,0,4,0,0,0,4,4,0,0
P1269__1024__2472___824,3,<50,100,3,3,3,3,0,0,3,0,4,0,1,1,1,1,1,1
P1269__1024__2976___1648,2,<50,64,2,2,2,2,0,0,2,0,5,0,2,2,0,0,0,0
P1269__1024__2976___2472,1,<50,13,1,1,1,1,0,0,1,0,3,0,0,0,1,1,0,0
P1269__1024__2976___2596,2,<50,24,2,2,2,2,0,0,1,0,2,0,0,0,2,2,0,0
P1269__1024__2976___824,2,<50,28,2,2,2,2,0,0,3,0,3,0,1,1,1,1,0,0
P1269__1024__824___0,1,<50,22,1,1,1,1,0,0,1,0,2,0,0,0,1,1,0,0
P1269__1024__824___1648,1,<50,22,1,1,1,1,0,0,1,0,1,0,0,0,1,1,0,0
P1269__1024__824___2472,1,<50,25,1,1,1,1,0,0,1,0,2,0,0,0,1,1,0,0
P1269__1024__824___2596,1,<50,22,1,1,1,1,0,0,1,0,2,0,0,0,1,1,0,0
P1273__1024__0___0,1,<50,8,1,1,1,1,0,0,1,0,1,0,0,0,1,1,0,0
P1273__1024__0___824,3,<50,43,3,3,3,3,0,0,4,0,5,0,0,0,3,3,0,0
P1273__1024__1648___1648,3,<50,21,3,3,3,3,0,0,0,0,2,0,3,3,0,0,0,0
P1273__1024__1648___2472,2,<50,6,2,2,2,2,0,0,0,0,0,0,2,2,0,0,0,0
P1273__1024__1648___2596,1,<50,15,1,1,1,1,0,0,0,0,0,0,0,0,1,1,0,0
P1273__1024__2472___1648,2,<50,8,2,2,2,2,0,0,0,0,2,0,2,2,0,0,0,0
P1273__1024__2472___2472,1,<50,12,1,1,1,1,0,0,0,0,1,0,1,1,0,0,0,0
P1275__1024__0___2472,1,<50,12,1,1,1,1,0,0,2,0,3,0,0,0,1,1,0,0
P1275__1024__1648___1648,3,<50,58,3,3,3,3,0,0,1,0,4,0,2,2,1,1,0,0
P1275__1024__1648___2472,5,<50,158,5,5,5,5,0,0,9,0,20,0,2,2,3,3,0,0
P1275__1024__1648___824,1,<50,25,1,1,1,1,0,0,1,0,6,0,0,0,1,1,0,0
P1275__1024__2472___1648,5,<50,55,5,5,5,5,0,0,5,0,8,0,0,0,5,5,0,0
P1275__1024__2472___2472,6,<50,170,6,6,6,6,0,0,14,0,20,0,1,1,5,5,0,0
P1275__1024__2472___2976,3,<50,234,3,3,3,3,0,0,12,0,24,0,0,0,3,3,0,0
P1275__1024__2472___824,4,<50,86,4,4,4,4,0,0,5,0,7,0,0,0,4,4,0,0
P1275__1024__2976___1648,8,<50,28,8,8,8,8,0,0,9,0,10,0,0,0,8,8,0,0
P1275__1024__2976___2472,1,<50,16,1,1,1,1,0,0,1,0,1,0,0,0,1,1,0,0
P1275__1024__2976___2976,2,<50,114,2,2,2,2,0,0,5,0,11,0,1,1,1,1,0,0
P1275__1024__2976___824,8,<50,86,8,8,8,8,0,0,12,0,15,0,0,0,8,8,0,0
P1278__1024__0___824,1,<50,16,1,1,1,1,0,0,0,0,3,0,0,0,0,0,1,1
P1278__1024__1648___0,3,<50,12,3,3,3,3,0,0,3,0,3,0,0,0,3,3,0,0
P1278__1024__2472___0,2,<50,19,2,2,2,2,0,0,3,0,3,0,0,0,2,2,0,0
P1278__1024__2472___824,1,<50,9,1,1,1,1,0,0,2,0,2,0,0,0,1,1,0,0
P1278__1024__3296___0,3,<50,17,3,3,3,3,0,0,3,0,4,0,0,0,3,3,0,0
P1278__1024__3296___824,4,<50,21,4,4,4,4,0,0,3,0,4,0,0,0,4,4,0,0
P1278__1024__4120___824,1,<50,5,1,1,1,1,0,0,1,0,1,0,1,1,0,0,0,0
P1278__1024__4176___824,1,<50,1,1,1,1,1,0,0,1,0,1,0,1,1,0,0,0,0
P1283__1024__1648___824,1,<50,26,1,1,1,1,0,0,1,0,1,0,0,0,1,1,0,0
P1283__1024__2472___824,1,<50,4,1,1,1,1,0,0,1,0,1,0,0,0,1,1,0,0
P1283__1024__2976___0,1,<50,12,1,1,1,1,0,0,1,0,1,0,1,1,0,0,0,0
P1283__1024__824___0,2,<50,15,0,0,0,0,0,0,0,0,1,0,2,0,0,0,0,0
P1314__1024__0___0,6,<50,85,5,5,5,5,0,0,5,0,9,0,3,2,3,3,0,0
P1314__1024__0___824,13,<50,125,12,12,12,12,0,0,7,0,11,0,3,2,10,10,0,0
P1314__1024__1648___1648,5,<50,56,5,5,5,5,0,0,5,0,7,0,0,0,3,3,2,2
P1314__1024__1648___2976,1,<50,23,0,0,0,0,0,0,3,0,4,0,0,0,1,0,0,0
P1314__1024__1648___824,1,<50,34,1,1,1,1,0,0,1,0,1,0,0,0,0,0,1,1
P1314__1024__2472___1648,4,<50,85,4,4,4,4,0,0,4,0,6,0,0,0,3,3,1,1
P1314__1024__2472___2472,11,<50,97,11,11,11,11,0,0,8,0,11,0,0,0,11,11,0,0
P1314__1024__2472___824,3,<50,82,3,3,3,3,0,0,4,0,4,0,0,0,3,3,0,0
P1314__1024__2976___1648,3,<50,80,3,3,3,3,0,0,4,0,5,0,0,0,3,3,0,0
P1314__1024__2976___2472,12,<50,175,12,12,12,12,0,0,11,0,13,0,0,0,12,12,0,0
P1314__1024__2976___824,3,<50,60,3,3,3,3,0,0,3,0,6,0,0,0,3,3,0,0
P1314__1024__824___1648,1,<50,21,1,1,1,1,0,0,2,0,3,0,0,0,0,0,1,1
P1314__1024__824___824,10,<50,88,10,10,10,10,0,0,10,0,17,0,0,0,10,10,0,0
P1315__1024__0___1648,3,<50,75,3,3,3,3,0,0,7,0,9,0,2,2,1,1,0,0
P1315__1024__0___2472,1,<50,37,1,1,1,1,0,0,3,0,3,0,0,0,1,1,0,0
P1315__1024__0___2976,1,<50,10,1,1,1,1,0,0,1,0,4,0,1,1,0,0,0,0
P1315__1024__0___824,1,<50,64,1,1,1,1,0,0,4,0,8,0,1,1,0,0,0,0
P1315__1024__1648___0,2,<50,38,2,2,2,2,0,0,4,0,5,0,2,2,0,0,0,0
P1315__1024__1648___1648,4,<50,83,4,4,4,4,0,0,3,0,5,0,2,2,2,2,0,0
P1315__1024__1648___2472,3,<50,32,3,3,3,3,0,0,6,0,6,0,1,1,2,2,0,0
P1315__1024__1648___2976,2,<50,23,2,2,2,2,0,0,1,0,2,0,1,1,1,1,0,0
P1315__1024__1648___824,2,<50,52,2,2,2,2,0,0,6,0,6,0,1,1,1,1,0,0
P1315__1024__2472___0,2,<50,33,2,2,2,2,0,0,3,0,4,0,2,2,0,0,0,0
P1315__1024__2472___1648,7,<50,98,7,7,7,7,0,0,9,0,14,0,4,4,3,3,0,0
P1315__1024__2472___2472,3,<50,59,3,3,3,3,0,0,6,0,7,0,3,3,0,0,0,0
P1315__1024__2472___2976,2,<50,22,2,2,2,2,0,0,3,0,6,0,2,2,0,0,0,0
P1315__1024__2472___824,1,<50,13,1,1,1,1,0,0,1,0,1,0,0,0,1,1,0,0
P1315__1024__2976___0,3,<50,134,3,3,3,3,0,0,7,0,11,0,3,3,0,0,0,0
P1315__1024__2976___1648,8,<50,85,7,7,7,7,0,0,7,0,9,0,6,5,2,2,0,0
P1315__1024__2976___2472,3,<50,32,3,3,3,3,0,0,3,0,6,0,3,3,0,0,0,0
P1315__1024__2976___2976,2,<50,18,2,2,2,2,0,0,3,0,4,0,2,2,0,0,0,0
P1315__1024__2976___824,1,<50,52,1,1,1,1,0,0,3,0,5,0,1,1,0,0,0,0
P1315__1024__824___0,2,<50,33,2,2,2,2,0,0,2,0,2,0,1,1,1,1,0,0
P1315__1024__824___1648,4,<50,80,4,4,4,4,0,0,5,0,7,0,2,2,2,2,0,0
P1315__1024__824___2472,1,<50,35,1,1,1,1,0,0,2,0,3,0,0,0,1,1,0,0
P1315__1024__824___2976,1,<50,39,1,1,1,1,0,0,3,0,3,0,1,1,0,0,0,0
P1315__1024__824___824,2,<50,53,2,2,2,2,0,0,3,0,4,0,2,2,0,0,0,0
P1323__1024__0___0,1,<50,27,1,1,1,1,0,0,3,0,3,0,0,0,1,1,0,0
P1323__1024__0___1648,1,<50,25,0,0,0,0,0,0,3,0,4,0,0,0,1,0,0,0
P1323__1024__0___2472,2,<50,35,2,2,2,2,0,0,2,0,2,0,0,0,2,2,0,0
P1323__1024__0___2976,2,<50,30,2,2,2,2,0,0,3,0,4,0,1,1,1,1,0,0
P1323__1024__1648___1648,3,<50,22,3,3,3,3,0,0,3,0,3,0,0,0,2,2,1,1
P1323__1024__1648___2976,1,<50,8,1,1,1,1,0,0,2,0,2,0,0,0,1,1,0,0
P1323__1024__1648___824,1,<50,15,1,1,1,1,0,0,1,0,1,0,0,0,0,0,1,1
P1323__1024__2472___0,4,<50,45,4,4,4,4,0,0,4,0,5,0,3,3,1,1,0,0
P1323__1024__2472___1648,1,<50,18,1,1,1,1,0,0,1,0,2,0,1,1,0,0,0,0
P1323__1024__2472___824,4,<50,45,4,4,4,4,0,0,5,0,7,0,0,0,4,4,0,0
P1323__1024__2976___0,4,<50,40,4,4,4,4,0,0,4,0,5,0,3,3,1,1,0,0
P1323__1024__2976___1648,4,<50,28,4,4,4,4,0,0,5,0,7,0,2,2,2,2,0,0
P1323__1024__2976___2472,3,<50,31,2,2,2,2,0,0,2,0,3,0,0,0,3,2,0,0
P1323__1024__2976___2976,1,<50,14,0,0,0,0,0,0,1,0,1,0,0,0,1,0,0,0
P1323__1024__2976___824,5,<50,64,5,5,5,5,0,0,5,0,9,0,1,1,4,4,0,0
P1323__1024__824___0,3,<50,30,3,3,3,3,0,0,4,0,4,0,2,2,0,0,1,1
P1323__1024__824___1648,2,<50,21,2,2,2,2,0,0,2,0,3,0,0,0,2,2,0,0
P1323__1024__824___2976,2,<50,23,2,2,2,2,0,0,3,0,3,0,1,1,1,1,0,0
P1323__1024__824___824,1,<50,5,1,1,1,1,0,0,1,0,1,0,0,0,0,0,1,1
P1332__1024__0___0,6,<50,43,6,6,6,6,0,0,1,0,2,0,6,6,0,0,0,0
P1332__1024__0___2976,1,<50,6,1,1,1,1,0,0,2,0,2,0,1,1,0,0,0,0
P1332__1024__0___824,1,<50,13,1,1,1,1,0,0,1,0,1,0,1,1,0,0,0,0
P1332__1024__1648___0,2,<50,33,2,2,2,2,0,0,1,0,3,0,2,2,0,0,0,0
P1332__1024__1648___1648,5,<50,47,5,5,5,5,0,0,2,0,3,0,4,4,1,1,0,0
P1332__1024__1648___824,10,<50,30,9,9,9,9,0,0,1,0,1,0,10,9,0,0,0,0
P1332__1024__2472___0,2,<50,64,2,2,2,2,0,0,2,0,3,0,1,1,1,1,0,0
P1332__1024__2472___1648,4,<50,9,4,4,4,4,0,0,1,0,1,0,3,3,1,1,0,0
P1332__1024__2472___2472,2,<50,8,0,0,0,0,0,0,0,0,0,0,1,0,1,0,0,0
P1332__1024__2472___824,4,<50,42,3,3,3,3,0,0,1,0,4,0,4,3,0,0,0,0
P1332__1024__2976___0,2,<50,70,2,2,2,2,0,0,5,0,7,0,0,0,2,2,0,0
P1332__1024__2976___1648,3,<50,82,3,3,3,3,0,0,3,0,5,0,2,2,1,1,0,0
P1332__1024__2976___2472,1,<50,4,0,0,0,0,0,0,0,0,0,0,1,0,0,0,0,0
P1332__1024__2976___824,4,<50,42,4,4,4,4,0,0,4,0,6,0,3,3,1,1,0,0
P1332__1024__824___0,2,<50,7,2,2,2,2,0,0,1,0,2,0,2,2,0,0,0,0
P1332__1024__824___1648,2,<50,6,2,2,2,2,0,0,0,0,1,0,2,2,0,0,0,0
P1332__1024__824___824,5,<50,10,5,5,5,5,0,0,0,0,0,0,5,5,0,0,0,0
P1342__1024__0___0,1,<50,117,1,1,1,1,0,0,2,0,3,0,0,0,0,0,1,1
P1342__1024__0___1648,2,<50,55,2,2,2,2,0,0,5,0,7,0,0,0,1,1,1,1
P1342__1024__0___2472,5,<50,128,5,5,5,5,0,0,10,0,11,0,4,4,1,1,0,0
P1342__1024__0___2976,3,<50,84,3,3,3,3,0,0,4,0,7,0,3,3,0,0,0,0
P1342__1024__1648___0,3,<50,107,3,3,3,3,0,0,4,0,4,0,0,0,2,2,1,1
P1342__1024__1648___1648,6,<50,85,3,3,3,3,0,0,3,0,5,0,3,2,3,1,0,0
P1342__1024__1648___2472,7,<50,105,2,2,2,2,0,0,1,0,3,0,6,1,1,1,0,0
P1342__1024__1648___2976,10,<50,124,2,2,2,2,0,0,3,0,5,0,9,1,1,1,0,0
P1342__1024__2472___0,2,<50,191,2,2,2,2,0,0,5,0,6,0,0,0,1,1,1,1
P1342__1024__2472___1648,2,<50,53,2,2,2,2,0,0,2,0,2,0,2,2,0,0,0,0
P1342__1024__2472___2472,4,<50,69,4,4,4,4,0,0,6,0,7,0,4,4,0,0,0,0
P1342__1024__2472___2976,3,<50,80,3,3,3,3,0,0,8,0,13,0,3,3,0,0,0,0
P1342__1024__2472___824,2,<50,124,2,2,2,2,0,0,3,0,3,0,2,2,0,0,0,0
P1342__1024__2976___0,6,<50,179,6,6,6,6,0,0,7,0,14,0,1,1,4,4,1,1
P1342__1024__2976___1648,3,<50,78,1,1,1,1,0,0,1,0,2,0,3,1,0,0,0,0
P1342__1024__2976___2472,3,<50,86,3,3,3,3,0,0,3,0,9,0,3,3,0,0,0,0
P1342__1024__2976___2976,4,<50,108,4,4,4,4,0,0,7,0,9,0,4,4,0,0,0,0
P1342__1024__2976___824,7,<50,188,4,4,4,4,0,0,5,0,6,0,5,3,1,1,1,0
P1342__1024__824___0,3,<50,144,3,3,3,3,0,0,5,0,8,0,0,0,3,3,0,0
P1342__1024__824___1648,5,<50,100,3,3,3,3,0,0,4,0,6,0,0,0,5,3,0,0
P1342__1024__824___2472,3,<50,108,3,3,3,3,0,0,4,0,5,0,1,1,2,2,0,0
P1342__1024__824___2976,2,<50,76,2,2,2,2,0,0,4,0,4,0,1,1,1,1,0,0
P1342__1024__824___824,2,<50,87,2,2,2,2,0,0,4,0,8,0,0,0,1,1,1,1
P1356__1024__0___0,8,<50,298,7,7,7,7,0,0,11,0,15,0,3,2,5,5,0,0
P1356__1024__0___1648,3,<50,165,3,3,3,3,0,0,4,0,8,0,1,1,2,2,0,0
P1356__1024__0___2472,3,<50,134,3,3,3,3,0,0,2,0,6,0,3,3,0,0,0,0
P1356__1024__0___2976,6,<50,122,4,4,4,4,0,0,3,0,7,0,4,3,2,1,0,0
P1356__1024__0___824,6,<50,163,6,6,6,6,0,0,7,0,9,0,2,2,4,4,0,0
P1356__1024__1648___0,3,<50,89,3,3,3,3,0,0,4,0,7,0,3,3,0,0,0,0
P1356__1024__1648___1648,4,<50,66,4,4,4,4,0,0,5,0,6,0,4,4,0,0,0,0
P1356__1024__1648___2472,4,<50,138,4,4,4,4,0,0,19,0,23,0,4,4,0,0,0,0
P1356__1024__1648___2976,5,<50,122,5,5,5,5,0,0,20,0,22,0,5,5,0,0,0,0
P1356__1024__1648___824,9,<50,88,9,9,9,9,0,0,6,0,12,0,9,9,0,0,0,0
P1356__1024__2472___0,5,<50,82,5,5,5,5,0,0,6,0,11,0,5,5,0,0,0,0
P1356__1024__2472___1648,7,<50,119,7,7,7,7,0,0,6,0,12,0,7,7,0,0,0,0
P1356__1024__2472___2472,7,<50,88,7,7,7,7,0,0,6,0,8,0,7,7,0,0,0,0
P1356__1024__2472___2976,5,<50,53,4,4,4,4,0,0,4,0,9,0,5,4,0,0,0,0
P1356__1024__2472___824,6,<50,92,6,6,6,6,0,0,6,0,7,0,6,6,0,0,0,0
P1356__1024__2976___0,7,<50,145,7,7,7,7,0,0,7,0,8,0,7,7,0,0,0,0
P1356__1024__2976___1648,5,<50,88,5,5,5,5,0,0,6,0,10,0,5,5,0,0,0,0
P1356__1024__2976___2472,8,<50,54,8,8,8,8,0,0,6,0,10,0,8,8,0,0,0,0
P1356__1024__2976___2976,7,<50,70,6,6,6,6,0,0,5,0,12,0,7,6,0,0,0,0
P1356__1024__2976___824,4,<50,82,4,4,4,4,0,0,4,0,4,0,4,4,0,0,0,0
P1356__1024__824___0,7,<50,113,7,7,7,7,0,0,9,0,10,0,6,6,1,1,0,0
P1356__1024__824___1648,6,<50,62,6,6,6,6,0,0,6,0,8,0,6,6,0,0,0,0
P1356__1024__824___2472,11,<50,139,10,10,10,10,0,0,10,0,13,0,5,4,5,5,1,1
P1356__1024__824___2976,13,<50,273,8,8,8,8,0,0,11,0,16,0,5,0,7,7,1,1
P1356__1024__824___824,9,<50,76,9,9,9,9,0,0,7,0,9,0,8,8,1,1,0,0
P1370__1024__1648___824,1,<50,10,1,1,1,1,0,0,1,0,1,0,1,1,0,0,0,0
P1370__1024__2472___0,1,<50,7,1,1,1,1,0,0,1,0,2,0,0,0,0,0,1,1
P1370__1024__2472___824,3,<50,16,2,2,2,2,0,0,0,0,1,0,3,2,0,0,0,0
P1370__1024__2976___0,1,<50,12,1,1,1,1,0,0,1,0,1,0,0,0,0,0,1,1
P1370__1024__2976___824,2,<50,8,1,1,1,1,0,0,0,0,2,0,2,1,0,0,0,0
P1371__1024__0___2472,1,<50,15,0,0,0,0,0,0,0,0,0,0,0,0,1,0,0,0
P1371__1024__0___2976,4,<50,3,0,0,0,0,0,0,0,0,0,0,0,0,4,0,0,0
P1373__1024__0___1648,15,<50,47,15,15,15,15,0,0,16,0,16,0,0,0,14,14,1,1
P1373__1024__0___2472,2,<50,67,2,2,2,2,0,0,6,0,9,0,0,0,2,2,0,0
P1373__1024__0___2976,4,<50,30,4,4,4,4,0,0,4,0,4,0,0,0,4,4,0,0
P1373__1024__0___824,12,<50,81,12,12,12,12,0,0,14,0,17,0,1,1,11,11,0,0
P1373__1024__1648___1648,9,<50,56,8,8,8,8,0,0,4,0,7,0,0,0,8,7,1,1
P1373__1024__1648___2472,8,<50,78,8,8,8,8,0,0,3,0,6,0,0,0,7,7,1,1
P1373__1024__1648___2976,4,<50,82,4,4,4,4,0,0,7,0,9,0,0,0,3,3,1,1
P1373__1024__1648___824,2,<50,14,1,1,1,1,0,0,0,0,0,0,0,0,2,1,0,0
P1373__1024__2472___0,2,<50,22,2,2,2,2,0,0,3,0,4,0,0,0,0,0,2,2
P1373__1024__2472___2976,15,<50,86,15,15,15,15,0,0,20,0,20,0,7,7,8,8,0,0
P1373__1024__2976___2976,5,<50,52,5,5,5,5,0,0,7,0,8,0,1,1,4,4,0,0
P1373__1024__824___1648,5,<50,55,4,4,4,4,0,0,2,0,4,0,0,0,5,4,0,0
P1373__1024__824___2472,11,<50,54,10,10,10,10,0,0,8,0,8,0,0,0,11,10,0,0
P1373__1024__824___2976,5,<50,25,5,5,5,5,0,0,5,0,5,0,0,0,5,5,0,0
P1376__1024__1648___1648,3,<50,46,3,3,3,3,0,0,3,0,3,0,0,0,0,0,3,3
P1376__1024__1648___2472,6,<50,98,6,6,6,6,0,0,8,0,9,0,0,0,0,0,6,6
P1376__1024__1648___3296,2,<50,52,2,2,2,2,0,0,3,0,3,0,0,0,0,0,2,2
P1376__1024__1648___4120,1,<50,20,1,1,1,1,0,0,1,0,2,0,0,0,0,0,1,1
P1376__1024__1648___4124,1,<50,17,1,1,1,1,0,0,1,0,2,0,0,0,0,0,1,1
P1376__1024__1648___824,1,<50,6,1,1,1,1,0,0,1,0,1,0,0,0,0,0,1,1
P1376__1024__2472___2472,3,<50,88,3,3,3,3,0,0,4,0,7,0,0,0,0,0,3,3
P1376__1024__2472___3296,1,<50,28,1,1,1,1,0,0,2,0,4,0,0,0,0,0,1,1
P1376__1024__2472___824,4,<50,53,4,4,4,4,0,0,4,0,6,0,0,0,0,0,4,4
P1376__1024__824___1648,3,<50,54,3,3,3,3,0,0,4,0,5,0,0,0,0,0,3,3
P1376__1024__824___824,1,<50,14,1,1,1,1,0,0,1,0,3,0,0,0,0,0,1,1
P1377__1024__0___0,2,<50,19,1,1,1,1,0,0,1,0,1,0,1,0,0,0,1,1
P1377__1024__1648___2472,12,<50,194,12,12,12,12,0,0,17,0,21,0,2,2,10,10,0,0
P1377__1024__1648___2992,10,<50,152,10,10,10,10,0,0,14,0,18,0,1,1,9,9,0,0
P1377__1024__2472___1648,1,<50,17,0,0,0,0,0,0,0,0,0,0,0,0,1,0,0,0
P1377__1024__2472___2472,17,<50,159,14,14,14,14,0,0,23,0,29,0,3,1,14,13,0,0
P1377__1024__2472___2992,18,<50,187,17,17,17,17,0,0,26,0,30,0,2,2,16,15,0,0
P1377__1024__2770___1648,1,<50,19,0,0,0,0,0,0,0,0,0,0,0,0,1,0,0,0
P1377__1024__2770___2472,9,<50,108,7,7,7,7,0,0,13,0,16,0,2,1,7,6,0,0
P1377__1024__2770___2992,15,<50,164,14,14,14,14,0,0,20,0,26,0,2,2,13,12,0,0
P1380__1024__0___1648,6,<50,49,5,5,5,5,0,0,3,0,6,0,1,1,5,4,0,0
P1380__1024__0___2472,23,<50,110,20,20,20,20,0,0,25,0,32,0,6,6,17,14,0,0
P1380__1024__0___3296,7,<50,38,7,7,7,7,0,0,6,0,8,0,3,3,4,4,0,0
P1380__1024__0___3670,5,<50,55,5,5,5,5,0,0,9,0,12,0,1,1,4,4,0,0
P1380__1024__0___824,4,<50,20,4,4,4,4,0,0,1,0,3,0,0,0,4,4,0,0
P1380__1024__1648___0,2,<50,41,0,0,0,0,0,0,0,0,1,0,2,0,0,0,0,0
P1380__1024__1648___1648,1,<50,12,1,1,1,1,0,0,1,0,1,0,0,0,0,0,1,1
P1380__1024__1648___2472,1,<50,28,1,1,1,1,0,0,0,0,3,0,0,0,0,0,1,1
P1380__1024__1648___824,4,<50,13,3,3,3,3,0,0,4,0,4,0,1,0,2,2,1,1
P1380__1024__2472___0,1,<50,13,1,1,1,1,0,0,0,0,0,0,0,0,0,0,1,1
P1380__1024__2472___1648,3,<50,48,3,3,3,3,0,0,4,0,5,0,0,0,2,2,1,1
P1380__1024__2472___2472,2,<50,53,2,2,2,2,0,0,2,0,6,0,0,0,2,2,0,0
P1380__1024__2472___3296,1,<50,49,1,1,1,1,0,0,2,0,2,0,1,1,0,0,0,0
P1380__1024__2472___3670,1,<50,24,1,1,1,1,0,0,0,0,0,0,1,1,0,0,0,0
P1380__1024__3296___1648,5,<50,65,4,4,4,4,0,0,3,0,5,0,1,0,2,2,2,2
P1380__1024__3296___2472,4,<50,45,2,2,2,2,0,0,2,0,5,0,0,0,4,2,0,0
P1380__1024__3296___3296,2,<50,25,1,1,1,1,0,0,0,0,0,0,1,1,0,0,1,0
P1380__1024__3296___3670,2,<50,15,1,1,1,1,0,0,0,0,0,0,1,1,0,0,1,0
P1380__1024__3296___824,1,<50,21,1,1,1,1,0,0,1,0,1,0,0,0,0,0,1,1
P1380__1024__3373___1648,3,<50,43,2,2,2,2,0,0,3,0,3,0,1,0,0,0,2,2
P1380__1024__3373___2472,2,<50,37,1,1,1,1,0,0,2,0,4,0,0,0,2,1,0,0
P1380__1024__3373___3296,2,<50,25,1,1,1,1,0,0,0,0,0,0,1,1,0,0,1,0
P1380__1024__3373___3670,2,<50,10,1,1,1,1,0,0,0,0,0,0,1,1,0,0,1,0
P1380__1024__3373___824,1,<50,24,1,1,1,1,0,0,1,0,1,0,0,0,0,0,1,1
P1380__1024__824___0,6,<50,3,0,0,0,0,0,0,0,0,0,0,6,0,0,0,0,0
P1380__1024__824___2472,4,<50,13,0,0,0,0,0,0,0,0,0,0,0,0,4,0,0,0
P1380__1024__824___3296,3,<50,16,1,1,1,1,0,0,1,0,1,0,0,0,2,1,1,0
P1380__1024__824___3670,5,<50,53,4,4,4,4,0,0,5,0,7,0,0,0,5,4,0,0
P1380__1024__824___824,2,<50,7,0,0,0,0,0,0,0,0,1,0,2,0,0,0,0,0
P1384__1024__0___0,12,<50,165,7,7,7,7,0,0,3,0,7,0,12,7,0,0,0,0
P1384__1024__0___1648,14,<50,156,9,9,9,9,0,0,6,0,13,0,14,9,0,0,0,0
P1384__1024__0___2472,17,<50,281,11,11,11,11,0,0,5,0,11,0,16,10,1,1,0,0
P1384__1024__0___3296,17,<50,122,8,8,8,8,0,0,6,0,12,0,16,8,1,0,0,0
P1384__1024__0___4120,14,<50,121,10,10,10,10,0,0,2,0,6,0,14,10,0,0,0,0
P1384__1024__0___4611,9,<50,77,5,5,5,5,0,0,1,0,3,0,9,5,0,0,0,0
P1384__1024__0___824,7,<50,108,5,5,5,5,0,0,2,0,7,0,7,5,0,0,0,0
P1384__1024__1648___0,5,<50,39,5,5,5,5,0,0,3,0,5,0,3,3,0,0,2,2
P1384__1024__1648___1648,80,50-100,373,77,79,79,79,0,0,73,0,79,0,72,71,8,8,0,0
P1384__1024__1648___2472,20,<50,199,19,20,20,20,0,0,16,0,23,0,14,14,6,6,0,0
P1384__1024__1648___3296,9,<50,90,8,8,8,8,0,0,5,0,9,0,9,8,0,0,0,0
P1384__1024__1648___4120,6,<50,52,6,6,6,6,0,0,0,0,2,0,6,6,0,0,0,0
P1384__1024__1648___4611,5,<50,41,5,5,5,5,0,0,1,0,2,0,5,5,0,0,0,0
P1384__1024__1648___824,11,<50,115,9,9,9,9,0,0,7,0,7,0,10,8,0,0,1,1
P1384__1024__2472___0,1,<50,80,1,1,1,1,0,0,0,0,0,0,1,1,0,0,0,0
P1384__1024__2472___1648,20,<50,125,20,20,20,20,0,0,21,0,22,0,19,19,1,1,0,0
P1384__1024__2472___2472,24,<50,108,24,24,24,24,0,0,24,0,26,0,24,24,0,0,0,0
P1384__1024__2472___3296,1,<50,10,1,1,1,1,0,0,1,0,1,0,1,1,0,0,0,0
P1384__1024__2472___4120,1,<50,91,0,0,0,0,0,0,0,0,1,0,1,0,0,0,0,0
P1384__1024__2472___4611,3,<50,187,3,3,3,3,0,0,0,0,0,0,3,3,0,0,0,0
P1384__1024__3296___0,2,<50,44,2,2,2,2,0,0,0,0,0,0,0,0,2,2,0,0
P1384__1024__3296___1648,4,<50,74,4,4,4,4,0,0,2,0,3,0,4,4,0,0,0,0
P1384__1024__3296___2472,1,<50,11,1,1,1,1,0,0,0,0,0,0,1,1,0,0,0,0
P1384__1024__3296___3296,1,<50,7,1,1,1,1,0,0,0,0,1,0,1,1,0,0,0,0
P1384__1024__3296___824,2,<50,83,1,1,1,1,0,0,0,0,3,0,2,1,0,0,0,0
P1384__1024__4120___0,3,<50,71,3,3,3,3,0,0,0,0,0,0,2,2,1,1,0,0
P1384__1024__4120___1648,6,<50,67,4,4,4,4,0,0,2,0,2,0,5,3,1,1,0,0
P1384__1024__4120___824,3,<50,80,2,2,2,2,0,0,1,0,2,0,3,2,0,0,0,0
P1384__1024__4840___0,1,<50,142,1,1,1,1,0,0,2,0,3,0,1,1,0,0,0,0
P1384__1024__4840___1648,3,<50,311,2,2,2,2,0,0,1,0,1,0,2,1,1,1,0,0
P1384__1024__4840___2472,3,<50,389,2,2,2,2,0,0,2,0,13,0,2,1,1,1,0,0
P1384__1024__4840___3296,1,<50,375,1,1,1,1,0,0,0,0,3,0,1,1,0,0,0,0
P1384__1024__4840___4611,1,<50,1000,1,1,1,1,0,0,2,0,6,0,1,1,0,0,0,0
P1384__1024__4840___824,2,<50,280,1,1,1,1,0,0,2,0,4,0,2,1,0,0,0,0
P1384__1024__824___0,3,<50,114,2,2,2,2,0,0,1,0,2,0,1,0,1,1,1,1
P1384__1024__824___1648,55,50-100,322,55,55,55,55,0,0,58,0,72,0,53,53,2,2,0,0
P1384__1024__824___2472,4,<50,99,4,4,4,4,0,0,6,0,9,0,4,4,0,0,0,0
P1384__1024__824___3296,15,<50,154,14,14,14,14,0,0,4,0,12,0,15,14,0,0,0,0
P1384__1024__824___4120,12,<50,185,10,10,10,10,0,0,6,0,13,0,12,10,0,0,0,0
P1384__1024__824___4611,16,<50,66,11,11,11,11,0,0,0,0,3,0,16,11,0,0,0,0
P1384__1024__824___824,4,<50,189,4,4,4,4,0,0,5,0,6,0,3,3,1,1,0,0
P1386__1024__0___0,1,<50,11,1,1,1,1,0,0,3,0,3,0,0,0,1,1,0,0
P1386__1024__0___824,33,<50,170,32,33,33,33,0,0,42,0,54,0,0,0,31,31,2,2
P1386__1024__1648___1648,15,<50,88,15,15,15,15,0,0,22,0,24,0,0,0,15,15,0,0
P1386__1024__1648___824,55,50-100,165,55,55,55,55,0,0,65,0,70,0,0,0,46,46,9,9
P1386__1024__2472___1648,37,<50,193,37,37,37,37,0,0,50,0,62,0,0,0,35,35,2,2
P1386__1024__2472___824,40,<50,159,40,40,40,40,0,0,52,0,55,0,0,0,32,32,8,8
P1386__1024__3296___1648,63,50-100,215,62,62,62,62,0,0,74,0,81,0,0,0,56,55,7,7
P1386__1024__3296___824,16,<50,121,14,14,14,14,0,0,25,0,29,0,0,0,11,9,5,5
P1386__1024__3602___1648,51,50-100,207,50,50,50,50,0,0,66,0,74,0,0,0,46,45,5,5
P1386__1024__3602___824,11,<50,88,9,9,9,9,0,0,18,0,19,0,0,0,8,6,3,3
P1386__1024__824___824,45,<50,127,43,43,43,43,0,0,52,0,55,0,0,0,36,36,9,7
P1390__1024__0___0,3,<50,20,3,3,3,3,0,0,4,0,7,0,0,0,0,0,3,3
P1390__1024__0___1648,3,<50,25,3,3,3,3,0,0,4,0,4,0,0,0,0,0,3,3
P1390__1024__0___2074,7,<50,45,7,7,7,7,0,0,10,0,11,0,0,0,4,4,3,3
P1390__1024__0___824,2,<50,43,2,2,2,2,0,0,3,0,6,0,0,0,0,0,2,2
P1390__1024__1648___0,15,<50,53,15,15,15,15,0,0,24,0,25,0,0,0,0,0,15,15
P1390__1024__1648___1648,23,<50,34,23,23,23,23,0,0,26,0,26,0,0,0,0,0,23,23
P1390__1024__1648___2074,20,<50,51,20,20,20,20,0,0,22,0,23,0,0,0,7,7,13,13
P1390__1024__1648___824,27,<50,78,27,27,27,27,0,0,36,0,38,0,0,0,0,0,27,27
P1390__1024__2472___0,19,<50,78,19,19,19,19,0,0,29,0,29,0,0,0,0,0,19,19
P1390__1024__2472___1648,27,<50,49,27,27,27,27,0,0,30,0,30,0,0,0,0,0,27,27
P1390__1024__2472___2074,27,<50,57,27,27,27,27,0,0,29,0,31,0,0,0,12,12,15,15
P1390__1024__2472___824,32,<50,89,32,32,32,32,0,0,42,0,44,0,0,0,0,0,32,32
P1390__1024__3296___0,11,<50,53,11,11,11,11,0,0,15,0,15,0,0,0,0,0,11,11
P1390__1024__3296___1648,14,<50,64,14,14,14,14,0,0,18,0,21,0,0,0,4,4,10,10
P1390__1024__3296___2074,22,<50,72,22,22,22,22,0,0,19,0,24,0,1,1,16,16,5,5
P1390__1024__3296___824,17,<50,91,17,17,17,17,0,0,25,0,26,0,0,0,0,0,17,17
P1390__1024__4120___0,12,<50,62,12,12,12,12,0,0,15,0,17,0,0,0,0,0,12,12
P1390__1024__4120___1648,14,<50,52,14,14,14,14,0,0,21,0,21,0,0,0,4,4,10,10
P1390__1024__4120___2074,20,<50,94,20,20,20,20,0,0,21,0,24,0,1,1,13,13,6,6
P1390__1024__4120___824,17,<50,74,17,17,17,17,0,0,24,0,26,0,0,0,0,0,17,17
P1390__1024__4944___0,16,<50,24,16,16,16,16,0,0,17,0,17,0,0,0,0,0,16,16
P1390__1024__4944___1648,26,<50,58,26,26,26,26,0,0,33,0,33,0,0,0,0,0,26,26
P1390__1024__4944___2074,20,<50,75,20,20,20,20,0,0,26,0,28,0,0,0,0,0,20,20
P1390__1024__4944___824,28,<50,44,28,28,28,28,0,0,33,0,35,0,0,0,0,0,28,28
P1390__1024__5289___0,10,<50,25,10,10,10,10,0,0,11,0,13,0,0,0,0,0,10,10
P1390__1024__5289___1648,17,<50,48,17,17,17,17,0,0,22,0,22,0,0,0,0,0,17,17
P1390__1024__5289___2074,12,<50,50,12,12,12,12,0,0,17,0,18,0,0,0,0,0,12,12
P1390__1024__5289___824,18,<50,53,18,18,18,18,0,0,22,0,24,0,0,0,0,0,18,18
P1390__1024__824___0,5,<50,17,5,5,5,5,0,0,5,0,7,0,0,0,0,0,5,5
P1390__1024__824___1648,2,<50,12,2,2,2,2,0,0,3,0,3,0,0,0,0,0,2,2
P1390__1024__824___2074,11,<50,33,11,11,11,11,0,0,12,0,12,0,0,0,5,5,6,6
P1390__1024__824___824,3,<50,38,3,3,3,3,0,0,3,0,3,0,0,0,0,0,3,3
P1397__1024__0___0,7,<50,101,7,7,7,7,0,0,14,0,19,0,0,0,7,7,0,0
P1397__1024__0___1648,10,<50,127,10,10,10,10,0,0,24,0,33,0,0,0,9,9,1,1
P1397__1024__0___2442,19,<50,77,19,19,19,19,0,0,23,0,27,0,0,0,19,19,0,0
P1397__1024__0___824,16,<50,59,16,16,16,16,0,0,25,0,29,0,0,0,10,10,6,6
P1397__1024__1648___0,46,<50,155,46,46,46,46,0,0,49,0,54,0,0,0,38,38,8,8
P1397__1024__1648___1648,39,<50,287,39,39,39,39,0,0,50,0,62,0,0,0,29,29,10,10
P1397__1024__1648___2442,37,<50,100,37,37,37,37,0,0,43,0,47,0,0,0,37,37,0,0
P1397__1024__1648___824,75,50-100,255,74,75,75,75,0,0,83,0,90,0,0,0,61,61,14,14
P1397__1024__2472___0,9,<50,274,9,9,9,9,0,0,72,0,79,0,0,0,7,7,2,2
P1397__1024__2472___1648,2,<50,142,2,2,2,2,0,0,23,0,28,0,0,0,1,1,1,1
P1397__1024__2472___2442,1,<50,103,1,1,1,1,0,0,24,0,26,0,0,0,1,1,0,0
P1397__1024__2472___824,12,<50,159,12,12,12,12,0,0,33,0,37,0,0,0,7,7,5,5
P1397__1024__3296___1648,19,<50,95,19,19,19,19,0,0,21,0,24,0,0,0,0,0,19,19
P1397__1024__3296___2442,5,<50,55,5,5,5,5,0,0,6,0,10,0,0,0,0,0,5,5
P1397__1024__3296___824,14,<50,179,14,14,14,14,0,0,28,0,31,0,0,0,0,0,14,14
P1397__1024__4120___0,2,<50,31,2,2,2,2,0,0,4,0,4,0,0,0,0,0,2,2
P1397__1024__4120___1648,18,<50,80,18,18,18,18,0,0,22,0,26,0,0,0,0,0,18,18
P1397__1024__4120___2442,9,<50,23,9,9,9,9,0,0,12,0,13,0,0,0,0,0,9,9
P1397__1024__4120___824,20,<50,73,20,20,20,20,0,0,23,0,28,0,0,0,0,0,20,20
P1397__1024__4944___0,2,<50,72,2,2,2,2,0,0,4,0,6,0,0,0,0,0,2,2
P1397__1024__4944___1648,19,<50,189,19,19,19,19,0,0,25,0,30,0,0,0,0,0,19,19
P1397__1024__4944___2442,10,<50,108,10,10,10,10,0,0,14,0,16,0,0,0,0,0,10,10
P1397__1024__4944___824,15,<50,129,15,15,15,15,0,0,24,0,29,0,0,0,0,0,15,15
P1397__1024__5768___0,4,<50,106,4,4,4,4,0,0,7,0,10,0,0,0,0,0,4,4
P1397__1024__5768___1648,21,<50,113,21,21,21,21,0,0,37,0,43,0,0,0,0,0,21,21
P1397__1024__5768___2442,12,<50,67,12,12,12,12,0,0,21,0,24,0,0,0,0,0,12,12
P1397__1024__5768___824,22,<50,118,22,22,22,22,0,0,34,0,40,0,0,0,0,0,22,22
P1397__1024__6592___0,1,<50,136,1,1,1,1,0,0,3,0,6,0,0,0,0,0,1,1
P1397__1024__6592___1648,16,<50,37,16,16,16,16,0,0,20,0,22,0,0,0,0,0,16,16
P1397__1024__6592___2442,7,<50,34,7,7,7,7,0,0,7,0,9,0,0,0,0,0,7,7
P1397__1024__6592___824,15,<50,55,15,15,15,15,0,0,19,0,21,0,0,0,0,0,15,15
P1397__1024__7350___1648,10,<50,56,10,10,10,10,0,0,14,0,14,0,0,0,0,0,10,10
P1397__1024__7350___2442,8,<50,26,8,8,8,8,0,0,10,0,10,0,0,0,0,0,8,8
P1397__1024__7350___824,13,<50,62,13,13,13,13,0,0,13,0,15,0,0,0,0,0,13,13
P1397__1024__824___0,46,<50,218,46,46,46,46,0,0,49,0,59,0,0,0,40,40,6,6
P1397__1024__824___1648,37,<50,319,37,37,37,37,0,0,49,0,63,0,0,0,33,33,4,4
P1397__1024__824___2442,56,50-100,184,56,56,56,56,0,0,62,0,72,0,0,0,56,56,0,0
P1397__1024__824___824,84,50-100,236,84,84,84,84,0,0,90,0,94,0,0,0,68,68,16,16
P1398__1024__0___0,2,<50,45,2,2,2,2,0,0,3,0,4,0,0,0,0,0,2,2
P1398__1024__0___1648,8,<50,82,8,8,8,8,0,0,12,0,17,0,0,0,0,0,8,8
P1398__1024__0___2472,6,<50,80,6,6,6,6,0,0,9,0,14,0,0,0,0,0,6,6
P1398__1024__0___3296,5,<50,57,5,5,5,5,0,0,7,0,7,0,0,0,0,0,5,5
P1398__1024__0___4120,6,<50,53,6,6,6,6,0,0,10,0,16,0,0,0,0,0,6,6
P1398__1024__0___4944,6,<50,32,6,6,6,6,0,0,8,0,8,0,0,0,0,0,6,6
P1398__1024__0___5525,1,<50,12,1,1,1,1,0,0,1,0,1,0,0,0,0,0,1,1
P1398__1024__0___824,6,<50,89,6,6,6,6,0,0,7,0,14,0,0,0,0,0,6,6
P1398__1024__1648___1648,6,<50,91,6,6,6,6,0,0,20,0,23,0,0,0,0,0,6,6
P1398__1024__1648___2472,9,<50,77,9,9,9,9,0,0,16,0,18,0,0,0,0,0,9,9
P1398__1024__1648___3296,2,<50,11,2,2,2,2,0,0,3,0,5,0,0,0,0,0,2,2
P1398__1024__1648___824,2,<50,43,2,2,2,2,0,0,6,0,9,0,0,0,0,0,2,2
P1398__1024__2472___0,1,<50,49,1,1,1,1,0,0,1,0,4,0,0,0,0,0,1,1
P1398__1024__2472___1648,1,<50,77,1,1,1,1,0,0,6,0,6,0,0,0,0,0,1,1
P1398__1024__2472___2472,2,<50,31,2,2,2,2,0,0,6,0,7,0,0,0,0,0,2,2
P1398__1024__2472___3296,1,<50,37,1,1,1,1,0,0,9,0,9,0,0,0,0,0,1,1
P1398__1024__2472___4120,1,<50,54,1,1,1,1,0,0,2,0,7,0,0,0,0,0,1,1
P1398__1024__2472___824,2,<50,43,2,2,2,2,0,0,6,0,7,0,0,0,0,0,2,2
P1398__1024__3030___0,1,<50,38,1,1,1,1,0,0,2,0,2,0,0,0,0,0,1,1
P1398__1024__3030___1648,1,<50,42,1,1,1,1,0,0,5,0,5,0,0,0,0,0,1,1
P1398__1024__3030___2472,2,<50,26,2,2,2,2,0,0,5,0,6,0,0,0,0,0,2,2
P1398__1024__3030___3296,1,<50,33,1,1,1,1,0,0,5,0,5,0,0,0,0,0,1,1
P1398__1024__3030___4120,1,<50,7,1,1,1,1,0,0,3,0,4,0,0,0,0,0,1,1
P1398__1024__3030___824,2,<50,31,2,2,2,2,0,0,4,0,4,0,0,0,0,0,2,2
P1398__1024__824___0,3,<50,13,3,3,3,3,0,0,3,0,3,0,0,0,0,0,3,3
P1398__1024__824___1648,16,<50,103,16,16,16,16,0,0,24,0,30,0,0,0,0,0,16,16
P1398__1024__824___2472,19,<50,67,19,19,19,19,0,0,22,0,23,0,0,0,0,0,19,19
P1398__1024__824___3296,7,<50,67,7,7,7,7,0,0,9,0,12,0,0,0,0,0,7,7
P1398__1024__824___4120,4,<50,44,4,4,4,4,0,0,5,0,8,0,0,0,0,0,4,4
P1398__1024__824___824,6,<50,56,6,6,6,6,0,0,11,0,13,0,0,0,0,0,6,6
P1410__1024__0___2472,1,<50,286,1,1,1,1,0,0,20,0,45,0,1,1,0,0,0,0
P1410__1024__0___3296,2,<50,52,0,0,0,0,0,0,3,0,7,0,0,0,0,0,2,0
P1410__1024__1648___2472,1,<50,227,1,1,1,1,0,0,16,0,34,0,0,0,0,0,1,1
P1410__1024__1648___3296,2,<50,177,2,2,2,2,0,0,7,0,26,0,0,0,0,0,2,2
P1410__1024__1648___4120,2,<50,251,2,2,2,2,0,0,7,0,19,0,0,0,0,0,2,2
P1410__1024__1648___4928,1,<50,118,1,1,1,1,0,0,4,0,10,0,0,0,1,1,0,0
P1410__1024__2472___2472,1,<50,226,1,1,1,1,0,0,4,0,6,0,0,0,1,1,0,0
P1410__1024__2472___3296,7,<50,217,5,7,7,7,0,0,1,0,1,0,6,6,0,0,1,1
P1410__1024__2472___4928,1,<50,82,1,1,1,1,0,0,4,0,8,0,0,0,1,1,0,0
P1410__1024__3296___1648,2,<50,66,1,1,1,1,0,0,3,0,6,0,0,0,1,0,1,1
P1410__1024__3296___3296,4,<50,146,3,4,4,4,0,0,0,0,0,0,3,3,1,1,0,0
P1410__1024__3296___4120,2,<50,427,1,1,2,2,1,0,1,0,8,0,0,0,1,0,1,1
P1410__1024__3296___824,2,<50,76,2,2,2,2,0,0,4,0,5,0,0,0,0,0,2,2
P1410__1024__4120___1648,2,<50,59,2,2,2,2,0,0,7,0,7,0,0,0,0,0,2,2
P1410__1024__4120___2472,3,<50,321,3,3,3,3,0,0,18,0,39,0,0,0,0,0,3,3
P1410__1024__4120___824,2,<50,55,2,2,2,2,0,0,2,0,3,0,0,0,0,0,2,2
P1410__1024__4312___1648,2,<50,56,2,2,2,2,0,0,5,0,7,0,0,0,0,0,2,2
P1410__1024__4312___2472,2,<50,348,2,2,2,2,0,0,31,0,48,0,0,0,0,0,2,2
P1410__1024__4312___824,2,<50,62,2,2,2,2,0,0,1,0,4,0,0,0,0,0,2,2
P1410__1024__824___0,2,<50,25,2,2,2,2,0,0,2,0,2,0,0,0,0,0,2,2
P1410__1024__824___1648,1,<50,14,0,0,0,0,0,0,0,0,0,0,0,0,0,0,1,0
P1410__1024__824___2472,4,<50,170,1,1,1,1,0,0,10,0,20,0,0,0,3,0,1,1
P1410__1024__824___3296,5,<50,53,5,5,5,5,0,0,5,0,6,0,0,0,0,0,5,5
P1410__1024__824___4120,2,<50,93,2,2,2,2,0,0,6,0,9,0,0,0,1,1,1,1
P1429__1024__0___0,16,<50,205,16,16,16,16,0,0,22,0,27,0,0,0,0,0,16,16
P1429__1024__0___1648,1,<50,2,1,1,1,1,0,0,1,0,1,0,0,0,0,0,1,1
P1429__1024__0___1776,1,<50,13,1,1,1,1,0,0,2,0,2,0,0,0,0,0,1,1
P1429__1024__0___824,6,<50,95,6,6,6,6,0,0,6,0,8,0,0,0,0,0,6,6
P1429__1024__1648___1648,1,<50,69,1,1,1,1,0,0,0,0,1,0,0,0,0,0,1,1
P1429__1024__1648___1776,1,<50,72,1,1,1,1,0,0,0,0,2,0,0,0,0,0,1,1
P1429__1024__2141___1648,2,<50,140,2,2,2,2,0,0,3,0,8,0,0,0,0,0,2,2
P1429__1024__2141___1776,2,<50,135,2,2,2,2,0,0,5,0,11,0,0,0,0,0,2,2
P1432__1024__0___2472,4,<50,18,3,3,3,3,0,0,3,0,3,0,0,0,2,2,2,1
P1432__1024__1648___0,2,<50,84,2,2,2,2,0,0,3,0,4,0,0,0,2,2,0,0
P1432__1024__1648___824,4,<50,118,4,4,4,4,0,0,5,0,6,0,0,0,4,4,0,0
P1432__1024__2363___1648,6,<50,48,6,6,6,6,0,0,8,0,8,0,0,0,6,6,0,0
P1432__1024__2363___2472,1,<50,4,1,1,1,1,0,0,0,0,1,0,0,0,0,0,1,1
P1432__1024__2363___824,4,<50,26,4,4,4,4,0,0,5,0,6,0,0,0,3,3,1,1
P1432__1024__824___0,1,<50,86,1,1,1,1,0,0,3,0,5,0,0,0,1,1,0,0
P1432__1024__824___1648,3,<50,24,1,1,1,1,0,0,1,0,1,0,0,0,3,1,0,0
P1432__1024__824___2472,4,<50,29,1,1,1,1,0,0,1,0,1,0,0,0,3,0,1,1
P1432__1024__824___824,6,<50,119,3,3,3,3,0,0,6,0,7,0,0,0,4,2,2,1
P1434__1024__0___0,18,<50,164,18,18,18,18,0,0,24,0,29,0,3,3,15,15,0,0
P1434__1024__0___824,11,<50,147,10,10,10,10,0,0,13,0,22,0,0,0,10,9,1,1
P1434__1024__0___891,8,<50,139,7,7,7,7,0,0,7,0,22,0,0,0,7,6,1,1
P1434__1024__824___0,79,50-100,420,59,71,72,72,1,0,69,0,96,0,3,3,75,67,1,1
P1434__1024__824___824,30,<50,117,30,30,30,30,0,0,34,0,38,0,0,0,28,28,2,2
P1434__1024__824___891,26,<50,152,26,26,26,26,0,0,31,0,41,0,0,0,24,24,2,2
P1434__1024__982___0,85,50-100,359,66,74,75,75,1,0,72,0,91,0,3,3,81,70,1,1
P1434__1024__982___824,32,<50,120,32,32,32,32,0,0,31,0,35,0,0,0,30,30,2,2
P1434__1024__982___891,26,<50,154,26,26,26,26,0,0,29,0,40,0,0,0,24,24,2,2
P1440__1024__0___621,5,<50,27,5,5,5,5,0,0,5,0,6,0,0,0,0,0,5,5
P1440__1024__824___0,2,<50,12,2,2,2,2,0,0,1,0,1,0,0,0,0,0,2,2
P1440__1024__950___0,2,<50,10,1,1,1,1,0,0,1,0,1,0,0,0,0,0,2,1
P1452__1024__0___0,36,<50,200,2,2,2,2,0,0,48,0,66,0,0,0,36,2,0,0
P1456__1024__0___0,1,<50,14,1,1,1,1,0,0,2,0,3,0,0,0,0,0,1,1
P1456__1024__0___1488,6,<50,66,6,6,6,6,0,0,6,0,7,0,0,0,0,0,6,6
P1456__1024__0___824,10,<50,51,10,10,10,10,0,0,11,0,14,0,0,0,0,0,10,10
P1456__1024__2470___824,2,<50,60,2,2,2,2,0,0,2,0,2,0,0,0,0,0,2,2
P1456__1024__824___1488,1,<50,21,1,1,1,1,0,0,2,0,3,0,0,0,0,0,1,1
P1456__1024__824___824,1,<50,20,1,1,1,1,0,0,2,0,2,0,0,0,0,0,1,1
P1463__1024__0___1648,2,<50,50,2,2,2,2,0,0,3,0,4,0,0,0,0,0,2,2
P1463__1024__0___824,4,<50,58,4,4,4,4,0,0,10,0,11,0,0,0,0,0,4,4
P1463__1024__1648___1648,3,<50,56,3,3,3,3,0,0,2,0,9,0,0,0,0,0,3,3
P1463__1024__1648___2022,2,<50,36,2,2,2,2,0,0,2,0,4,0,0,0,0,0,2,2
P1463__1024__2472___1648,3,<50,63,3,3,3,3,0,0,3,0,6,0,0,0,0,0,3,3
P1463__1024__2472___2022,1,<50,37,1,1,1,1,0,0,1,0,1,0,0,0,0,0,1,1
P1463__1024__824___824,6,<50,46,5,5,5,5,0,0,6,0,7,0,0,0,0,0,6,5
P1471__1024__0___1648,3,<50,25,2,2,2,2,0,0,2,0,3,0,0,0,0,0,3,2
P1471__1024__1648___0,3,<50,28,3,3,3,3,0,0,3,0,4,0,0,0,0,0,3,3
P1471__1024__1648___824,1,<50,37,1,1,1,1,0,0,3,0,4,0,0,0,0,0,1,1
P1471__1024__2472___0,1,<50,16,1,1,1,1,0,0,1,0,2,0,0,0,0,0,1,1
P1473__1024__0___0,24,<50,131,24,24,24,24,0,0,32,0,49,0,0,0,11,11,13,13
P1473__1024__107___0,24,<50,101,24,24,24,24,0,0,31,0,40,0,0,0,11,11,13,13
P1474__1024__1648___1648,7,<50,6,3,3,3,3,0,0,0,0,0,0,0,0,5,1,2,2
P1474__1024__1648___2472,6,<50,12,2,2,2,2,0,0,0,0,0,0,0,0,5,1,1,1
P1474__1024__1648___3296,4,<50,28,2,2,2,2,0,0,3,0,4,0,0,0,4,2,0,0
P1474__1024__1648___4120,7,<50,41,7,7,7,7,0,0,9,0,10,0,0,0,7,7,0,0
P1474__1024__1648___4944,3,<50,27,3,3,3,3,0,0,4,0,4,0,0,0,3,3,0,0
P1474__1024__2048___1648,1,<50,3,0,0,0,0,0,0,0,0,0,0,0,0,1,0,0,0
P1474__1024__2048___3296,2,<50,8,0,0,0,0,0,0,0,0,0,0,0,0,2,0,0,0
P1474__1024__2048___4120,2,<50,50,2,2,2,2,0,0,4,0,5,0,0,0,2,2,0,0
P1474__1024__2048___4944,3,<50,18,3,3,3,3,0,0,3,0,3,0,0,0,3,3,0,0
P1474__1024__824___1648,13,<50,9,8,8,8,8,0,0,7,0,7,0,0,0,11,7,2,1
P1474__1024__824___2472,1,<50,1,0,0,0,0,0,0,0,0,0,0,0,0,0,0,1,0
P1474__1024__824___824,7,<50,10,6,6,6,6,0,0,7,0,7,0,0,0,7,6,0,0
P1476__1024__0___0,9,<50,66,9,9,9,9,0,0,16,0,16,0,0,0,5,5,4,4
P1476__1024__0___824,3,<50,107,3,3,3,3,0,0,27,0,29,0,0,0,3,3,0,0
P1476__1024__1501___0,6,<50,78,6,6,6,6,0,0,12,0,13,0,0,0,6,6,0,0
P1476__1024__1501___1009,7,<50,65,7,7,7,7,0,0,15,0,21,0,0,0,7,7,0,0
P1476__1024__1501___824,10,<50,115,10,10,10,10,0,0,19,0,26,0,0,0,10,10,0,0
P1476__1024__824___0,15,<50,96,15,15,15,15,0,0,22,0,25,0,0,0,5,5,10,10
P1476__1024__824___1009,14,<50,70,14,14,14,14,0,0,25,0,27,0,0,0,11,11,3,3
P1476__1024__824___824,16,<50,96,16,16,16,16,0,0,27,0,31,0,0,0,11,11,5,5
P1478__1024__0___0,486,>=300,1000,100,300,469,481,181,0,505,1,537,1,461,300,25,0,0,0
P1478__1024__0___824,325,>=300,946,100,275,304,309,34,0,298,0,344,1,242,237,83,38,0,0
P1478__1024__0___962,230,150-300,665,99,206,214,214,8,0,177,0,215,0,149,147,81,59,0,0
P1478__1024__824___0,616,>=300,1000,100,300,583,611,311,0,636,1,662,1,594,295,22,5,0,0
P1478__1024__824___824,374,>=300,770,100,291,368,369,78,0,401,1,425,1,337,285,37,6,0,0
P1478__1024__824___962,290,150-300,485,100,268,275,275,7,0,264,0,277,0,258,258,32,10,0,0
P1478__1024__853___0,615,>=300,1000,100,300,579,610,310,0,631,1,665,1,594,295,21,5,0,0
P1478__1024__853___824,371,>=300,786,100,291,359,359,68,0,394,1,416,1,334,284,37,7,0,0
P1478__1024__853___962,287,150-300,472,100,267,272,272,5,0,236,0,266,0,255,255,32,12,0,0
P1483__1024__0___0,3,<50,6,3,3,3,3,0,0,3,0,3,0,0,0,0,0,3,3
P1483__1024__0___824,2,<50,7,2,2,2,2,0,0,3,0,3,0,0,0,0,0,2,2
P1483__1024__0___875,2,<50,12,2,2,2,2,0,0,3,0,3,0,0,0,0,0,2,2
P1483__1024__693___0,1,<50,7,1,1,1,1,0,0,2,0,2,0,0,0,0,0,1,1
P1483__1024__693___824,2,<50,11,2,2,2,2,0,0,3,0,3,0,0,0,0,0,2,2
P1483__1024__693___875,2,<50,7,2,2,2,2,0,0,3,0,3,0,0,0,0,0,2,2
P1492__1024__0___0,1,<50,25,1,1,1,1,0,0,2,0,2,0,0,0,0,0,1,1
P1492__1024__0___1648,2,<50,22,2,2,2,2,0,0,2,0,3,0,0,0,0,0,2,2
P1492__1024__0___1710,2,<50,21,2,2,2,2,0,0,2,0,3,0,0,0,0,0,2,2
P1492__1024__569___0,2,<50,14,2,2,2,2,0,0,2,0,2,0,0,0,0,0,2,2
P1492__1024__569___1648,1,<50,25,1,1,1,1,0,0,4,0,5,0,0,0,0,0,1,1
P1492__1024__569___1710,1,<50,21,1,1,1,1,0,0,5,0,5,0,0,0,0,0,1,1
P1506__1024__0___0,2,<50,6,2,2,2,2,0,0,2,0,3,0,0,0,0,0,2,2
P1506__1024__1648___824,1,<50,8,1,1,1,1,0,0,2,0,2,0,0,0,0,0,1,1
P1506__1024__2355___824,2,<50,8,2,2,2,2,0,0,4,0,4,0,0,0,0,0,2,2
P1506__1024__824___0,1,<50,5,1,1,1,1,0,0,3,0,3,0,0,0,0,0,1,1
P1506__1024__824___824,1,<50,13,1,1,1,1,0,0,2,0,2,0,0,0,0,0,1,1
P1508__1024__0___0,3,<50,59,2,2,2,2,0,0,4,0,5,0,0,0,0,0,3,2
P1508__1024__0___1648,2,<50,24,2,2,2,2,0,0,3,0,3,0,0,0,1,1,1,1
P1508__1024__0___824,3,<50,57,3,3,3,3,0,0,3,0,4,0,0,0,0,0,3,3
P1508__1024__548___0,3,<50,73,2,2,2,2,0,0,6,0,12,0,0,0,0,0,3,2
P1508__1024__548___1648,4,<50,36,4,4,4,4,0,0,4,0,5,0,0,0,0,0,4,4
P1508__1024__548___2472,2,<50,68,2,2,2,2,0,0,2,0,4,0,0,0,0,0,2,2
P1508__1024__548___2707,2,<50,16,2,2,2,2,0,0,2,0,2,0,0,0,0,0,2,2
P1508__1024__548___824,5,<50,44,5,5,5,5,0,0,8,0,10,0,0,0,0,0,5,5
P1512__1024__0___0,4,<50,61,4,4,4,4,0,0,6,0,7,0,0,0,1,1,3,3
P1512__1024__0___717,8,<50,45,8,8,8,8,0,0,6,0,7,0,1,1,5,5,2,2
P1512__1024__692___0,30,<50,146,29,29,29,29,0,0,32,0,34,0,11,10,13,13,6,6
P1512__1024__692___717,70,50-100,211,63,64,64,64,0,0,71,0,76,0,47,41,23,23,0,0
P1513__1024__0___0,4,<50,12,4,4,4,4,0,0,4,0,4,0,0,0,0,0,4,4
P1513__1024__0___1648,2,<50,10,2,2,2,2,0,0,3,0,3,0,0,0,0,0,2,2
P1513__1024__0___2472,7,<50,23,7,7,7,7,0,0,8,0,9,0,0,0,1,1,6,6
P1513__1024__0___3114,2,<50,34,2,2,2,2,0,0,3,0,4,0,0,0,1,1,1,1
P1513__1024__1628___0,3,<50,44,3,3,3,3,0,0,5,0,6,0,3,3,0,0,0,0
P1513__1024__1628___1648,15,<50,90,13,13,13,13,0,0,12,0,16,0,8,6,7,7,0,0
P1513__1024__1628___2472,29,<50,98,26,26,26,26,0,0,27,0,32,0,26,24,3,2,0,0
P1513__1024__1628___3114,6,<50,61,6,6,6,6,0,0,10,0,10,0,1,1,4,4,1,1
P1513__1024__1628___824,2,<50,34,2,2,2,2,0,0,3,0,3,0,0,0,2,2,0,0
P1513__1024__824___0,6,<50,44,6,6,6,6,0,0,6,0,8,0,4,4,1,1,1,1
P1513__1024__824___1648,15,<50,20,11,11,11,11,0,0,3,0,6,0,12,8,0,0,3,3
P1513__1024__824___2472,11,<50,66,10,10,10,10,0,0,10,0,13,0,6,6,1,1,4,3
P1513__1024__824___3114,8,<50,69,8,8,8,8,0,0,10,0,13,0,1,1,5,5,2,2
P1513__1024__824___824,4,<50,32,4,4,4,4,0,0,7,0,8,0,4,4,0,0,0,0
P1518__1024__0___1648,1,<50,16,1,1,1,1,0,0,1,0,2,0,1,1,0,0,0,0
P1518__1024__0___2472,2,<50,27,2,2,2,2,0,0,1,0,2,0,0,0,2,2,0,0
P1518__1024__2472___2472,3,<50,15,1,1,1,1,0,0,0,0,1,0,2,0,1,1,0,0
P1518__1024__2472___2976,4,<50,10,1,1,1,1,0,0,1,0,2,0,3,0,1,1,0,0
P1518__1024__2976___2472,1,<50,5,0,0,0,0,0,0,0,0,0,0,1,0,0,0,0,0
P1529__1024__0___1648,1,<50,6,1,1,1,1,0,0,1,0,1,0,0,0,0,0,1,1
P1529__1024__1648___1648,3,<50,97,3,3,3,3,0,0,6,0,6,0,3,3,0,0,0,0
P1529__1024__1648___2472,1,<50,19,1,1,1,1,0,0,3,0,3,0,0,0,1,1,0,0
P1529__1024__1648___2976,1,<50,33,1,1,1,1,0,0,1,0,4,0,0,0,1,1,0,0
P1529__1024__1648___824,4,<50,364,4,4,4,4,0,0,14,0,26,0,1,1,3,3,0,0
P1529__1024__2472___0,1,<50,27,1,1,1,1,0,0,1,0,2,0,0,0,1,1,0,0
P1529__1024__2472___2472,1,<50,17,1,1,1,1,0,0,2,0,2,0,0,0,1,1,0,0
P1529__1024__2472___2976,1,<50,16,1,1,1,1,0,0,1,0,2,0,0,0,1,1,0,0
P1529__1024__2976___1648,2,<50,8,2,2,2,2,0,0,2,0,2,0,0,0,2,2,0,0
P1529__1024__2976___2472,7,<50,72,7,7,7,7,0,0,7,0,9,0,2,2,5,5,0,0
P1529__1024__2976___2976,3,<50,82,3,3,3,3,0,0,3,0,4,0,0,0,3,3,0,0
P1541__1024__0___1648,1,<50,5,1,1,1,1,0,0,1,0,1,0,0,0,1,1,0,0
P1541__1024__0___824,1,<50,17,1,1,1,1,0,0,2,0,2,0,0,0,1,1,0,0
P1541__1024__1648___1648,2,<50,11,1,1,1,1,0,0,0,0,0,0,2,1,0,0,0,0
P1541__1024__2472___1648,1,<50,6,1,1,1,1,0,0,0,0,0,0,0,0,1,1,0,0
P1541__1024__2472___824,1,<50,22,1,1,1,1,0,0,0,0,0,0,0,0,1,1,0,0
P1541__1024__2976___1648,1,<50,30,0,0,0,0,0,0,0,0,0,0,0,0,1,0,0,0
P1541__1024__2976___824,1,<50,32,0,0,0,0,0,0,0,0,0,0,0,0,1,0,0,0
P1542__1024__1648___1648,1,<50,32,0,0,0,0,0,0,1,0,2,0,0,0,1,0,0,0
P1542__1024__1648___2472,1,<50,20,1,1,1,1,0,0,0,0,1,0,0,0,1,1,0,0
P1547__1024__0___2976,2,<50,9,2,2,2,2,0,0,0,0,1,0,0,0,2,2,0,0
P1547__1024__824___0,1,<50,30,1,1,1,1,0,0,1,0,1,0,0,0,1,1,0,0
P1547__1024__824___2472,1,<50,16,1,1,1,1,0,0,2,0,2,0,0,0,1,1,0,0
P1557__1024__1648___1648,1,<50,11,0,0,0,0,0,0,1,0,1,0,0,0,1,0,0,0
P1557__1024__2976___1648,1,<50,7,1,1,1,1,0,0,0,0,0,0,0,0,1,1,0,0
P1560__1024__0___0,1,<50,7,1,1,1,1,0,0,0,0,1,0,0,0,1,1,0,0
P1560__1024__0___824,1,<50,5,1,1,1,1,0,0,0,0,2,0,0,0,1,1,0,0
P1560__1024__1648___2472,1,<50,14,1,1,1,1,0,0,1,0,1,0,0,0,1,1,0,0
P1560__1024__1648___2976,1,<50,8,1,1,1,1,0,0,1,0,1,0,0,0,1,1,0,0
P1560__1024__2472___2472,1,<50,13,1,1,1,1,0,0,2,0,3,0,0,0,1,1,0,0
P1560__1024__2472___2976,1,<50,22,1,1,1,1,0,0,2,0,2,0,0,0,1,1,0,0
P1560__1024__2976___2472,1,<50,10,1,1,1,1,0,0,1,0,3,0,0,0,1,1,0,0
P1560__1024__2976___2976,1,<50,12,1,1,1,1,0,0,1,0,3,0,0,0,1,1,0,0
P1560__1024__824___2976,1,<50,26,1,1,1,1,0,0,1,0,1,0,0,0,1,1,0,0
P1561__1024__0___2976,1,<50,0,0,0,0,0,0,0,0,0,0,0,0,0,0,0,1,0
P1561__1024__2472___2472,1,<50,10,1,1,1,1,0,0,0,0,1,0,0,0,0,0,1,1
P1561__1024__2472___2976,1,<50,7,1,1,1,1,0,0,0,0,0,0,0,0,0,0,1,1
P1561__1024__824___2976,1,<50,2,0,0,0,0,0,0,0,0,0,0,0,0,0,0,1,0
P1566__1024__0___0,1,<50,6,1,1,1,1,0,0,1,0,2,0,0,0,1,1,0,0
P1566__1024__0___1648,1,<50,18,1,1,1,1,0,0,0,0,0,0,0,0,1,1,0,0
P1566__1024__0___2472,2,<50,25,2,2,2,2,0,0,2,0,2,0,0,0,2,2,0,0
P1566__1024__1648___2472,1,<50,14,1,1,1,1,0,0,1,0,1,0,0,0,1,1,0,0
P1566__1024__1648___2976,2,<50,16,2,2,2,2,0,0,2,0,4,0,0,0,2,2,0,0
P1566__1024__2472___1648,4,<50,38,4,4,4,4,0,0,3,0,5,0,1,1,3,3,0,0
P1566__1024__2976___1648,8,<50,72,8,8,8,8,0,0,7,0,10,0,3,3,5,5,0,0
P1566__1024__824___1648,2,<50,26,2,2,2,2,0,0,1,0,1,0,2,2,0,0,0,0
P1566__1024__824___2472,2,<50,25,2,2,2,2,0,0,2,0,2,0,0,0,2,2,0,0
P1566__1024__824___2976,2,<50,29,2,2,2,2,0,0,2,0,4,0,0,0,2,2,0,0
P1566__1024__824___824,4,<50,30,4,4,4,4,0,0,1,0,3,0,2,2,2,2,0,0
P1569__1024__0___1648,2,<50,27,2,2,2,2,0,0,3,0,3,0,0,0,2,2,0,0
P1569__1024__1648___2472,1,<50,12,1,1,1,1,0,0,1,0,1,0,0,0,1,1,0,0
P1569__1024__1648___2976,1,<50,7,1,1,1,1,0,0,0,0,1,0,0,0,1,1,0,0
P1569__1024__3270___1648,1,<50,2,0,0,0,0,0,0,0,0,0,0,0,0,0,0,1,0
P1569__1024__824___1648,1,<50,12,1,1,1,1,0,0,1,0,2,0,0,0,1,1,0,0
P1569__1024__824___824,2,<50,20,2,2,2,2,0,0,2,0,2,0,0,0,2,2,0,0
P1570__1024__0___1648,1,<50,9,1,1,1,1,0,0,1,0,1,0,0,0,1,1,0,0
P1570__1024__0___2472,1,<50,8,1,1,1,1,0,0,1,0,1,0,0,0,1,1,0,0
P1570__1024__1648___0,1,<50,17,1,1,1,1,0,0,0,0,0,0,0,0,1,1,0,0
P1570__1024__1648___1648,1,<50,9,1,1,1,1,0,0,1,0,1,0,0,0,1,1,0,0
P1570__1024__2472___824,1,<50,18,1,1,1,1,0,0,0,0,2,0,0,0,1,1,0,0
P1570__1024__2976___1648,1,<50,13,0,0,0,0,0,0,1,0,2,0,0,0,1,0,0,0
P1570__1024__2976___2472,1,<50,5,0,0,0,0,0,0,1,0,1,0,0,0,1,0,0,0
P1570__1024__2976___3296,2,<50,41,2,2,2,2,0,0,2,0,4,0,0,0,2,2,0,0
P1570__1024__2976___3940,1,<50,33,1,1,1,1,0,0,2,0,2,0,0,0,1,1,0,0
P1573__1024__0___0,2,<50,3,2,2,2,2,0,0,2,0,2,0,0,0,2,2,0,0
P1573__1024__0___3940,1,<50,22,1,1,1,1,0,0,2,0,2,0,0,0,0,0,1,1
P1573__1024__0___824,1,<50,4,1,1,1,1,0,0,1,0,1,0,0,0,1,1,0,0
P1573__1024__1648___1648,2,<50,16,2,2,2,2,0,0,2,0,2,0,0,0,2,2,0,0
P1573__1024__1648___3940,2,<50,13,2,2,2,2,0,0,3,0,3,0,0,0,1,1,1,1
P1573__1024__2472___1648,1,<50,14,1,1,1,1,0,0,1,0,3,0,0,0,1,1,0,0
P1573__1024__2472___3296,2,<50,4,2,2,2,2,0,0,2,0,3,0,0,0,2,2,0,0
P1573__1024__2472___3940,1,<50,10,1,1,1,1,0,0,0,0,2,0,0,0,0,0,1,1
P1573__1024__3270___3296,2,<50,4,2,2,2,2,0,0,1,0,2,0,0,0,2,2,0,0
P1573__1024__824___1648,6,<50,32,6,6,6,6,0,0,6,0,7,0,0,0,6,6,0,0
P1573__1024__824___3296,1,<50,4,0,0,0,0,0,0,0,0,0,0,0,0,1,0,0,0
P1573__1024__824___3940,2,<50,6,1,1,1,1,0,0,1,0,1,0,0,0,2,1,0,0
P1573__1024__824___824,2,<50,26,2,2,2,2,0,0,3,0,3,0,0,0,2,2,0,0
P1577__1024__1648___824,1,<50,5,1,1,1,1,0,0,1,0,1,0,0,0,0,0,1,1
P1577__1024__824___0,3,<50,27,3,3,3,3,0,0,4,0,4,0,0,0,2,2,1,1
P1577__1024__824___824,3,<50,29,3,3,3,3,0,0,3,0,3,0,0,0,2,2,1,1
P1579__1024__1648___2976,4,<50,8,2,2,2,2,0,0,0,0,0,0,0,0,4,2,0,0
P1579__1024__2976___1648,1,<50,16,1,1,1,1,0,0,0,0,1,0,0,0,1,1,0,0
P1579__1024__824___2472,9,<50,17,9,9,9,9,0,0,9,0,9,0,4,4,5,5,0,0
P1579__1024__824___2976,9,<50,16,9,9,9,9,0,0,9,0,9,0,4,4,5,5,0,0
P1581__1024__0___2472,3,<50,12,3,3,3,3,0,0,3,0,3,0,0,0,3,3,0,0
P1581__1024__0___2976,2,<50,16,2,2,2,2,0,0,3,0,3,0,0,0,2,2,0,0
P1581__1024__1648___0,7,<50,71,7,7,7,7,0,0,6,0,10,0,6,6,1,1,0,0
P1581__1024__1648___824,7,<50,126,7,7,7,7,0,0,6,0,10,0,6,6,1,1,0,0
P1581__1024__824___0,5,<50,53,5,5,5,5,0,0,4,0,11,0,5,5,0,0,0,0
P1581__1024__824___1648,1,<50,25,1,1,1,1,0,0,1,0,2,0,1,1,0,0,0,0
P1581__1024__824___2976,1,<50,7,1,1,1,1,0,0,2,0,2,0,0,0,1,1,0,0
P1581__1024__824___824,5,<50,56,5,5,5,5,0,0,5,0,9,0,5,5,0,0,0,0
P1583__1024__1648___1648,11,<50,82,10,10,10,10,0,0,11,0,15,0,10,9,1,1,0,0
P1583__1024__1648___2472,1,<50,65,0,0,0,0,0,0,4,0,4,0,1,0,0,0,0,0
P1583__1024__1648___3296,3,<50,72,3,3,3,3,0,0,2,0,3,0,1,1,2,2,0,0
P1583__1024__2472___1648,5,<50,64,5,5,5,5,0,0,6,0,7,0,0,0,5,5,0,0
P1583__1024__2472___2472,5,<50,52,5,5,5,5,0,0,6,0,8,0,1,1,4,4,0,0
P1583__1024__2976___0,1,<50,14,1,1,1,1,0,0,1,0,1,0,0,0,1,1,0,0
P1583__1024__2976___1648,1,<50,30,1,1,1,1,0,0,2,0,3,0,0,0,1,1,0,0
P1583__1024__2976___2472,4,<50,133,4,4,4,4,0,0,5,0,10,0,0,0,4,4,0,0
P1583__1024__824___3296,6,<50,73,6,6,6,6,0,0,5,0,7,0,2,2,4,4,0,0
P1584__1024__0___0,3,<50,40,3,3,3,3,0,0,3,0,3,0,0,0,3,3,0,0
P1584__1024__0___2472,5,<50,25,5,5,5,5,0,0,5,0,5,0,0,0,5,5,0,0
P1584__1024__0___824,1,<50,29,1,1,1,1,0,0,1,0,1,0,0,0,1,1,0,0
P1584__1024__1648___3296,5,<50,49,5,5,5,5,0,0,6,0,6,0,0,0,3,3,2,2
P1584__1024__1648___3947,1,<50,9,1,1,1,1,0,0,1,0,1,0,0,0,0,0,1,1
P1584__1024__2472___1648,1,<50,3,0,0,0,0,0,0,0,0,0,0,1,0,0,0,0,0
P1584__1024__2472___3296,2,<50,19,2,2,2,2,0,0,2,0,2,0,0,0,1,1,1,1
P1584__1024__2472___3947,2,<50,36,2,2,2,2,0,0,2,0,2,0,0,0,1,1,1,1
P1584__1024__3268___0,1,<50,7,1,1,1,1,0,0,0,0,0,0,0,0,1,1,0,0
P1584__1024__3268___1648,5,<50,13,4,4,4,4,0,0,3,0,5,0,5,4,0,0,0,0
P1584__1024__3268___2472,2,<50,14,2,2,2,2,0,0,2,0,2,0,2,2,0,0,0,0
P1584__1024__824___3296,1,<50,12,1,1,1,1,0,0,2,0,3,0,0,0,0,0,1,1
P1586__1024__0___0,5,<50,41,5,5,5,5,0,0,5,0,5,0,3,3,2,2,0,0
P1586__1024__0___2472,1,<50,9,1,1,1,1,0,0,1,0,1,0,0,0,1,1,0,0
P1586__1024__0___2976,3,<50,22,3,3,3,3,0,0,2,0,3,0,1,1,2,2,0,0
P1586__1024__0___824,4,<50,28,4,4,4,4,0,0,3,0,3,0,3,3,1,1,0,0
P1586__1024__1648___1648,2,<50,8,2,2,2,2,0,0,0,0,0,0,0,0,2,2,0,0
P1586__1024__1648___824,1,<50,19,1,1,1,1,0,0,2,0,2,0,0,0,1,1,0,0
P1586__1024__2472___1648,3,<50,19,3,3,3,3,0,0,1,0,1,0,0,0,3,3,0,0
P1586__1024__2976___1648,2,<50,15,2,2,2,2,0,0,2,0,2,0,0,0,0,0,2,2
P1586__1024__824___824,1,<50,11,1,1,1,1,0,0,2,0,3,0,0,0,1,1,0,0
P1596__1024__0___1648,2,<50,8,2,2,2,2,0,0,2,0,2,0,0,0,0,0,2,2
P1596__1024__0___2472,1,<50,4,1,1,1,1,0,0,1,0,1,0,1,1,0,0,0,0
P1598__1024__0___0,5,<50,37,5,5,5,5,0,0,6,0,7,0,0,0,4,4,1,1
P1598__1024__0___2472,1,<50,14,1,1,1,1,0,0,1,0,1,0,0,0,1,1,0,0
P1598__1024__0___824,2,<50,24,2,2,2,2,0,0,2,0,2,0,0,0,1,1,1,1
P1598__1024__1648___0,1,<50,45,1,1,1,1,0,0,1,0,3,0,0,0,1,1,0,0
P1598__1024__1648___1648,1,<50,7,1,1,1,1,0,0,1,0,1,0,0,0,0,0,1,1
P1598__1024__1648___2472,2,<50,9,2,2,2,2,0,0,1,0,1,0,0,0,1,1,1,1
P1598__1024__1648___3296,1,<50,20,1,1,1,1,0,0,1,0,1,0,0,0,1,1,0,0
P1598__1024__1648___3954,1,<50,11,0,0,0,0,0,0,1,0,1,0,0,0,1,0,0,0
P1598__1024__1648___824,1,<50,10,1,1,1,1,0,0,2,0,2,0,0,0,1,1,0,0
P1598__1024__2472___0,5,<50,39,5,5,5,5,0,0,4,0,5,0,0,0,5,5,0,0
P1598__1024__2472___1648,2,<50,8,2,2,2,2,0,0,2,0,2,0,1,1,1,1,0,0
P1598__1024__2472___2472,2,<50,7,2,2,2,2,0,0,1,0,1,0,0,0,1,1,1,1
P1598__1024__2472___824,2,<50,18,2,2,2,2,0,0,2,0,2,0,0,0,2,2,0,0
P1598__1024__2976___0,3,<50,25,3,3,3,3,0,0,3,0,3,0,0,0,3,3,0,0
P1598__1024__2976___1648,8,<50,21,5,5,5,5,0,0,4,0,5,0,4,1,4,4,0,0
P1598__1024__2976___2472,1,<50,2,1,1,1,1,0,0,0,0,1,0,0,0,0,0,1,1
P1598__1024__2976___824,3,<50,27,3,3,3,3,0,0,4,0,5,0,0,0,3,3,0,0
P1598__1024__824___0,7,<50,89,6,6,6,6,0,0,8,0,8,0,1,1,5,5,1,0
P1598__1024__824___1648,1,<50,10,1,1,1,1,0,0,1,0,1,0,1,1,0,0,0,0
P1598__1024__824___2472,2,<50,18,2,2,2,2,0,0,2,0,2,0,1,1,1,1,0,0
P1598__1024__824___3954,1,<50,1,0,0,0,0,0,0,0,0,0,0,0,0,1,0,0,0
P1598__1024__824___824,1,<50,15,1,1,1,1,0,0,1,0,1,0,0,0,1,1,0,0
P1601__1024__0___1648,15,<50,131,14,14,14,14,0,0,15,0,19,0,15,14,0,0,0,0
P1601__1024__0___2472,12,<50,80,10,10,10,10,0,0,7,0,7,0,12,10,0,0,0,0
P1601__1024__0___2976,6,<50,25,3,3,3,3,0,0,0,0,0,0,6,3,0,0,0,0
P1601__1024__1648___824,2,<50,32,2,2,2,2,0,0,2,0,2,0,0,0,2,2,0,0
P1601__1024__2472___824,2,<50,39,2,2,2,2,0,0,1,0,3,0,0,0,2,2,0,0
P1601__1024__2976___824,2,<50,17,2,2,2,2,0,0,0,0,0,0,0,0,2,2,0,0
P1604__1024__2472___824,3,<50,121,3,3,3,3,0,0,6,0,7,0,0,0,2,2,1,1
P1604__1024__2976___1648,7,<50,198,7,7,7,7,0,0,8,0,11,0,0,0,7,7,0,0
P1604__1024__2976___2472,3,<50,152,3,3,3,3,0,0,6,0,7,0,0,0,3,3,0,0
P1604__1024__2976___824,5,<50,213,5,5,5,5,0,0,7,0,10,0,0,0,4,4,1,1
P1610__1024__0___0,2,<50,5,2,2,2,2,0,0,0,0,0,0,2,2,0,0,0,0
P1610__1024__1648___0,2,<50,18,2,2,2,2,0,0,0,0,3,0,2,2,0,0,0,0
P1610__1024__1648___1648,2,<50,19,2,2,2,2,0,0,2,0,2,0,0,0,0,0,2,2
P1610__1024__1648___2472,2,<50,32,2,2,2,2,0,0,2,0,3,0,0,0,0,0,2,2
P1610__1024__2472___0,2,<50,35,2,2,2,2,0,0,2,0,3,0,1,1,0,0,1,1
P1610__1024__2472___2976,1,<50,7,0,0,0,0,0,0,0,0,0,0,1,0,0,0,0,0
P1610__1024__2472___824,2,<50,16,1,1,1,1,0,0,1,0,1,0,1,0,1,1,0,0
P1610__1024__2976___0,2,<50,13,2,2,2,2,0,0,0,0,0,0,1,1,0,0,1,1
P1610__1024__2976___2976,31,<50,20,15,15,15,15,0,0,0,0,1,0,31,15,0,0,0,0
P1610__1024__2976___824,3,<50,19,3,3,3,3,0,0,1,0,2,0,1,1,2,2,0,0
P1610__1024__824___0,1,<50,14,1,1,1,1,0,0,1,0,1,0,0,0,1,1,0,0
P1619__1024__1648___1648,1,<50,7,1,1,1,1,0,0,0,0,0,0,0,0,1,1,0,0
P1619__1024__1648___2472,2,<50,12,2,2,2,2,0,0,0,0,1,0,1,1,1,1,0,0
P1619__1024__1648___2976,1,<50,1,1,1,1,1,0,0,0,0,0,0,1,1,0,0,0,0
P1619__1024__1648___824,2,<50,8,2,2,2,2,0,0,0,0,1,0,2,2,0,0,0,0
P1619__1024__2472___1648,1,<50,35,1,1,1,1,0,0,0,0,1,0,0,0,1,1,0,0
P1619__1024__2472___2472,1,<50,21,1,1,1,1,0,0,0,0,0,0,0,0,1,1,0,0
P1619__1024__2472___824,3,<50,24,2,2,2,2,0,0,1,0,1,0,2,2,1,0,0,0
P1619__1024__2976___1648,1,<50,43,1,1,1,1,0,0,0,0,0,0,0,0,1,1,0,0
P1619__1024__2976___824,1,<50,15,0,0,0,0,0,0,0,0,0,0,0,0,1,0,0,0
P1619__1024__824___2472,1,<50,8,1,1,1,1,0,0,0,0,0,0,1,1,0,0,0,0
P1619__1024__824___2976,1,<50,3,1,1,1,1,0,0,0,0,0,0,1,1,0,0,0,0
P1623__1024__0___0,2,<50,18,1,1,1,1,0,0,0,0,1,0,0,0,1,1,1,0
P1623__1024__1648___3296,1,<50,5,1,1,1,1,0,0,0,0,1,0,0,0,1,1,0,0
P1623__1024__2976___3934,28,<50,2,0,0,0,0,0,0,0,0,0,0,22,0,6,0,0,0
P1643__1024__1648___2976,1,<50,2,0,0,0,0,0,0,0,0,1,0,1,0,0,0,0,0
P1643__1024__2472___2472,7,<50,101,7,7,7,7,0,0,8,0,14,0,1,1,6,6,0,0
P1643__1024__2472___2976,4,<50,70,4,4,4,4,0,0,5,0,6,0,0,0,4,4,0,0
P1643__1024__2976___2472,1,<50,25,1,1,1,1,0,0,2,0,3,0,0,0,1,1,0,0
P1643__1024__2976___2976,2,<50,15,2,2,2,2,0,0,2,0,2,0,0,0,2,2,0,0
P1643__1024__824___1648,2,<50,10,1,1,1,1,0,0,2,0,2,0,1,0,1,1,0,0
P1643__1024__824___2472,2,<50,12,1,1,1,1,0,0,2,0,2,0,1,0,1,1,0,0
P1647__1024__0___1648,2,<50,39,2,2,2,2,0,0,3,0,3,0,0,0,2,2,0,0
P1647__1024__0___2472,3,<50,22,3,3,3,3,0,0,3,0,3,0,0,0,3,3,0,0
P1647__1024__0___824,2,<50,21,2,2,2,2,0,0,2,0,2,0,0,0,2,2,0,0
P1647__1024__1648___824,1,<50,29,1,1,1,1,0,0,1,0,2,0,0,0,1,1,0,0
P1647__1024__2472___0,1,<50,16,1,1,1,1,0,0,1,0,1,0,1,1,0,0,0,0
P1647__1024__2472___1648,3,<50,49,3,3,3,3,0,0,4,0,6,0,0,0,3,3,0,0
P1647__1024__2472___824,2,<50,42,2,2,2,2,0,0,2,0,4,0,0,0,2,2,0,0
P1647__1024__2976___0,1,<50,28,1,1,1,1,0,0,1,0,1,0,1,1,0,0,0,0
P1647__1024__2976___1648,3,<50,52,3,3,3,3,0,0,4,0,4,0,0,0,3,3,0,0
P1647__1024__2976___824,2,<50,42,2,2,2,2,0,0,2,0,2,0,0,0,2,2,0,0
P1647__1024__824___1648,1,<50,21,1,1,1,1,0,0,1,0,1,0,0,0,0,0,1,1
P1647__1024__824___2472,7,<50,21,7,7,7,7,0,0,7,0,7,0,6,6,1,1,0,0
P1647__1024__824___2976,14,<50,84,14,14,14,14,0,0,15,0,17,0,12,12,2,2,0,0
P1647__1024__824___824,2,<50,42,2,2,2,2,0,0,3,0,3,0,0,0,1,1,1,1
P1650__1024__1648___0,1,<50,3,1,1,1,1,0,0,1,0,1,0,0,0,1,1,0,0
P1650__1024__1648___1648,1,<50,59,1,1,1,1,0,0,1,0,1,0,0,0,1,1,0,0
P1650__1024__1648___824,1,<50,63,1,1,1,1,0,0,1,0,4,0,0,0,1,1,0,0
P1650__1024__3271___0,1,<50,14,1,1,1,1,0,0,2,0,2,0,0,0,1,1,0,0
P1650__1024__824___1648,2,<50,44,2,2,2,2,0,0,2,0,3,0,0,0,1,1,1,1
P1650__1024__824___824,3,<50,36,3,3,3,3,0,0,3,0,4,0,1,1,1,1,1,1
P1651__1024__1648___0,11,<50,66,11,11,11,11,0,0,12,0,12,0,2,2,9,9,0,0
P1651__1024__1648___1648,1,<50,49,1,1,1,1,0,0,3,0,3,0,0,0,1,1,0,0
P1651__1024__1648___824,5,<50,39,5,5,5,5,0,0,6,0,6,0,1,1,4,4,0,0
P1651__1024__2472___0,9,<50,55,9,9,9,9,0,0,9,0,11,0,2,2,7,7,0,0
P1651__1024__2472___1648,2,<50,31,2,2,2,2,0,0,3,0,4,0,0,0,2,2,0,0
P1651__1024__2472___824,5,<50,51,5,5,5,5,0,0,5,0,5,0,1,1,4,4,0,0
P1651__1024__2976___2472,5,<50,62,5,5,5,5,0,0,7,0,10,0,2,2,3,3,0,0
P1651__1024__2976___2976,5,<50,41,5,5,5,5,0,0,5,0,9,0,2,2,3,3,0,0
P1651__1024__824___0,5,<50,31,5,5,5,5,0,0,5,0,6,0,1,1,4,4,0,0
P1666__1024__0___0,2,<50,17,2,2,2,2,0,0,1,0,1,0,1,1,1,1,0,0
P1666__1024__0___2472,1,<50,1,1,1,1,1,0,0,0,0,0,0,0,0,1,1,0,0
P1666__1024__2472___2472,1,<50,7,1,1,1,1,0,0,0,0,1,0,1,1,0,0,0,0
P1666__1024__2472___2976,1,<50,4,1,1,1,1,0,0,1,0,1,0,1,1,0,0,0,0
P1666__1024__824___0,2,<50,11,2,2,2,2,0,0,1,0,1,0,0,0,2,2,0,0
P1666__1024__824___824,1,<50,9,1,1,1,1,0,0,1,0,1,0,1,1,0,0,0,0
P1672__1024__0___0,1,<50,28,1,1,1,1,0,0,0,0,1,0,0,0,1,1,0,0
P1672__1024__1648___0,16,<50,101,15,15,15,15,0,0,14,0,18,0,10,9,6,6,0,0
P1672__1024__1648___1648,3,<50,115,3,3,3,3,0,0,8,0,10,0,0,0,0,0,3,3
P1672__1024__1648___824,2,<50,4,0,0,0,0,0,0,0,0,0,0,2,0,0,0,0,0
P1672__1024__2472___0,14,<50,101,13,13,13,13,0,0,7,0,13,0,8,7,6,6,0,0
P1672__1024__2472___1648,1,<50,10,1,1,1,1,0,0,1,0,1,0,0,0,1,1,0,0
P1672__1024__2976___0,2,<50,42,2,2,2,2,0,0,2,0,4,0,0,0,2,2,0,0
P1672__1024__2976___1648,1,<50,14,1,1,1,1,0,0,1,0,1,0,0,0,1,1,0,0
P1672__1024__2976___824,2,<50,17,2,2,2,2,0,0,2,0,2,0,0,0,2,2,0,0
P1672__1024__824___0,2,<50,18,2,2,2,2,0,0,0,0,0,0,0,0,2,2,0,0
P1672__1024__824___1648,5,<50,143,5,5,5,5,0,0,7,0,9,0,0,0,0,0,5,5
P1679__1024__0___2472,3,<50,35,2,2,2,2,0,0,2,0,4,0,0,0,2,1,1,1
P1679__1024__0___3296,2,<50,18,2,2,2,2,0,0,1,0,4,0,0,0,1,1,1,1
P1679__1024__0___3962,1,<50,7,0,0,0,0,0,0,0,0,0,0,1,0,0,0,0,0
P1693__1024__1648___1648,1,<50,6,1,1,1,1,0,0,2,0,2,0,0,0,1,1,0,0
P1693__1024__2472___0,2,<50,16,2,2,2,2,0,0,2,0,3,0,0,0,1,1,1,1
P1693__1024__2472___1648,1,<50,6,1,1,1,1,0,0,2,0,2,0,0,0,1,1,0,0
P1693__1024__2472___824,1,<50,8,1,1,1,1,0,0,1,0,1,0,0,0,1,1,0,0
P1693__1024__2976___0,2,<50,26,2,2,2,2,0,0,2,0,2,0,0,0,1,1,1,1
P1693__1024__824___1648,1,<50,42,1,1,1,1,0,0,4,0,5,0,0,0,1,1,0,0
P1693__1024__824___2472,5,<50,25,5,5,5,5,0,0,5,0,6,0,0,0,4,4,1,1
P1699__1024__0___0,1,<50,23,1,1,1,1,0,0,0,0,1,0,0,0,1,1,0,0
P1700__1024__0___2976,1,<50,12,1,1,1,1,0,0,1,0,1,0,0,0,1,1,0,0
P1700__1024__0___824,1,<50,13,0,0,0,0,0,0,1,0,1,0,0,0,1,0,0,0
P1700__1024__1648___0,1,<50,8,1,1,1,1,0,0,0,0,0,0,1,1,0,0,0,0
P1700__1024__1648___2976,2,<50,12,1,1,1,1,0,0,2,0,2,0,1,0,1,1,0,0
P1700__1024__2472___0,3,<50,11,1,1,1,1,0,0,1,0,1,0,2,1,1,0,0,0
P1700__1024__2472___2472,2,<50,12,2,2,2,2,0,0,1,0,1,0,1,1,0,0,1,1
P1700__1024__2472___2976,1,<50,3,1,1,1,1,0,0,1,0,1,0,1,1,0,0,0,0
P1700__1024__2472___824,1,<50,22,0,0,0,0,0,0,0,0,0,0,1,0,0,0,0,0
P1700__1024__2976___0,10,<50,9,2,2,2,2,0,0,1,0,2,0,9,2,1,0,0,0
P1700__1024__2976___2472,2,<50,6,2,2,2,2,0,0,1,0,1,0,1,1,0,0,1,1
P1700__1024__2976___2976,1,<50,4,1,1,1,1,0,0,1,0,1,0,1,1,0,0,0,0
P1700__1024__824___2976,1,<50,12,0,0,0,0,0,0,1,0,1,0,1,0,0,0,0,0
P1713__1024__0___2976,4,<50,38,4,4,4,4,0,0,3,0,4,0,0,0,4,4,0,0
P1713__1024__824___2472,6,<50,58,6,6,6,6,0,0,7,0,9,0,0,0,6,6,0,0
P1713__1024__824___2976,16,<50,253,16,16,16,16,0,0,19,0,29,0,4,4,12,12,0,0
P1720__1024__2472___824,1,<50,42,1,1,1,1,0,0,1,0,1,0,0,0,0,0,1,1
P1720__1024__824___1648,1,<50,1,1,1,1,1,0,0,1,0,1,0,0,0,1,1,0,0
P1720__1024__824___2472,1,<50,6,1,1,1,1,0,0,1,0,1,0,0,0,1,1,0,0
P1732__1024__0___1648,4,<50,32,3,3,3,3,0,0,2,0,3,0,0,0,3,2,1,1
P1732__1024__0___824,2,<50,29,1,1,1,1,0,0,1,0,1,0,0,0,2,1,0,0
P1732__1024__1648___0,1,<50,2,1,1,1,1,0,0,0,0,0,0,0,0,1,1,0,0
P1732__1024__1648___1648,4,<50,14,3,3,3,3,0,0,0,0,2,0,0,0,4,3,0,0
P1732__1024__1648___2472,5,<50,32,4,4,4,4,0,0,1,0,4,0,1,1,4,3,0,0
P1732__1024__2472___0,1,<50,15,1,1,1,1,0,0,1,0,2,0,0,0,1,1,0,0
P1732__1024__2472___824,1,<50,10,1,1,1,1,0,0,2,0,3,0,0,0,1,1,0,0
P1732__1024__3258___824,3,<50,8,2,2,2,2,0,0,3,0,3,0,1,1,1,0,1,1
P1732__1024__824___0,2,<50,10,2,2,2,2,0,0,1,0,3,0,0,0,1,1,1,1
P1732__1024__824___1648,2,<50,7,2,2,2,2,0,0,4,0,5,0,0,0,1,1,1,1
P1738__1024__0___0,8,<50,155,5,5,5,5,0,0,5,0,11,0,1,0,7,5,0,0
P1738__1024__0___2472,7,<50,36,5,5,5,5,0,0,4,0,4,0,0,0,7,5,0,0
P1738__1024__0___2976,4,<50,29,4,4,4,4,0,0,4,0,4,0,0,0,4,4,0,0
P1738__1024__0___824,7,<50,62,5,5,5,5,0,0,4,0,9,0,1,0,6,5,0,0
P1738__1024__1648___1648,3,<50,28,2,2,2,2,0,0,1,0,1,0,0,0,2,2,1,0
P1738__1024__1648___2472,8,<50,95,6,6,6,6,0,0,4,0,8,0,0,0,7,6,1,0
P1738__1024__1648___2976,2,<50,4,1,1,1,1,0,0,0,0,0,0,0,0,2,1,0,0
P1738__1024__2472___1648,7,<50,24,5,5,5,5,0,0,5,0,7,0,2,0,5,5,0,0
P1738__1024__2472___2472,3,<50,47,2,2,2,2,0,0,1,0,1,0,0,0,3,2,0,0
P1738__1024__2472___2976,4,<50,40,3,3,3,3,0,0,4,0,4,0,0,0,4,3,0,0
P1738__1024__2472___824,33,<50,45,2,2,2,2,0,0,1,0,1,0,33,2,0,0,0,0
P1738__1024__2976___1648,37,<50,276,21,21,21,21,0,0,20,0,25,0,20,4,17,17,0,0
P1738__1024__2976___2472,14,<50,226,14,14,14,14,0,0,16,0,19,0,0,0,14,14,0,0
P1738__1024__2976___2976,2,<50,29,1,1,1,1,0,0,3,0,4,0,0,0,1,1,1,0
P1738__1024__2976___824,35,<50,20,2,2,2,2,0,0,0,0,1,0,35,2,0,0,0,0
P1738__1024__824___1648,5,<50,46,2,2,2,2,0,0,0,0,0,0,0,0,2,1,3,1
P1738__1024__824___2472,1,<50,57,1,1,1,1,0,0,1,0,1,0,0,0,1,1,0,0
P1738__1024__824___2976,2,<50,34,2,2,2,2,0,0,2,0,2,0,0,0,2,2,0,0
P1738__1024__824___824,7,<50,44,5,5,5,5,0,0,1,0,3,0,0,0,6,4,1,1
P1742__1024__0___1648,2,<50,20,2,2,2,2,0,0,3,0,3,0,0,0,1,1,1,1
P1742__1024__1648___0,1,<50,19,1,1,1,1,0,0,0,0,0,0,0,0,1,1,0,0
P1742__1024__1648___1648,2,<50,23,1,1,1,1,0,0,1,0,2,0,0,0,1,0,1,1
P1742__1024__1648___2976,1,<50,11,1,1,1,1,0,0,1,0,1,0,0,0,1,1,0,0
P1742__1024__1648___824,3,<50,38,3,3,3,3,0,0,1,0,2,0,0,0,2,2,1,1
P1742__1024__2472___2976,5,<50,42,4,4,4,4,0,0,5,0,7,0,3,2,2,2,0,0
P1742__1024__2472___824,1,<50,4,1,1,1,1,0,0,0,0,1,0,0,0,0,0,1,1
P1742__1024__3262___2976,3,<50,30,2,2,2,2,0,0,0,0,0,0,3,2,0,0,0,0
P1742__1024__824___0,4,<50,40,4,4,4,4,0,0,0,0,0,0,0,0,4,4,0,0
P1742__1024__824___1648,2,<50,12,2,2,2,2,0,0,1,0,1,0,0,0,2,2,0,0
P1742__1024__824___2976,1,<50,16,1,1,1,1,0,0,0,0,0,0,0,0,1,1,0,0
P1742__1024__824___824,6,<50,30,4,4,4,4,0,0,1,0,1,0,0,0,6,4,0,0
P1749__1024__0___0,1,<50,13,0,0,0,0,0,0,0,0,0,0,0,0,1,0,0,0
P1749__1024__1648___2472,1,<50,2,0,0,0,0,0,0,0,0,0,0,0,0,1,0,0,0
P1749__1024__1648___2976,1,<50,3,1,1,1,1,0,0,0,0,0,0,0,0,1,1,0,0
P1749__1024__2472___2976,1,<50,11,1,1,1,1,0,0,0,0,0,0,0,0,1,1,0,0
P1749__1024__2976___2976,1,<50,8,1,1,1,1,0,0,0,0,0,0,0,0,1,1,0,0
P1749__1024__824___0,2,<50,42,2,2,2,2,0,0,4,0,5,0,0,0,2,2,0,0
P1750__1024__0___1648,3,<50,15,2,2,2,2,0,0,1,0,2,0,3,2,0,0,0,0
P1750__1024__0___824,2,<50,12,2,2,2,2,0,0,1,0,1,0,2,2,0,0,0,0
P1751__1024__0___0,3,<50,25,3,3,3,3,0,0,2,0,2,0,2,2,1,1,0,0
P1751__1024__0___1648,1,<50,2,1,1,1,1,0,0,1,0,1,0,1,1,0,0,0,0
P1751__1024__0___2976,2,<50,30,2,2,2,2,0,0,2,0,2,0,0,0,1,1,1,1
P1751__1024__0___824,2,<50,7,1,1,1,1,0,0,1,0,1,0,2,1,0,0,0,0
P1751__1024__1648___0,2,<50,9,2,2,2,2,0,0,2,0,2,0,1,1,1,1,0,0
P1751__1024__2472___0,1,<50,5,1,1,1,1,0,0,0,0,0,0,1,1,0,0,0,0
P1751__1024__2472___1648,1,<50,21,1,1,1,1,0,0,2,0,2,0,0,0,0,0,1,1
P1751__1024__2472___2472,1,<50,9,1,1,1,1,0,0,2,0,2,0,0,0,0,0,1,1
P1751__1024__2472___824,2,<50,3,1,1,1,1,0,0,0,0,1,0,2,1,0,0,0,0
P1751__1024__2976___0,1,<50,2,1,1,1,1,0,0,0,0,0,0,1,1,0,0,0,0
P1751__1024__2976___1648,1,<50,9,1,1,1,1,0,0,0,0,1,0,1,1,0,0,0,0
P1751__1024__2976___2472,1,<50,7,1,1,1,1,0,0,2,0,2,0,0,0,0,0,1,1
P1751__1024__2976___824,2,<50,6,2,2,2,2,0,0,0,0,0,0,2,2,0,0,0,0
P1751__1024__824___0,2,<50,8,2,2,2,2,0,0,2,0,2,0,0,0,2,2,0,0
P1751__1024__824___1648,1,<50,2,1,1,1,1,0,0,0,0,0,0,0,0,0,0,1,1
P1752__1024__0___2472,1,<50,11,1,1,1,1,0,0,0,0,0,0,1,1,0,0,0,0
P1752__1024__0___824,1,<50,14,1,1,1,1,0,0,2,0,4,0,1,1,0,0,0,0
P1752__1024__1648___1648,3,<50,16,3,3,3,3,0,0,2,0,2,0,3,3,0,0,0,0
P1752__1024__1648___2472,2,<50,12,2,2,2,2,0,0,2,0,3,0,2,2,0,0,0,0
P1752__1024__2472___1648,3,<50,20,3,3,3,3,0,0,1,0,1,0,2,2,1,1,0,0
P1752__1024__2472___2976,1,<50,18,1,1,1,1,0,0,1,0,1,0,0,0,1,1,0,0
P1752__1024__2472___824,2,<50,30,2,2,2,2,0,0,2,0,3,0,0,0,1,1,1,1
P1752__1024__2976___0,1,<50,3,0,0,0,0,0,0,1,0,1,0,1,0,0,0,0,0
P1752__1024__2976___1648,3,<50,32,3,3,3,3,0,0,1,0,1,0,1,1,1,1,1,1
P1752__1024__2976___2976,1,<50,19,1,1,1,1,0,0,1,0,1,0,0,0,1,1,0,0
P1752__1024__2976___824,2,<50,23,2,2,2,2,0,0,1,0,2,0,0,0,1,1,1,1
P1752__1024__824___1648,1,<50,0,0,0,0,0,0,0,0,0,0,0,1,0,0,0,0,0
P1754__1024__0___0,2,<50,12,2,2,2,2,0,0,1,0,1,0,1,1,1,1,0,0
P1754__1024__0___1648,3,<50,5,3,3,3,3,0,0,1,0,1,0,0,0,3,3,0,0
P1754__1024__0___3921,1,<50,4,1,1,1,1,0,0,0,0,0,0,1,1,0,0,0,0
P1754__1024__0___824,2,<50,11,2,2,2,2,0,0,2,0,2,0,0,0,2,2,0,0
P1754__1024__2472___0,3,<50,9,2,2,2,2,0,0,1,0,2,0,0,0,3,2,0,0
P1754__1024__2472___824,1,<50,2,1,1,1,1,0,0,0,0,0,0,0,0,1,1,0,0
P1754__1024__2976___824,1,<50,7,1,1,1,1,0,0,0,0,0,0,0,0,1,1,0,0
P1754__1024__824___0,2,<50,12,2,2,2,2,0,0,2,0,2,0,0,0,2,2,0,0
P1754__1024__824___824,1,<50,11,1,1,1,1,0,0,0,0,0,0,1,1,0,0,0,0
P1759__1024__2472___2976,1,<50,8,1,1,1,1,0,0,1,0,1,0,0,0,1,1,0,0
P1759__1024__2976___2976,2,<50,15,2,2,2,2,0,0,2,0,3,0,0,0,2,2,0,0
P1763__1024__1648___0,1,<50,3,1,1,1,1,0,0,0,0,0,0,0,0,1,1,0,0
P1763__1024__824___0,1,<50,9,1,1,1,1,0,0,0,0,0,0,0,0,1,1,0,0
P1763__1024__824___1648,1,<50,8,0,0,0,0,0,0,1,0,2,0,1,0,0,0,0,0
P1763__1024__824___2472,1,<50,7,0,0,0,0,0,0,0,0,0,0,1,0,0,0,0,0
P1763__1024__824___2976,1,<50,3,0,0,0,0,0,0,0,0,0,0,1,0,0,0,0,0
P1770__1024__0___1648,2,<50,2,0,0,0,0,0,0,0,0,0,0,2,0,0,0,0,0
P1770__1024__0___824,6,<50,12,6,6,6,6,0,0,6,0,6,0,3,3,3,3,0,0
P1770__1024__1648___3296,1,<50,28,1,1,1,1,0,0,1,0,1,0,0,0,1,1,0,0
P1770__1024__1648___824,2,<50,10,1,1,1,1,0,0,0,0,0,0,0,0,2,1,0,0
P1770__1024__2472___3296,1,<50,9,1,1,1,1,0,0,0,0,0,0,1,1,0,0,0,0
P1770__1024__2472___3946,1,<50,28,1,1,1,1,0,0,0,0,0,0,1,1,0,0,0,0
P1770__1024__2472___824,1,<50,3,1,1,1,1,0,0,0,0,0,0,0,0,1,1,0,0
P1770__1024__2976___3296,1,<50,7,0,0,0,0,0,0,0,0,0,0,1,0,0,0,0,0
P1770__1024__2976___3946,1,<50,4,1,1,1,1,0,0,0,0,0,0,1,1,0,0,0,0
P1770__1024__824___1648,5,<50,26,5,5,5,5,0,0,3,0,3,0,2,2,3,3,0,0
P1770__1024__824___3296,1,<50,11,1,1,1,1,0,0,1,0,1,0,0,0,0,0,1,1
P1770__1024__824___3946,1,<50,19,1,1,1,1,0,0,1,0,1,0,0,0,0,0,1,1
P1770__1024__824___824,2,<50,6,2,2,2,2,0,0,2,0,2,0,0,0,2,2,0,0
P1786__1024__0___0,2,<50,104,2,2,2,2,0,0,0,0,4,0,0,0,2,2,0,0
P1786__1024__0___2472,5,<50,134,5,5,5,5,0,0,12,0,23,0,0,0,4,4,1,1
P1786__1024__0___2643,5,<50,113,5,5,5,5,0,0,9,0,17,0,0,0,4,4,1,1
P1786__1024__0___824,1,<50,59,1,1,1,1,0,0,0,0,3,0,0,0,1,1,0,0
P1786__1024__1648___1648,7,<50,180,7,7,7,7,0,0,10,0,14,0,2,2,2,2,3,3
P1786__1024__1648___2472,1,<50,72,1,1,1,1,0,0,2,0,2,0,0,0,1,1,0,0
P1786__1024__1648___824,6,<50,170,4,4,4,4,0,0,3,0,9,0,3,3,3,1,0,0
P1786__1024__2309___0,1,<50,509,1,1,1,1,0,0,52,0,113,0,1,1,0,0,0,0
P1786__1024__2309___1648,20,<50,78,19,19,19,19,0,0,19,0,19,0,0,0,0,0,20,19
P1786__1024__2309___2472,1,<50,54,1,1,1,1,0,0,0,0,0,0,0,0,0,0,1,1
P1786__1024__2309___824,2,<50,63,0,0,0,0,0,0,0,0,0,0,0,0,2,0,0,0
P1786__1024__824___1648,3,<50,73,3,3,3,3,0,0,8,0,11,0,2,2,1,1,0,0
P1786__1024__824___2472,7,<50,92,7,7,7,7,0,0,8,0,12,0,0,0,6,6,1,1
P1786__1024__824___2643,6,<50,45,6,6,6,6,0,0,7,0,14,0,0,0,5,5,1,1
P1786__1024__824___824,3,<50,54,3,3,3,3,0,0,4,0,5,0,2,2,0,0,1,1
P1787__1024__0___0,31,<50,122,1,1,1,1,0,0,37,0,50,0,0,0,30,1,1,0
P1787__1024__0___198,27,<50,139,1,1,1,1,0,0,37,0,45,0,0,0,26,1,1,0
P1806__1024__0___0,30,<50,114,2,2,2,2,0,0,37,0,46,0,0,0,30,2,0,0
P1806__1024__0___203,27,<50,100,2,2,2,2,0,0,34,0,34,0,0,0,27,2,0,0
P1809__1024__0___1648,6,<50,35,6,6,6,6,0,0,5,0,6,0,0,0,3,3,3,3
P1809__1024__0___2472,11,<50,97,11,11,11,11,0,0,9,0,14,0,0,0,10,10,1,1
P1809__1024__0___3296,1,<50,15,1,1,1,1,0,0,0,0,0,0,0,0,1,1,0,0
P1809__1024__0___4944,2,<50,5,2,2,2,2,0,0,0,0,0,0,0,0,2,2,0,0
P1809__1024__0___5735,2,<50,18,2,2,2,2,0,0,0,0,1,0,0,0,2,2,0,0
P1809__1024__0___824,3,<50,15,3,3,3,3,0,0,6,0,6,0,0,0,3,3,0,0
P1809__1024__1648___0,1,<50,29,1,1,1,1,0,0,2,0,2,0,0,0,0,0,1,1
P1809__1024__1648___824,2,<50,33,2,2,2,2,0,0,5,0,5,0,0,0,0,0,2,2
P1809__1024__2472___0,5,<50,34,5,5,5,5,0,0,0,0,0,0,0,0,5,5,0,0
P1809__1024__2472___2472,2,<50,93,1,1,1,1,0,0,0,0,1,0,0,0,1,0,1,1
P1809__1024__2472___3296,3,<50,58,3,3,3,3,0,0,1,0,1,0,0,0,2,2,1,1
P1809__1024__2472___5735,3,<50,188,3,3,3,3,0,0,5,0,15,0,3,3,0,0,0,0
P1809__1024__2472___824,5,<50,83,5,5,5,5,0,0,0,0,2,0,0,0,5,5,0,0
P1809__1024__3296___0,5,<50,82,5,5,5,5,0,0,2,0,2,0,0,0,5,5,0,0
P1809__1024__3296___3296,3,<50,11,1,1,1,1,0,0,1,0,1,0,2,0,1,1,0,0
P1809__1024__3296___4120,1,<50,4,1,1,1,1,0,0,0,0,0,0,1,1,0,0,0,0
P1809__1024__3296___5735,2,<50,22,2,2,2,2,0,0,1,0,1,0,1,1,0,0,1,1
P1809__1024__3296___824,4,<50,23,4,4,4,4,0,0,3,0,3,0,0,0,1,1,3,3
P1809__1024__4120___0,1,<50,5,1,1,1,1,0,0,1,0,1,0,0,0,1,1,0,0
P1809__1024__4120___1648,2,<50,15,2,2,2,2,0,0,2,0,2,0,0,0,0,0,2,2
P1809__1024__4120___2472,1,<50,6,0,0,0,0,0,0,0,0,0,0,0,0,1,0,0,0
P1809__1024__4120___3296,4,<50,3,1,1,1,1,0,0,0,0,0,0,0,0,4,1,0,0
P1809__1024__4120___824,2,<50,12,2,2,2,2,0,0,3,0,3,0,0,0,0,0,2,2
P1809__1024__4944___2472,5,<50,55,2,2,2,2,0,0,2,0,3,0,0,0,5,2,0,0
P1809__1024__4944___3296,5,<50,7,4,4,4,4,0,0,1,0,1,0,1,0,4,4,0,0
P1809__1024__5768___2472,10,<50,52,7,7,7,7,0,0,8,0,9,0,0,0,6,3,4,4
P1809__1024__5768___3296,5,<50,20,5,5,5,5,0,0,6,0,6,0,0,0,3,3,2,2
P1809__1024__6281___2472,5,<50,36,5,5,5,5,0,0,6,0,7,0,0,0,1,1,4,4
P1809__1024__6281___3296,3,<50,24,3,3,3,3,0,0,5,0,6,0,0,0,0,0,3,3
P1809__1024__824___1648,7,<50,17,7,7,7,7,0,0,7,0,7,0,0,0,0,0,7,7
P1809__1024__824___2472,1,<50,31,1,1,1,1,0,0,2,0,2,0,0,0,0,0,1,1
P1809__1024__824___824,2,<50,30,2,2,2,2,0,0,3,0,5,0,0,0,0,0,2,2
P1821__1024__0___0,94,50-100,288,3,6,6,6,0,0,101,0,113,0,7,0,87,6,0,0
P1821__1024__0___200,112,100-150,387,5,5,5,5,0,0,125,0,146,0,18,1,94,4,0,0
P1825__1024__0___0,22,<50,73,0,0,0,0,0,0,20,0,27,0,0,0,22,0,0,0
P1829__1024__0___0,39,<50,232,38,39,39,39,0,0,50,0,64,0,0,0,39,39,0,0
P1829__1024__0___404,23,<50,162,22,23,23,23,0,0,30,0,38,0,2,2,21,21,0,0
P1829__1024__761___0,24,<50,162,22,24,24,24,0,0,30,0,32,0,0,0,24,24,0,0
P1829__1024__761___404,21,<50,156,20,21,21,21,0,0,20,0,26,0,2,2,18,18,1,1
P1838__1024__0___0,37,<50,147,28,28,28,28,0,0,44,0,54,0,3,2,34,26,0,0
P1838__1024__0___264,29,<50,135,25,26,26,26,0,0,37,0,41,0,1,0,28,26,0,0
P1854__1024__0___0,3,<50,9,3,3,3,3,0,0,3,0,3,0,0,0,0,0,3,3
P1854__1024__0___1648,4,<50,11,0,0,0,0,0,0,0,0,0,0,0,0,4,0,0,0
P1854__1024__0___2472,9,<50,14,3,3,3,3,0,0,2,0,2,0,2,0,5,1,2,2
P1854__1024__0___3263,9,<50,15,4,4,4,4,0,0,4,0,4,0,3,1,4,1,2,2
P1854__1024__0___824,3,<50,13,1,1,1,1,0,0,0,0,0,0,0,0,3,1,0,0
P1854__1024__10712___0,3,<50,21,2,2,2,2,0,0,2,0,2,0,0,0,1,0,2,2
P1854__1024__10712___2472,2,<50,6,1,1,1,1,0,0,1,0,1,0,0,0,1,0,1,1
P1854__1024__10712___3263,3,<50,13,2,2,2,2,0,0,2,0,2,0,0,0,1,0,2,2
P1854__1024__10712___824,2,<50,3,0,0,0,0,0,0,0,0,0,0,0,0,2,0,0,0
P1854__1024__11536___0,11,<50,114,8,10,10,10,0,0,2,0,4,0,0,0,11,10,0,0
P1854__1024__11536___1648,1,<50,203,1,1,1,1,0,0,1,0,9,0,0,0,1,1,0,0
P1854__1024__11536___2472,6,<50,44,5,5,5,5,0,0,0,0,0,0,1,1,5,4,0,0
P1854__1024__11536___3263,5,<50,25,3,3,3,3,0,0,3,0,3,0,1,0,2,1,2,2
P1854__1024__11536___824,3,<50,28,1,1,1,1,0,0,0,0,0,0,0,0,3,1,0,0
P1854__1024__12359___1648,11,<50,338,11,11,11,11,0,0,17,0,52,0,0,0,11,11,0,0
P1854__1024__12359___2472,5,<50,58,3,3,3,3,0,0,0,0,4,0,0,0,5,3,0,0
P1854__1024__12359___3263,6,<50,23,5,5,5,5,0,0,2,0,2,0,0,0,4,3,2,2
P1854__1024__1648___1648,1,<50,48,0,0,0,0,0,0,3,0,4,0,0,0,1,0,0,0
P1854__1024__2472___0,2,<50,16,0,0,0,0,0,0,0,0,1,0,0,0,2,0,0,0
P1854__1024__2472___1648,3,<50,38,3,3,3,3,0,0,4,0,6,0,0,0,0,0,3,3
P1854__1024__2472___2472,4,<50,56,3,3,3,3,0,0,3,0,4,0,0,0,1,0,3,3
P1854__1024__2472___3263,6,<50,20,3,3,3,3,0,0,2,0,2,0,0,0,4,1,2,2
P1854__1024__2472___824,5,<50,28,2,2,2,2,0,0,3,0,3,0,1,0,2,0,2,2
P1854__1024__3296___0,2,<50,22,1,1,1,1,0,0,2,0,2,0,1,0,0,0,1,1
P1854__1024__3296___1648,3,<50,2,2,2,2,2,0,0,2,0,2,0,1,0,0,0,2,2
P1854__1024__3296___2472,6,<50,5,4,4,4,4,0,0,4,0,4,0,0,0,2,0,4,4
P1854__1024__3296___3263,3,<50,3,2,2,2,2,0,0,2,0,2,0,0,0,1,0,2,2
P1854__1024__3296___824,3,<50,7,1,1,1,1,0,0,2,0,2,0,2,0,0,0,1,1
P1854__1024__4120___0,1,<50,5,1,1,1,1,0,0,2,0,3,0,0,0,0,0,1,1
P1854__1024__4120___1648,2,<50,8,2,2,2,2,0,0,2,0,2,0,0,0,0,0,2,2
P1854__1024__4120___2472,6,<50,9,3,3,3,3,0,0,4,0,4,0,0,0,3,0,3,3
P1854__1024__4120___3263,10,<50,14,6,6,6,6,0,0,2,0,2,0,0,0,8,4,2,2
P1854__1024__4120___824,2,<50,6,2,2,2,2,0,0,2,0,2,0,0,0,0,0,2,2
P1854__1024__4944___0,2,<50,9,1,1,1,1,0,0,2,0,2,0,0,0,1,0,1,1
P1854__1024__4944___1648,5,<50,23,2,2,2,2,0,0,2,0,2,0,0,0,3,0,2,2
P1854__1024__4944___2472,6,<50,14,1,1,1,1,0,0,1,0,1,0,0,0,5,0,1,1
P1854__1024__4944___3263,7,<50,4,1,1,1,1,0,0,1,0,1,0,0,0,6,0,1,1
P1854__1024__4944___824,3,<50,6,2,2,2,2,0,0,2,0,2,0,0,0,1,0,2,2
P1854__1024__5768___0,4,<50,32,4,4,4,4,0,0,7,0,8,0,0,0,1,1,3,3
P1854__1024__5768___1648,3,<50,12,2,2,2,2,0,0,2,0,3,0,0,0,1,0,2,2
P1854__1024__5768___2472,6,<50,4,2,2,2,2,0,0,2,0,2,0,4,0,0,0,2,2
P1854__1024__5768___3263,1,<50,1,1,1,1,1,0,0,1,0,1,0,0,0,0,0,1,1
P1854__1024__5768___824,3,<50,12,3,3,3,3,0,0,4,0,4,0,0,0,0,0,3,3
P1854__1024__6592___0,4,<50,30,3,3,3,3,0,0,7,0,7,0,0,0,1,0,3,3
P1854__1024__6592___1648,3,<50,25,3,3,3,3,0,0,2,0,5,0,1,1,1,1,1,1
P1854__1024__6592___2472,2,<50,13,1,1,1,1,0,0,1,0,2,0,1,0,0,0,1,1
P1854__1024__6592___3263,3,<50,8,1,1,1,1,0,0,2,0,3,0,1,0,1,0,1,1
P1854__1024__6592___824,12,<50,35,7,7,7,7,0,0,4,0,5,0,0,0,10,5,2,2
P1854__1024__7416___3263,1,<50,1,1,1,1,1,0,0,1,0,1,0,0,0,0,0,1,1
P1854__1024__8240___0,5,<50,18,2,2,2,2,0,0,2,0,2,0,0,0,4,1,1,1
P1854__1024__8240___1648,2,<50,21,2,2,2,2,0,0,2,0,2,0,0,0,0,0,2,2
P1854__1024__8240___2472,1,<50,22,1,1,1,1,0,0,2,0,2,0,0,0,0,0,1,1
P1854__1024__8240___3263,2,<50,18,1,1,1,1,0,0,1,0,1,0,0,0,1,0,1,1
P1854__1024__8240___824,1,<50,12,1,1,1,1,0,0,2,0,2,0,0,0,0,0,1,1
P1854__1024__824___0,3,<50,10,1,1,1,1,0,0,1,0,3,0,2,0,0,0,1,1
P1854__1024__824___1648,5,<50,12,5,5,5,5,0,0,4,0,4,0,0,0,1,1,4,4
P1854__1024__824___2472,8,<50,9,5,5,5,5,0,0,6,0,6,0,2,0,1,0,5,5
P1854__1024__824___3263,3,<50,13,3,3,3,3,0,0,6,0,6,0,0,0,2,2,1,1
P1854__1024__824___824,4,<50,3,3,3,3,3,0,0,3,0,3,0,1,0,0,0,3,3
P1854__1024__9064___0,7,<50,34,1,1,1,1,0,0,3,0,3,0,0,0,6,0,1,1
P1854__1024__9064___1648,1,<50,19,1,1,1,1,0,0,3,0,4,0,0,0,0,0,1,1
P1854__1024__9064___2472,3,<50,27,2,2,2,2,0,0,3,0,3,0,0,0,1,0,2,2
P1854__1024__9064___3263,5,<50,17,3,3,3,3,0,0,4,0,4,0,0,0,2,0,3,3
P1854__1024__9064___824,1,<50,9,0,0,0,0,0,0,1,0,1,0,0,0,1,0,0,0
P1854__1024__9888___0,5,<50,43,4,4,4,4,0,0,3,0,3,0,0,0,2,1,3,3
P1854__1024__9888___1648,6,<50,33,6,6,6,6,0,0,3,0,4,0,0,0,4,4,2,2
P1854__1024__9888___3263,2,<50,37,1,1,1,1,0,0,1,0,1,0,0,0,2,1,0,0
P1854__1024__9888___824,7,<50,43,6,6,6,6,0,0,5,0,5,0,0,0,4,3,3,3
P1860__1024__0___0,6,<50,22,6,6,6,6,0,0,8,0,8,0,0,0,6,6,0,0
P1860__1024__0___714,4,<50,44,4,4,4,4,0,0,6,0,9,0,2,2,2,2,0,0
P1860__1024__824___0,9,<50,95,9,9,9,9,0,0,16,0,19,0,2,2,7,7,0,0
P1860__1024__824___714,11,<50,82,11,11,11,11,0,0,17,0,21,0,3,3,8,8,0,0
P1860__1024__932___0,9,<50,86,9,9,9,9,0,0,13,0,18,0,2,2,5,5,2,2
P1860__1024__932___714,10,<50,81,10,10,10,10,0,0,13,0,18,0,3,3,7,7,0,0
P1877__1024__0___0,100,100-150,358,2,3,3,3,0,0,125,0,131,0,96,3,4,0,0,0
P1877__1024__0___45,100,100-150,351,1,2,2,2,0,0,119,0,132,0,96,2,4,0,0,0
P1878__1024__0___0,35,<50,122,2,2,2,2,0,0,34,0,39,0,8,0,27,2,0,0
P1878__1024__0___35,35,<50,97,2,2,2,2,0,0,28,0,32,0,8,0,27,2,0,0
P1880__1024__0___0,31,<50,249,0,0,0,0,0,0,44,0,61,0,0,0,31,0,0,0
P1880__1024__0___19,31,<50,313,0,0,0,0,0,0,58,0,78,0,0,0,31,0,0,0
P1888__1024__0___0,64,50-100,103,0,0,0,0,0,0,73,0,76,0,14,0,50,0,0,0
P1903__1024__0___0,13,<50,46,13,13,13,13,0,0,4,0,7,0,9,9,0,0,4,4
P1903__1024__0___264,16,<50,54,15,15,15,15,0,0,7,0,7,0,10,9,0,0,6,6
P1903__1024__824___0,6,<50,220,6,6,6,6,0,0,32,0,66,0,0,0,5,5,1,1
P1903__1024__824___264,7,<50,187,7,7,7,7,0,0,13,0,41,0,0,0,5,5,2,2
P1903__1024__922___0,6,<50,227,6,6,6,6,0,0,32,0,67,0,0,0,5,5,1,1
P1903__1024__922___264,7,<50,223,7,7,7,7,0,0,31,0,55,0,0,0,5,5,2,2
P1904__1024__0___0,100,100-150,322,2,2,2,2,0,0,61,0,103,0,10,0,90,2,0,0
P1905__1024__0___0,53,50-100,102,0,0,0,0,0,0,31,0,45,0,25,0,16,0,12,0
P1911__1024__0___0,48,<50,236,1,1,1,1,0,0,48,0,54,0,0,0,37,1,11,0
P1919__1024__0___0,14,<50,47,0,0,0,0,0,0,14,0,14,0,0,0,14,0,0,0
P1924__1024__0___0,43,<50,161,6,6,6,6,0,0,48,0,56,0,0,0,14,0,29,6
P1940__1024__0___0,160,150-300,458,16,17,17,17,0,0,194,0,212,0,13,0,147,17,0,0
P1940__1024__335___0,101,100-150,298,15,15,15,15,0,0,137,0,149,0,3,0,98,15,0,0
P1950__1024__0___0,54,50-100,180,0,0,0,0,0,0,78,0,86,0,0,0,54,0,0,0
P1957__1024__0___0,79,50-100,483,77,79,79,79,0,0,95,0,118,0,1,1,78,78,0,0
P1957__1024__0___617,45,<50,259,43,45,45,45,0,0,53,0,68,0,0,0,41,41,4,4
P1957__1024__709___0,84,50-100,291,80,84,84,84,0,0,81,0,98,0,1,1,82,82,1,1
P1957__1024__709___617,46,<50,299,46,46,46,46,0,0,71,0,83,0,0,0,42,42,4,4
P1958__1024__0___0,102,100-150,314,3,4,4,4,0,0,71,0,100,0,64,2,38,2,0,0
P1958__1024__0___176,95,50-100,335,3,5,5,5,0,0,76,0,107,0,57,3,38,2,0,0
P1960__1024__0___0,26,<50,124,26,26,26,26,0,0,35,0,42,0,0,0,26,26,0,0
P1960__1024__0___578,40,<50,188,40,40,40,40,0,0,41,0,52,0,0,0,40,40,0,0
P1960__1024__460___0,41,<50,97,41,41,41,41,0,0,43,0,50,0,0,0,41,41,0,0
P1960__1024__460___578,67,50-100,290,66,67,67,67,0,0,75,0,95,0,1,1,66,66,0,0
P1973__1024__0___0,53,50-100,174,53,53,53,53,0,0,63,0,68,0,0,0,32,32,21,21
P1973__1024__0___665,39,<50,172,39,39,39,39,0,0,55,0,64,0,0,0,21,21,18,18
P1973__1024__824___0,19,<50,121,19,19,19,19,0,0,29,0,36,0,0,0,9,9,10,10
P1973__1024__824___665,24,<50,215,24,24,24,24,0,0,32,0,41,0,0,0,17,17,7,7
P1973__1024__979___0,8,<50,69,8,8,8,8,0,0,11,0,13,0,0,0,2,2,6,6
P1973__1024__979___665,18,<50,193,18,18,18,18,0,0,33,0,40,0,0,0,14,14,4,4
P1978__1024__0___0,154,150-300,523,97,153,154,154,1,0,156,0,186,0,102,101,52,52,0,0
P1978__1024__0___10,155,150-300,493,95,155,155,155,0,0,147,0,186,0,103,103,52,52,0,0
P1978__1024__336___0,157,150-300,499,98,157,157,157,0,0,158,0,191,0,102,102,55,55,0,0
P1978__1024__336___10,158,150-300,503,96,157,158,158,1,0,157,0,178,0,103,102,55,55,0,0
P1982__1024__0___0,24,<50,70,24,24,24,24,0,0,29,0,32,0,0,0,24,24,0,0
P1982__1024__0___824,61,50-100,165,61,61,61,61,0,0,67,0,83,0,0,0,61,61,0,0
P1982__1024__0___923,56,50-100,139,56,56,56,56,0,0,69,0,71,0,0,0,56,56,0,0
P1982__1024__824___0,34,<50,90,34,34,34,34,0,0,35,0,38,0,1,1,33,33,0,0
P1982__1024__824___824,56,50-100,155,56,56,56,56,0,0,64,0,74,0,13,13,43,43,0,0
P1982__1024__824___923,55,50-100,157,55,55,55,55,0,0,66,0,75,0,13,13,42,42,0,0
P1982__1024__907___0,34,<50,72,34,34,34,34,0,0,36,0,38,0,1,1,33,33,0,0
P1982__1024__907___824,53,50-100,185,53,53,53,53,0,0,66,0,73,0,13,13,40,40,0,0
P1982__1024__907___923,52,50-100,183,52,52,52,52,0,0,67,0,80,0,13,13,39,39,0,0
P1983__1024__0___0,174,150-300,741,95,172,174,174,2,0,144,0,219,0,114,112,60,60,0,0
P1983__1024__0___238,221,150-300,719,91,196,219,220,24,1,111,0,181,0,167,142,54,54,0,0
P1983__1024__8___0,174,150-300,684,95,170,174,174,4,0,129,0,199,0,114,110,60,60,0,0
P1983__1024__8___238,222,150-300,764,95,204,220,221,17,0,120,0,201,0,168,150,54,54,0,0
P1992__1024__0___0,183,150-300,718,96,181,182,182,1,0,146,0,204,0,153,151,30,30,0,0
P1992__1024__0___794,162,150-300,385,64,141,151,151,10,0,39,0,47,0,148,127,14,14,0,0
P1992__1024__138___0,150,150-300,652,96,149,149,149,0,0,141,0,174,0,120,119,30,30,0,0
P1992__1024__138___794,93,50-100,324,46,83,84,84,1,0,35,0,46,0,79,69,14,14,0,0
P1995__1024__0___0,54,50-100,262,54,54,54,54,0,0,66,0,79,0,8,8,46,46,0,0
P1995__1024__0___71,54,50-100,394,52,54,54,54,0,0,87,0,118,0,8,8,46,46,0,0
P1995__1024__1121___0,19,<50,92,19,19,19,19,0,0,20,0,26,0,7,7,12,12,0,0
P1995__1024__1121___71,19,<50,73,19,19,19,19,0,0,15,0,23,0,7,7,12,12,0,0
P1995__1024__824___0,26,<50,163,26,26,26,26,0,0,31,0,38,0,5,5,21,21,0,0
P1995__1024__824___71,26,<50,179,26,26,26,26,0,0,28,0,39,0,5,5,21,21,0,0
P2003__1024__0___0,39,<50,162,38,38,38,38,0,0,40,0,48,0,12,12,26,25,1,1
P2003__1024__0___761,41,<50,163,40,41,41,41,0,0,35,0,45,0,1,1,38,38,2,2
P2003__1024__163___0,55,50-100,251,55,55,55,55,0,0,64,0,71,0,14,14,40,40,1,1
P2003__1024__163___761,44,<50,200,44,44,44,44,0,0,38,0,46,0,2,2,40,40,2,2
P2011__1024__0___0,14,<50,59,6,6,6,6,0,0,16,0,18,0,0,0,12,4,2,2
P2011__1024__0___103,15,<50,56,6,6,6,6,0,0,15,0,17,0,0,0,12,4,3,2
P2012__1024__0___0,7,<50,38,0,0,0,0,0,0,9,0,9,0,0,0,5,0,2,0
P2027__1024__0___0,29,<50,168,29,29,29,29,0,0,44,0,53,0,1,1,28,28,0,0
P2027__1024__0___1152,66,50-100,425,63,66,66,66,0,0,83,0,102,0,15,15,50,50,1,1
P2027__1024__0___824,83,50-100,374,76,83,83,83,0,0,89,0,123,0,0,0,83,83,0,0
P2027__1024__128___0,26,<50,101,26,26,26,26,0,0,36,0,43,0,1,1,25,25,0,0
P2027__1024__128___1152,65,50-100,402,61,65,65,65,0,0,89,0,115,0,13,13,51,51,1,1
P2027__1024__128___824,82,50-100,362,74,82,82,82,0,0,93,0,125,0,0,0,82,82,0,0
P2042__1024__0___0,16,<50,65,0,0,0,0,0,0,18,0,22,0,1,0,10,0,5,0
P2044__1024__0___0,8,<50,14,0,0,0,0,0,0,8,0,10,0,0,0,0,0,8,0
P2050__1024__0___0,38,<50,139,0,0,0,0,0,0,37,0,49,0,30,0,8,0,0,0
P2059__1024__0___0,32,<50,409,5,7,9,9,2,0,25,0,40,0,7,3,25,4,0,0
P2059__1024__0___1084,11,<50,263,7,8,8,8,0,0,9,0,12,0,0,0,6,4,5,4
P2059__1024__0___824,22,<50,344,9,9,9,9,0,0,21,0,27,0,1,0,16,5,5,4
P2068__1024__0___0,145,100-150,381,7,10,10,10,0,0,148,0,156,0,77,4,68,6,0,0
P2082__1024__0___0,250,150-300,640,28,69,80,80,11,0,262,0,280,0,241,66,9,3,0,0
P2082__1024__0___364,195,150-300,583,32,56,62,62,6,0,203,0,219,0,187,54,8,2,0,0
P2085__1024__0___0,5,<50,38,0,0,0,0,0,0,5,0,5,0,0,0,0,0,5,0
P2085__1024__189___0,4,<50,21,0,0,0,0,0,0,6,0,6,0,0,0,0,0,4,0
P2088__1024__0___0,53,50-100,241,7,7,7,7,0,0,60,0,68,0,9,1,34,4,10,2
P2088__1024__0___313,46,<50,185,8,8,8,8,0,0,56,0,58,0,6,0,29,5,11,3
P2093__1024__0___0,53,50-100,247,53,53,53,53,0,0,71,0,83,0,2,2,51,51,0,0
P2093__1024__0___650,84,50-100,199,84,84,84,84,0,0,101,0,111,0,0,0,84,84,0,0
P2093__1024__273___0,50,50-100,186,50,50,50,50,0,0,62,0,69,0,0,0,50,50,0,0
P2093__1024__273___650,76,50-100,174,76,76,76,76,0,0,85,0,89,0,0,0,76,76,0,0
P2097__1024__0___0,32,<50,79,1,1,1,1,0,0,1,0,9,0,32,1,0,0,0,0
P2097__1024__76___0,32,<50,75,3,3,3,3,0,0,3,0,11,0,32,3,0,0,0,0
P2098__1024__0___0,22,<50,36,0,0,0,0,0,0,22,0,22,0,0,0,4,0,18,0
P2111__1024__0___0,25,<50,162,0,0,0,0,0,0,28,0,35,0,8,0,17,0,0,0
P2121__1024__0___0,10,<50,91,1,1,1,1,0,0,12,0,15,0,0,0,8,0,2,1
P2121__1024__0___91,10,<50,108,1,1,1,1,0,0,12,0,17,0,0,0,8,0,2,1
P2124__1024__0___0,180,150-300,678,98,168,175,175,7,0,185,0,214,0,21,18,159,150,0,0
P2124__1024__0___130,178,150-300,637,100,164,173,173,9,0,168,0,199,0,27,17,151,147,0,0
P2124__1024__96___0,172,150-300,704,98,161,166,166,5,0,195,0,220,0,13,11,159,150,0,0
P2124__1024__96___130,168,150-300,691,100,163,164,164,1,0,171,0,202,0,17,16,151,147,0,0
P2126__1024__0___0,77,50-100,540,0,2,3,3,1,0,76,0,99,0,31,2,46,0,0,0
P2126__1024__0___80,80,50-100,605,0,4,4,4,0,0,79,0,106,0,32,4,48,0,0,0
P2129__1024__0___0,36,<50,90,3,3,3,3,0,0,31,0,33,0,0,0,4,1,32,2
P2129__1024__0___91,36,<50,104,3,3,3,3,0,0,28,0,34,0,0,0,4,1,32,2
P2135__1024__0___0,6,<50,123,0,0,0,0,0,0,37,0,40,0,0,0,0,0,6,0
P2150__1024__0___0,15,<50,71,1,1,1,1,0,0,23,0,25,0,0,0,0,0,15,1
P2150__1024__0___56,15,<50,63,1,1,1,1,0,0,22,0,22,0,0,0,0,0,15,1
P2155__1024__0___0,81,50-100,354,0,1,1,1,0,0,60,0,75,0,67,0,14,1,0,0
P2166__1024__0___0,15,<50,67,4,4,4,4,0,0,4,0,4,0,9,2,4,0,2,2
P2166__1024__230___0,13,<50,55,5,5,5,5,0,0,5,0,6,0,8,3,3,0,2,2
P2167__1024__0___0,7,<50,14,5,5,5,5,0,0,0,0,2,0,4,2,3,3,0,0
P2167__1024__0___52,7,<50,15,7,7,7,7,0,0,0,0,1,0,4,4,3,3,0,0
P2167__1024__243___0,10,<50,14,7,7,7,7,0,0,0,0,1,0,6,4,4,3,0,0
P2167__1024__243___52,10,<50,15,5,5,5,5,0,0,0,0,0,0,6,3,4,2,0,0
P2168__1024__0___0,11,<50,85,10,10,10,10,0,0,15,0,16,0,0,0,8,8,3,2
P2168__1024__0___150,11,<50,95,10,10,10,10,0,0,13,0,13,0,0,0,8,8,3,2
P2168__1024__824___0,5,<50,115,4,4,4,4,0,0,13,0,17,0,0,0,5,4,0,0
P2168__1024__824___150,5,<50,119,4,4,4,4,0,0,10,0,12,0,0,0,5,4,0,0
P2168__1024__995___0,8,<50,110,7,7,7,7,0,0,7,0,15,0,0,0,8,7,0,0
P2168__1024__995___150,8,<50,104,7,7,7,7,0,0,6,0,9,0,0,0,8,7,0,0
P2169__1024__0___0,3,<50,28,0,0,0,0,0,0,0,0,0,0,3,0,0,0,0,0
P2181__1024__0___1410,7,<50,29,6,6,6,6,0,0,2,0,2,0,6,5,1,1,0,0
P2181__1024__0___824,5,<50,28,3,3,3,3,0,0,1,0,1,0,4,2,1,1,0,0
P2181__1024__824___1410,2,<50,24,1,1,1,1,0,0,0,0,1,0,2,1,0,0,0,0
P2181__1024__824___824,2,<50,36,0,0,0,0,0,0,1,0,2,0,2,0,0,0,0,0
P2194__1024__0___0,3,<50,106,3,3,3,3,0,0,3,0,3,0,0,0,3,3,0,0
P2194__1024__0___1148,3,<50,46,3,3,3,3,0,0,5,0,6,0,0,0,0,0,3,3
P2194__1024__0___824,3,<50,236,3,3,3,3,0,0,16,0,42,0,0,0,0,0,3,3
P2194__1024__692___0,9,<50,80,9,9,9,9,0,0,14,0,20,0,0,0,9,9,0,0
P2194__1024__692___1148,4,<50,44,4,4,4,4,0,0,4,0,4,0,0,0,0,0,4,4
P2194__1024__692___824,4,<50,74,4,4,4,4,0,0,5,0,9,0,0,0,0,0,4,4
P2197__1024__0___0,8,<50,86,7,7,7,7,0,0,7,0,10,0,4,3,0,0,4,4
P2197__1024__0___665,39,<50,193,26,35,35,35,0,0,12,0,13,0,29,25,9,9,1,1
P2197__1024__1225___0,2,<50,61,2,2,2,2,0,0,3,0,3,0,0,0,0,0,2,2
P2197__1024__1225___665,11,<50,126,9,9,9,9,0,0,14,0,15,0,0,0,10,8,1,1
P2197__1024__824___0,2,<50,81,2,2,2,2,0,0,5,0,9,0,0,0,0,0,2,2
P2197__1024__824___665,5,<50,129,4,4,4,4,0,0,8,0,15,0,0,0,4,3,1,1
P2198__1024__0___0,28,<50,436,0,0,0,0,0,0,47,0,92,0,0,0,28,0,0,0
P2214__1024__0___0,48,<50,224,0,0,0,0,0,0,57,0,76,0,0,0,48,0,0,0
P2214__1024__230___0,44,<50,164,0,0,0,0,0,0,51,0,60,0,0,0,44,0,0,0
P2215__1024__0___0,25,<50,33,0,0,0,0,0,0,25,0,26,0,0,0,25,0,0,0
P2218__1024__0___0,12,<50,33,0,0,0,0,0,0,14,0,16,0,0,0,12,0,0,0
P2220__1024__0___0,7,<50,79,0,0,0,0,0,0,8,0,8,0,1,0,5,0,1,0
P2220__1024__230___0,8,<50,35,0,0,0,0,0,0,8,0,9,0,1,0,5,0,2,0
P2230__1024__0___0,5,<50,41,5,5,5,5,0,0,5,0,5,0,0,0,3,3,2,2
P2230__1024__0___134,5,<50,34,5,5,5,5,0,0,5,0,5,0,0,0,3,3,2,2
P2230__1024__1517___0,7,<50,60,7,7,7,7,0,0,7,0,10,0,0,0,2,2,5,5
P2230__1024__1517___134,7,<50,35,7,7,7,7,0,0,7,0,8,0,0,0,2,2,5,5
P2230__1024__824___0,7,<50,88,7,7,7,7,0,0,7,0,8,0,0,0,4,4,3,3
P2230__1024__824___134,7,<50,87,7,7,7,7,0,0,8,0,9,0,0,0,4,4,3,3
P2231__1024__0___0,16,<50,106,16,16,16,16,0,0,17,0,18,0,1,1,12,12,3,3
P2231__1024__0___1139,2,<50,28,2,2,2,2,0,0,2,0,2,0,0,0,2,2,0,0
P2231__1024__0___824,11,<50,67,11,11,11,11,0,0,13,0,13,0,1,1,6,6,4,4
P2231__1024__701___0,1,<50,20,1,1,1,1,0,0,2,0,2,0,0,0,1,1,0,0
P2231__1024__701___1139,18,<50,35,18,18,18,18,0,0,20,0,20,0,1,1,17,17,0,0
P2231__1024__701___824,19,<50,65,19,19,19,19,0,0,19,0,20,0,1,1,18,18,0,0
P2236__1024__0___0,20,<50,132,0,0,0,0,0,0,21,0,21,0,0,0,19,0,1,0
P2236__1024__234___0,17,<50,79,0,0,0,0,0,0,15,0,15,0,0,0,16,0,1,0
P2239__1024__0___0,10,<50,40,0,0,0,0,0,0,10,0,10,0,0,0,9,0,1,0
P2241__1024__0___0,24,<50,73,3,3,3,3,0,0,12,0,13,0,10,0,12,3,2,0
P2241__1024__0___48,24,<50,77,3,3,3,3,0,0,12,0,14,0,10,0,12,3,2,0
P2242__1024__0___0,37,<50,174,37,37,37,37,0,0,39,0,42,0,0,0,37,37,0,0
P2242__1024__0___142,39,<50,178,39,39,39,39,0,0,39,0,43,0,0,0,39,39,0,0
P2242__1024__1648___0,69,50-100,268,69,69,69,69,0,0,74,0,80,0,5,5,64,64,0,0
P2242__1024__1648___142,73,50-100,266,73,73,73,73,0,0,79,0,80,0,5,5,68,68,0,0
P2242__1024__1775___0,57,50-100,217,57,57,57,57,0,0,66,0,68,0,3,3,54,54,0,0
P2242__1024__1775___142,60,50-100,202,60,60,60,60,0,0,64,0,69,0,3,3,57,57,0,0
P2242__1024__824___0,104,100-150,374,94,104,104,104,0,0,110,0,119,0,12,12,92,92,0,0
P2242__1024__824___142,105,100-150,433,94,105,105,105,0,0,106,0,115,0,12,12,93,93,0,0
P2255__1024__0___0,7,<50,15,0,0,0,0,0,0,7,0,8,0,0,0,1,0,6,0
P2256__1024__0___506,2,<50,77,2,2,2,2,0,0,3,0,4,0,2,2,0,0,0,0
P2256__1024__1648___0,2,<50,101,2,2,2,2,0,0,9,0,13,0,2,2,0,0,0,0
P2256__1024__1648___506,2,<50,106,2,2,2,2,0,0,9,0,12,0,2,2,0,0,0,0
P2256__1024__2472___0,2,<50,57,2,2,2,2,0,0,1,0,2,0,0,0,2,2,0,0
P2256__1024__2472___506,2,<50,130,2,2,2,2,0,0,6,0,7,0,0,0,2,2,0,0
P2256__1024__3296___0,2,<50,66,2,2,2,2,0,0,1,0,5,0,0,0,0,0,2,2
P2256__1024__3296___506,2,<50,37,2,2,2,2,0,0,2,0,4,0,0,0,0,0,2,2
P2256__1024__3570___0,2,<50,58,2,2,2,2,0,0,4,0,6,0,0,0,2,2,0,0
P2256__1024__824___0,1,<50,25,1,1,1,1,0,0,0,0,0,0,0,0,0,0,1,1
P2256__1024__824___506,4,<50,70,4,4,4,4,0,0,3,0,5,0,2,2,0,0,2,2
P2271__1024__0___0,8,<50,223,8,8,8,8,0,0,1,0,3,0,7,7,1,1,0,0
P2271__1024__0___1648,1,<50,204,0,0,0,0,0,0,0,0,0,0,1,0,0,0,0,0
P2271__1024__0___2262,24,<50,585,11,18,18,18,0,0,2,0,14,0,24,18,0,0,0,0
P2271__1024__0___824,9,<50,329,4,7,7,7,0,0,1,0,4,0,9,7,0,0,0,0
P2271__1024__1648___824,2,<50,59,1,1,1,1,0,0,0,0,0,0,0,0,2,1,0,0
P2271__1024__2472___824,1,<50,162,1,1,1,1,0,0,0,0,2,0,1,1,0,0,0,0
P2271__1024__824___0,7,<50,92,6,6,6,6,0,0,4,0,4,0,7,6,0,0,0,0
P2271__1024__824___1648,2,<50,20,2,2,2,2,0,0,0,0,0,0,2,2,0,0,0,0
P2271__1024__824___2262,3,<50,49,1,1,1,1,0,0,1,0,1,0,3,1,0,0,0,0
P2271__1024__824___824,8,<50,32,4,4,4,4,0,0,1,0,1,0,4,2,4,2,0,0
P2285__1024__0___0,10,<50,59,10,10,10,10,0,0,10,0,13,0,1,1,8,8,1,1
P2285__1024__0___2472,1,<50,17,1,1,1,1,0,0,1,0,1,0,0,0,1,1,0,0
P2285__1024__0___2841,1,<50,20,1,1,1,1,0,0,2,0,3,0,0,0,1,1,0,0
P2285__1024__0___824,3,<50,25,3,3,3,3,0,0,2,0,3,0,0,0,2,2,1,1
P2285__1024__1648___0,6,<50,76,6,6,6,6,0,0,12,0,16,0,4,4,2,2,0,0
P2285__1024__1648___1648,30,<50,120,30,30,30,30,0,0,34,0,41,0,0,0,30,30,0,0
P2285__1024__1648___2472,5,<50,30,5,5,5,5,0,0,6,0,7,0,0,0,5,5,0,0
P2285__1024__1648___2841,1,<50,2,1,1,1,1,0,0,1,0,1,0,0,0,1,1,0,0
P2285__1024__1648___824,38,<50,210,38,38,38,38,0,0,49,0,60,0,11,11,26,26,1,1
P2285__1024__2472___0,1,<50,4,1,1,1,1,0,0,0,0,1,0,0,0,0,0,1,1
P2285__1024__2472___1648,15,<50,72,15,15,15,15,0,0,18,0,18,0,2,2,13,13,0,0
P2285__1024__2472___2472,2,<50,22,2,2,2,2,0,0,3,0,4,0,0,0,2,2,0,0
P2285__1024__2472___824,3,<50,57,3,3,3,3,0,0,4,0,5,0,1,1,2,2,0,0
P2285__1024__2565___0,1,<50,3,1,1,1,1,0,0,0,0,0,0,0,0,0,0,1,1
P2285__1024__2565___1648,9,<50,42,9,9,9,9,0,0,12,0,13,0,2,2,7,7,0,0
P2285__1024__2565___2472,1,<50,5,1,1,1,1,0,0,2,0,2,0,0,0,1,1,0,0
P2285__1024__2565___824,1,<50,12,1,1,1,1,0,0,0,0,1,0,1,1,0,0,0,0
P2285__1024__824___0,7,<50,112,7,7,7,7,0,0,13,0,17,0,2,2,5,5,0,0
P2285__1024__824___1648,1,<50,33,1,1,1,1,0,0,1,0,2,0,0,0,1,1,0,0
P2285__1024__824___2472,1,<50,4,1,1,1,1,0,0,0,0,2,0,0,0,1,1,0,0
P2285__1024__824___2841,1,<50,6,1,1,1,1,0,0,0,0,0,0,0,0,1,1,0,0
P2285__1024__824___824,30,<50,184,30,30,30,30,0,0,32,0,44,0,8,8,22,22,0,0
P2286__1024__0___0,12,<50,232,12,12,12,12,0,0,11,0,21,0,5,5,4,4,3,3
P2286__1024__0___824,2,<50,90,2,2,2,2,0,0,0,0,3,0,2,2,0,0,0,0
P2286__1024__1539___0,8,<50,46,8,8,8,8,0,0,7,0,8,0,2,2,6,6,0,0
P2286__1024__1539___1042,36,<50,397,34,36,36,36,0,0,59,0,82,0,17,17,18,18,1,1
P2286__1024__1539___824,33,<50,226,31,32,32,32,0,0,35,0,43,0,13,12,20,20,0,0
P2286__1024__824___0,16,<50,543,13,15,15,15,0,0,23,0,41,0,4,4,9,9,3,2
P2286__1024__824___1042,7,<50,100,6,6,6,6,0,0,4,0,8,0,5,4,1,1,1,1
P2286__1024__824___824,13,<50,178,12,12,12,12,0,0,11,0,19,0,8,7,4,4,1,1
P2294__1024__0___0,4,<50,17,0,0,0,0,0,0,2,0,6,0,0,0,2,0,2,0
P2310__1024__0___0,5,<50,43,0,0,0,0,0,0,7,0,8,0,0,0,5,0,0,0
P2322__1024__0___0,6,<50,94,0,0,0,0,0,0,6,0,9,0,0,0,6,0,0,0
P2331__1024__0___0,4,<50,96,2,2,2,2,0,0,6,0,9,0,0,0,1,0,3,2
P2331__1024__1648___0,6,<50,108,6,6,6,6,0,0,5,0,7,0,3,3,2,2,1,1
P2331__1024__1648___824,6,<50,110,5,5,5,5,0,0,10,0,11,0,3,3,1,0,2,2
P2331__1024__1648___935,4,<50,94,4,4,4,4,0,0,9,0,10,0,3,3,0,0,1,1
P2331__1024__2250___0,3,<50,62,1,1,1,1,0,0,4,0,6,0,0,0,2,0,1,1
P2331__1024__2250___824,2,<50,20,1,1,1,1,0,0,1,0,1,0,0,0,1,0,1,1
P2331__1024__824___0,10,<50,230,10,10,10,10,0,0,8,0,17,0,6,6,4,4,0,0
P2331__1024__824___824,5,<50,139,5,5,5,5,0,0,5,0,8,0,3,3,1,1,1,1
P2331__1024__824___935,5,<50,119,4,4,4,4,0,0,5,0,7,0,3,3,1,1,1,0
P2337__1024__0___0,9,<50,41,9,9,9,9,0,0,13,0,17,0,0,0,7,7,2,2
P2337__1024__0___1372,1,<50,83,1,1,1,1,0,0,1,0,1,0,0,0,1,1,0,0
P2337__1024__0___824,5,<50,11,5,5,5,5,0,0,5,0,5,0,0,0,3,3,2,2
P2337__1024__1401___0,7,<50,32,7,7,7,7,0,0,9,0,10,0,0,0,1,1,6,6
P2337__1024__1401___824,5,<50,47,5,5,5,5,0,0,5,0,5,0,0,0,1,1,4,4
P2337__1024__824___0,10,<50,44,10,10,10,10,0,0,15,0,15,0,0,0,7,7,3,3
P2337__1024__824___824,3,<50,25,3,3,3,3,0,0,4,0,4,0,0,0,2,2,1,1
P2342__1024__0___1350,2,<50,24,1,1,1,1,0,0,0,0,1,0,0,0,1,0,1,1
P2342__1024__0___824,2,<50,23,1,1,1,1,0,0,0,0,1,0,0,0,1,0,1,1
P2342__1024__824___1350,1,<50,46,1,1,1,1,0,0,0,0,0,0,0,0,1,1,0,0
P2342__1024__824___824,1,<50,43,1,1,1,1,0,0,0,0,0,0,0,0,1,1,0,0
P2342__1024__890___1350,1,<50,43,1,1,1,1,0,0,0,0,0,0,0,0,1,1,0,0
P2342__1024__890___824,1,<50,36,1,1,1,1,0,0,0,0,0,0,0,0,1,1,0,0
P2351__1024__0___0,3,<50,35,2,2,2,2,0,0,1,0,2,0,0,0,2,1,1,1
P2351__1024__0___705,1,<50,28,0,0,0,0,0,0,0,0,1,0,1,0,0,0,0,0
P2351__1024__822___705,1,<50,33,0,0,0,0,0,0,0,0,3,0,1,0,0,0,0,0
P2363__1024__0___0,1,<50,20,1,1,1,1,0,0,0,0,0,0,0,0,1,1,0,0
P2363__1024__0___824,1,<50,23,1,1,1,1,0,0,3,0,3,0,0,0,1,1,0,0
P2363__1024__0___893,1,<50,23,1,1,1,1,0,0,3,0,3,0,0,0,0,0,1,1
P2363__1024__1213___824,2,<50,13,2,2,2,2,0,0,0,0,1,0,0,0,0,0,2,2
P2363__1024__1213___893,2,<50,15,2,2,2,2,0,0,1,0,3,0,0,0,0,0,2,2
P2363__1024__824___824,1,<50,20,1,1,1,1,0,0,1,0,2,0,0,0,0,0,1,1
P2363__1024__824___893,1,<50,28,1,1,1,1,0,0,3,0,3,0,0,0,0,0,1,1
P2365__1024__1648___0,5,<50,35,1,1,1,1,0,0,1,0,1,0,0,0,4,1,1,0
P2365__1024__1807___0,5,<50,39,1,1,1,1,0,0,1,0,2,0,0,0,4,1,1,0
P2365__1024__824___1303,1,<50,24,0,0,0,0,0,0,3,0,4,0,0,0,0,0,1,0
P2365__1024__824___824,1,<50,33,0,0,0,0,0,0,3,0,3,0,0,0,0,0,1,0
P2374__1024__0___0,3,<50,13,1,1,1,1,0,0,1,0,3,0,0,0,0,0,3,1
P2374__1024__0___686,2,<50,0,0,0,0,0,0,0,0,0,0,0,0,0,0,0,2,0
P2375__1024__0___0,4,<50,20,3,3,3,3,0,0,4,0,5,0,0,0,2,1,2,2
P2375__1024__0___824,1,<50,10,1,1,1,1,0,0,1,0,1,0,0,0,1,1,0,0
P2375__1024__541___0,4,<50,17,3,3,3,3,0,0,3,0,4,0,0,0,2,1,2,2
P2375__1024__541___824,1,<50,8,1,1,1,1,0,0,1,0,1,0,0,0,1,1,0,0
P2378__1024__0___0,1,<50,18,1,1,1,1,0,0,1,0,1,0,0,0,0,0,1,1
P2378__1024__0___824,1,<50,20,1,1,1,1,0,0,1,0,3,0,0,0,0,0,1,1
P2385__1024__1047___824,2,<50,53,2,2,2,2,0,0,0,0,4,0,0,0,0,0,2,2
P2385__1024__1047___984,2,<50,226,2,2,2,2,0,0,10,0,18,0,0,0,0,0,2,2
P2385__1024__824___824,2,<50,53,2,2,2,2,0,0,2,0,5,0,0,0,0,0,2,2
P2385__1024__824___984,2,<50,119,2,2,2,2,0,0,5,0,14,0,0,0,0,0,2,2
P2393__1024__1077___0,1,<50,37,1,1,1,1,0,0,1,0,4,0,0,0,0,0,1,1
P2393__1024__824___0,1,<50,56,1,1,1,1,0,0,0,0,3,0,0,0,0,0,1,1
P2393__1024__824___727,1,<50,69,0,0,0,0,0,0,2,0,5,0,0,0,0,0,1,0
P2394__1024__0___824,2,<50,30,0,0,0,0,0,0,0,0,1,0,2,0,0,0,0,0
P2394__1024__0___964,2,<50,31,0,0,0,0,0,0,0,0,0,0,2,0,0,0,0,0
P2394__1024__781___0,1,<50,46,0,0,0,0,0,0,1,0,2,0,0,0,1,0,0,0
P2394__1024__781___824,2,<50,28,1,1,1,1,0,0,0,0,0,0,2,1,0,0,0,0
P2394__1024__781___964,2,<50,23,1,1,1,1,0,0,0,0,0,0,2,1,0,0,0,0
P2404__1024__1648___0,2,<50,22,2,2,2,2,0,0,1,0,3,0,0,0,2,2,0,0
P2404__1024__1648___1648,1,<50,20,1,1,1,1,0,0,1,0,2,0,0,0,1,1,0,0
P2404__1024__1648___824,3,<50,74,3,3,3,3,0,0,3,0,5,0,0,0,3,3,0,0
P2404__1024__2472___0,2,<50,55,2,2,2,2,0,0,1,0,6,0,0,0,1,1,1,1
P2404__1024__2472___1648,3,<50,34,3,3,3,3,0,0,2,0,2,0,0,0,2,2,1,1
P2404__1024__2472___824,2,<50,46,2,2,2,2,0,0,1,0,2,0,0,0,2,2,0,0
P2404__1024__3296___2472,1,<50,113,1,1,1,1,0,0,5,0,5,0,0,0,1,1,0,0
P2404__1024__4120___2472,1,<50,5,1,1,1,1,0,0,0,0,0,0,0,0,1,1,0,0
P2404__1024__4120___3090,1,<50,11,1,1,1,1,0,0,0,0,0,0,0,0,1,1,0,0
P2404__1024__824___0,1,<50,15,1,1,1,1,0,0,1,0,1,0,0,0,0,0,1,1
P2408__1024__824___1539,2,<50,25,2,2,2,2,0,0,2,0,4,0,0,0,0,0,2,2
P2408__1024__973___1539,2,<50,23,2,2,2,2,0,0,4,0,4,0,0,0,0,0,2,2
P2413__1024__0___0,2,<50,58,2,2,2,2,0,0,1,0,1,0,0,0,2,2,0,0
P2413__1024__1159___0,3,<50,34,1,1,1,1,0,0,0,0,0,0,0,0,3,1,0,0
P2413__1024__824___0,3,<50,34,1,1,1,1,0,0,0,0,1,0,0,0,3,1,0,0
P2420__1024__0___0,1,<50,14,1,1,1,1,0,0,1,0,1,0,0,0,1,1,0,0
P2429__1024__0___0,2,<50,168,2,2,2,2,0,0,4,0,4,0,0,0,1,1,1,1
P2429__1024__0___1648,1,<50,33,1,1,1,1,0,0,1,0,3,0,1,1,0,0,0,0
P2429__1024__0___1796,1,<50,13,1,1,1,1,0,0,1,0,1,0,1,1,0,0,0,0
P2429__1024__0___824,2,<50,65,2,2,2,2,0,0,2,0,2,0,0,0,2,2,0,0
P2429__1024__824___0,1,<50,75,1,1,1,1,0,0,1,0,2,0,0,0,0,0,1,1
P2446__1024__0___0,1,<50,49,1,1,1,1,0,0,2,0,2,0,0,0,1,1,0,0
P2446__1024__0___824,1,<50,156,1,1,1,1,0,0,1,0,2,0,0,0,1,1,0,0
P2446__1024__824___0,2,<50,33,2,2,2,2,0,0,2,0,4,0,0,0,2,2,0,0
P2446__1024__824___1289,1,<50,867,1,1,1,1,0,0,14,0,71,0,0,0,1,1,0,0
P2446__1024__824___824,1,<50,710,1,1,1,1,0,0,6,0,58,0,0,0,1,1,0,0
P2446__1024__991___0,2,<50,11,2,2,2,2,0,0,3,0,3,0,0,0,2,2,0,0
P2446__1024__991___1289,1,<50,641,1,1,1,1,0,0,13,0,45,0,0,0,1,1,0,0
P2446__1024__991___824,1,<50,541,1,1,1,1,0,0,8,0,34,0,0,0,1,1,0,0
P2449__1024__0___0,1,<50,21,1,1,1,1,0,0,1,0,1,0,0,0,1,1,0,0
P2450__1024__0___0,1,<50,16,1,1,1,1,0,0,1,0,1,0,0,0,1,1,0,0
P2450__1024__656___0,1,<50,11,1,1,1,1,0,0,1,0,1,0,0,0,1,1,0,0
P2455__1024__824___0,1,<50,19,1,1,1,1,0,0,1,0,2,0,0,0,1,1,0,0
P2455__1024__847___0,1,<50,17,1,1,1,1,0,0,1,0,1,0,0,0,1,1,0,0
P2462__1024__0___1179,1,<50,61,0,0,0,0,0,0,0,0,1,0,0,0,0,0,1,0
P2462__1024__0___824,1,<50,74,0,0,0,0,0,0,0,0,1,0,0,0,0,0,1,0
P2477__1024__0___0,1,<50,8,1,1,1,1,0,0,0,0,2,0,0,0,1,1,0,0
P2477__1024__0___824,1,<50,19,1,1,1,1,0,0,2,0,2,0,0,0,1,1,0,0
P2477__1024__600___0,1,<50,5,1,1,1,1,0,0,2,0,2,0,0,0,1,1,0,0
P2478__1024__727___0,1,<50,17,1,1,1,1,0,0,3,0,3,0,0,0,1,1,0,0
P2478__1024__727___598,1,<50,15,1,1,1,1,0,0,2,0,2,0,0,0,1,1,0,0
P2481__1024__1307___0,2,<50,46,2,2,2,2,0,0,2,0,2,0,2,2,0,0,0,0
P2481__1024__1307___824,2,<50,10,2,2,2,2,0,0,2,0,2,0,2,2,0,0,0,0
P2488__1024__1298___824,1,<50,23,1,1,1,1,0,0,1,0,1,0,0,0,1,1,0,0
P2488__1024__824___824,1,<50,11,1,1,1,1,0,0,1,0,1,0,0,0,1,1,0,0
P2502__1024__0___0,3,<50,94,3,3,3,3,0,0,11,0,16,0,0,0,0,0,3,3
P2502__1024__0___1400,3,<50,30,3,3,3,3,0,0,4,0,4,0,0,0,0,0,3,3
P2502__1024__0___824,2,<50,43,2,2,2,2,0,0,2,0,3,0,0,0,0,0,2,2
P2504__1024__0___0,2,<50,14,1,1,1,1,0,0,1,0,2,0,1,0,1,1,0,0
P2504__1024__0___1118,3,<50,17,3,3,3,3,0,0,4,0,4,0,1,1,2,2,0,0
P2504__1024__0___824,4,<50,13,3,3,3,3,0,0,4,0,5,0,2,1,2,2,0,0
P2504__1024__596___0,4,<50,65,3,3,3,3,0,0,2,0,3,0,1,0,0,0,3,3
P2504__1024__596___1118,4,<50,23,4,4,4,4,0,0,3,0,5,0,2,2,2,2,0,0
P2504__1024__596___824,4,<50,16,2,2,2,2,0,0,2,0,3,0,2,0,2,2,0,0
P2539__1024__0___1196,2,<50,20,2,2,2,2,0,0,3,0,4,0,0,0,2,2,0,0
P2539__1024__0___824,2,<50,30,2,2,2,2,0,0,4,0,4,0,0,0,2,2,0,0
P2541__1024__0___1542,1,<50,12,1,1,1,1,0,0,1,0,2,0,0,0,1,1,0,0
P2541__1024__1590___0,3,<50,30,3,3,3,3,0,0,2,0,3,0,0,0,3,3,0,0
P2541__1024__1590___824,5,<50,42,4,4,4,4,0,0,2,0,3,0,0,0,2,2,3,2
P2541__1024__824___1542,1,<50,24,1,1,1,1,0,0,3,0,3,0,0,0,1,1,0,0
P2541__1024__824___824,1,<50,36,1,1,1,1,0,0,2,0,4,0,0,0,1,1,0,0
P2542__1024__0___0,1,<50,93,1,1,1,1,0,0,3,0,8,0,0,0,1,1,0,0
P2542__1024__0___824,2,<50,43,2,2,2,2,0,0,3,0,7,0,0,0,0,0,2,2
P2542__1024__1082___1463,1,<50,23,1,1,1,1,0,0,3,0,3,0,0,0,1,1,0,0
P2542__1024__824___1463,1,<50,20,1,1,1,1,0,0,3,0,3,0,0,0,1,1,0,0
P2547__1024__0___0,1,<50,8,1,1,1,1,0,0,1,0,1,0,0,0,1,1,0,0
P2547__1024__0___1401,3,<50,8,2,2,2,2,0,0,2,0,2,0,0,0,1,1,2,1
P2547__1024__0___824,2,<50,30,2,2,2,2,0,0,2,0,3,0,0,0,2,2,0,0
P2547__1024__2704___0,1,<50,7,1,1,1,1,0,0,1,0,1,0,0,0,1,1,0,0
P2547__1024__824___1401,3,<50,30,3,3,3,3,0,0,2,0,2,0,0,0,1,1,2,2
P2547__1024__824___824,1,<50,30,1,1,1,1,0,0,1,0,1,0,0,0,1,1,0,0
P2563__1024__0___0,2,<50,21,2,2,2,2,0,0,2,0,4,0,0,0,0,0,2,2
P2563__1024__0___145,2,<50,35,2,2,2,2,0,0,3,0,4,0,0,0,0,0,2,2
P2563__1024__824___0,7,<50,60,7,7,7,7,0,0,10,0,13,0,0,0,2,2,5,5
P2563__1024__824___145,7,<50,58,7,7,7,7,0,0,8,0,8,0,0,0,2,2,5,5
P2563__1024__883___0,7,<50,69,7,7,7,7,0,0,8,0,10,0,0,0,2,2,5,5
P2563__1024__883___145,7,<50,55,7,7,7,7,0,0,8,0,10,0,0,0,2,2,5,5
P2570__1024__0___0,3,<50,33,3,3,3,3,0,0,5,0,5,0,0,0,0,0,3,3
P2570__1024__0___441,13,<50,133,13,13,13,13,0,0,7,0,23,0,11,11,0,0,2,2
P2570__1024__775___0,4,<50,27,3,3,3,3,0,0,5,0,7,0,0,0,1,0,3,3
P2570__1024__775___441,6,<50,38,5,5,5,5,0,0,5,0,6,0,0,0,2,1,4,4
P2571__1024__0___0,8,<50,25,8,8,8,8,0,0,9,0,9,0,0,0,0,0,8,8
P2571__1024__0___400,9,<50,28,9,9,9,9,0,0,11,0,11,0,0,0,0,0,9,9
P2571__1024__21___0,8,<50,16,8,8,8,8,0,0,9,0,9,0,0,0,0,0,8,8
P2571__1024__21___400,9,<50,20,9,9,9,9,0,0,9,0,10,0,0,0,0,0,9,9
P2577__1024__0___0,5,<50,18,5,5,5,5,0,0,8,0,8,0,0,0,0,0,5,5
P2577__1024__0___153,5,<50,24,5,5,5,5,0,0,7,0,7,0,0,0,0,0,5,5
P2577__1024__366___0,6,<50,26,6,6,6,6,0,0,9,0,10,0,0,0,0,0,6,6
P2577__1024__366___153,6,<50,23,6,6,6,6,0,0,9,0,9,0,0,0,0,0,6,6
P2580__1024__0___0,6,<50,129,5,5,5,5,0,0,5,0,8,0,0,0,3,2,3,3
P2580__1024__0___824,9,<50,62,2,2,2,2,0,0,11,0,12,0,0,0,8,1,1,1
P2580__1024__0___895,8,<50,72,1,1,1,1,0,0,9,0,9,0,0,0,8,1,0,0
P2582__1024__0___0,2,<50,125,2,2,2,2,0,0,3,0,6,0,0,0,0,0,2,2
P2582__1024__0___725,11,<50,74,8,8,8,8,0,0,8,0,8,0,4,1,1,1,6,6
P2582__1024__674___0,10,<50,50,9,9,9,9,0,0,4,0,5,0,7,6,0,0,3,3
P2582__1024__674___725,31,<50,226,30,30,30,30,0,0,22,0,38,0,19,18,0,0,12,12
P2587__1024__0___0,9,<50,77,8,8,8,8,0,0,17,0,19,0,3,3,5,5,1,0
P2587__1024__1648___0,1,<50,33,1,1,1,1,0,0,4,0,5,0,0,0,0,0,1,1
P2587__1024__1648___1040,1,<50,33,0,0,0,0,0,0,2,0,3,0,0,0,0,0,1,0
P2587__1024__1648___824,3,<50,24,3,3,3,3,0,0,4,0,5,0,0,0,0,0,3,3
P2587__1024__1858___0,1,<50,30,1,1,1,1,0,0,4,0,4,0,0,0,0,0,1,1
P2587__1024__1858___1040,1,<50,19,1,1,1,1,0,0,2,0,3,0,0,0,0,0,1,1
P2587__1024__1858___824,3,<50,21,3,3,3,3,0,0,4,0,4,0,0,0,0,0,3,3
P2587__1024__824___0,1,<50,62,0,0,0,0,0,0,6,0,9,0,0,0,0,0,1,0
P2592__1024__0___0,1,<50,98,1,1,1,1,0,0,4,0,4,0,0,0,0,0,1,1
P2592__1024__0___443,10,<50,62,10,10,10,10,0,0,13,0,13,0,0,0,0,0,10,10
P2592__1024__1031___0,1,<50,62,1,1,1,1,0,0,2,0,4,0,0,0,0,0,1,1
P2592__1024__1031___443,1,<50,47,1,1,1,1,0,0,2,0,3,0,0,0,0,0,1,1
P2592__1024__824___0,2,<50,78,2,2,2,2,0,0,4,0,8,0,0,0,0,0,2,2
P2592__1024__824___443,3,<50,47,3,3,3,3,0,0,5,0,6,0,0,0,0,0,3,3
P2593__1024__0___0,3,<50,70,3,3,3,3,0,0,7,0,9,0,0,0,0,0,3,3
P2593__1024__0___677,9,<50,119,9,9,9,9,0,0,10,0,15,0,0,0,9,9,0,0
P2593__1024__179___0,4,<50,73,4,4,4,4,0,0,7,0,10,0,0,0,0,0,4,4
P2593__1024__179___677,9,<50,141,9,9,9,9,0,0,9,0,12,0,0,0,9,9,0,0
P2595__1024__0___0,12,<50,45,5,5,5,5,0,0,13,0,17,0,0,0,10,3,2,2
P2595__1024__0___648,4,<50,49,3,3,3,3,0,0,5,0,6,0,0,0,3,2,1,1
P2598__1024__0___1030,8,<50,55,8,8,8,8,0,0,19,0,23,0,1,1,3,3,4,4
P2598__1024__0___824,8,<50,66,8,8,8,8,0,0,11,0,22,0,1,1,3,3,4,4
P2598__1024__1332___0,12,<50,83,12,12,12,12,0,0,21,0,22,0,10,10,2,2,0,0
P2598__1024__824___0,11,<50,82,11,11,11,11,0,0,19,0,20,0,11,11,0,0,0,0
P2599__1024__0___0,12,<50,37,12,12,12,12,0,0,11,0,12,0,2,2,0,0,10,10
P2599__1024__0___139,14,<50,29,14,14,14,14,0,0,10,0,10,0,4,4,0,0,10,10
P2599__1024__104___0,11,<50,24,11,11,11,11,0,0,11,0,12,0,1,1,0,0,10,10
P2599__1024__104___139,13,<50,34,13,13,13,13,0,0,10,0,13,0,3,3,0,0,10,10
P2608__1024__0___0,74,50-100,312,74,74,74,74,0,0,92,0,98,0,71,71,3,3,0,0
P2608__1024__0___1427,40,<50,283,40,40,40,40,0,0,72,0,84,0,26,26,13,13,1,1
P2608__1024__0___824,41,<50,306,41,41,41,41,0,0,84,0,95,0,34,34,7,7,0,0
P2608__1024__1062___0,3,<50,128,3,3,3,3,0,0,11,0,13,0,2,2,1,1,0,0
P2608__1024__1062___1427,6,<50,182,6,6,6,6,0,0,33,0,38,0,6,6,0,0,0,0
P2608__1024__1062___824,8,<50,143,8,8,8,8,0,0,30,0,33,0,7,7,1,1,0,0
P2608__1024__824___0,3,<50,133,3,3,3,3,0,0,21,0,26,0,2,2,1,1,0,0
P2608__1024__824___1427,13,<50,220,13,13,13,13,0,0,42,0,51,0,10,10,3,3,0,0
P2608__1024__824___824,14,<50,300,14,14,14,14,0,0,53,0,66,0,11,11,3,3,0,0
P2610__1024__0___0,38,<50,130,38,38,38,38,0,0,45,0,49,0,34,34,4,4,0,0
P2610__1024__0___1383,12,<50,211,12,12,12,12,0,0,40,0,63,0,2,2,10,10,0,0
P2610__1024__0___824,15,<50,93,15,15,15,15,0,0,30,0,33,0,13,13,2,2,0,0
P2610__1024__814___0,2,<50,17,2,2,2,2,0,0,3,0,3,0,2,2,0,0,0,0
P2610__1024__814___1383,6,<50,49,6,6,6,6,0,0,7,0,9,0,0,0,6,6,0,0
P2610__1024__814___824,31,<50,158,31,31,31,31,0,0,43,0,47,0,30,30,1,1,0,0
P2617__1024__0___0,37,<50,85,37,37,37,37,0,0,41,0,46,0,0,0,37,37,0,0
P2617__1024__90___0,39,<50,98,39,39,39,39,0,0,40,0,48,0,0,0,39,39,0,0
P2625__1024__0___0,100,100-150,377,91,99,99,99,0,0,115,0,149,0,0,0,100,99,0,0
P2625__1024__0___1519,6,<50,96,6,6,6,6,0,0,16,0,16,0,0,0,6,6,0,0
P2625__1024__0___824,26,<50,178,25,25,25,25,0,0,43,0,48,0,0,0,26,25,0,0
P2625__1024__1648___0,13,<50,71,13,13,13,13,0,0,16,0,18,0,0,0,13,13,0,0
P2625__1024__1648___1519,11,<50,128,11,11,11,11,0,0,21,0,29,0,0,0,3,3,8,8
P2625__1024__1648___824,30,<50,149,30,30,30,30,0,0,43,0,53,0,0,0,15,15,15,15
P2625__1024__2472___0,2,<50,84,2,2,2,2,0,0,10,0,11,0,0,0,2,2,0,0
P2625__1024__2472___1519,15,<50,180,15,15,15,15,0,0,25,0,33,0,0,0,12,12,3,3
P2625__1024__2472___824,40,<50,220,40,40,40,40,0,0,59,0,68,0,0,0,35,35,5,5
P2625__1024__3259___0,3,<50,55,3,3,3,3,0,0,6,0,9,0,0,0,3,3,0,0
P2625__1024__3259___1519,5,<50,124,5,5,5,5,0,0,23,0,27,0,0,0,5,5,0,0
P2625__1024__3259___824,31,<50,134,31,31,31,31,0,0,39,0,41,0,0,0,28,28,3,3
P2625__1024__824___0,34,<50,208,34,34,34,34,0,0,47,0,61,0,0,0,34,34,0,0
P2625__1024__824___1519,29,<50,145,29,29,29,29,0,0,34,0,36,0,0,0,17,17,12,12
P2625__1024__824___824,25,<50,183,25,25,25,25,0,0,32,0,35,0,0,0,15,15,10,10
P2630__1024__0___0,4,<50,43,4,4,4,4,0,0,4,0,6,0,0,0,4,4,0,0
P2630__1024__0___372,28,<50,93,28,28,28,28,0,0,31,0,41,0,0,0,28,28,0,0
P2630__1024__806___0,47,<50,143,47,47,47,47,0,0,41,0,51,0,33,33,14,14,0,0
P2630__1024__806___372,62,50-100,242,62,62,62,62,0,0,69,0,79,0,27,27,35,35,0,0
P2645__1024__0___0,13,<50,104,8,8,8,8,0,0,1,0,5,0,11,7,2,1,0,0
P2645__1024__0___1648,18,<50,224,14,14,14,14,0,0,12,0,16,0,7,3,9,9,2,2
P2645__1024__0___2418,26,<50,68,13,13,13,13,0,0,1,0,1,0,19,7,4,3,3,3
P2645__1024__0___824,24,<50,95,6,6,6,6,0,0,0,0,0,0,20,5,4,1,0,0
P2645__1024__1648___0,12,<50,130,10,11,11,11,0,0,8,0,13,0,10,9,2,2,0,0
P2645__1024__1648___1648,54,50-100,400,43,46,46,46,0,0,45,0,58,0,7,2,41,38,6,6
P2645__1024__1648___2418,60,50-100,337,52,54,54,54,0,0,58,0,61,0,4,4,54,48,2,2
P2645__1024__1648___824,16,<50,97,12,12,12,12,0,0,12,0,14,0,3,1,7,6,6,5
P2645__1024__2472___0,4,<50,37,4,4,4,4,0,0,4,0,4,0,2,2,1,1,1,1
P2645__1024__2472___1648,16,<50,127,14,14,14,14,0,0,16,0,18,0,1,1,8,8,7,5
P2645__1024__2472___2418,14,<50,51,6,6,6,6,0,0,4,0,6,0,8,2,4,3,2,1
P2645__1024__2472___824,23,<50,177,18,21,21,21,0,0,25,0,32,0,1,1,16,15,6,5
P2645__1024__3296___0,7,<50,42,6,6,6,6,0,0,7,0,7,0,1,0,6,6,0,0
P2645__1024__3296___1648,81,50-100,510,78,80,81,81,1,0,88,0,107,0,5,4,76,76,0,0
P2645__1024__3296___2418,23,<50,129,20,20,20,20,0,0,20,0,30,0,3,2,12,11,8,7
P2645__1024__3296___824,67,50-100,270,67,67,67,67,0,0,78,0,83,0,4,4,59,59,4,4
P2645__1024__3581___0,10,<50,41,9,9,9,9,0,0,9,0,10,0,1,0,9,9,0,0
P2645__1024__3581___1648,74,50-100,660,71,73,74,74,1,0,86,0,102,0,6,5,68,68,0,0
P2645__1024__3581___2418,34,<50,164,30,30,30,30,0,0,33,0,39,0,9,7,17,16,8,7
P2645__1024__3581___824,55,50-100,208,55,55,55,55,0,0,57,0,64,0,3,3,48,48,4,4
P2645__1024__824___0,15,<50,95,7,7,7,7,0,0,0,0,2,0,15,7,0,0,0,0
P2645__1024__824___1648,73,50-100,313,64,69,69,69,0,0,58,0,64,0,37,34,31,30,5,5
P2645__1024__824___2418,23,<50,157,12,14,14,14,0,0,10,0,14,0,7,5,15,8,1,1
P2645__1024__824___824,40,<50,375,28,31,32,32,1,0,27,0,29,0,15,8,21,20,4,3
P2678__1024__0___1616,8,<50,73,8,8,8,8,0,0,12,0,19,0,0,0,0,0,8,8
P2678__1024__0___824,17,<50,90,16,16,16,16,0,0,16,0,23,0,0,0,4,4,13,12
P2678__1024__1648___0,4,<50,64,4,4,4,4,0,0,6,0,7,0,0,0,0,0,4,4
P2678__1024__1648___824,1,<50,72,1,1,1,1,0,0,5,0,6,0,0,0,0,0,1,1
P2678__1024__2472___0,13,<50,84,13,13,13,13,0,0,15,0,18,0,2,2,11,11,0,0
P2678__1024__2472___1616,21,<50,186,21,21,21,21,0,0,23,0,28,0,0,0,7,7,14,14
P2678__1024__2472___824,20,<50,96,19,19,19,19,0,0,24,0,30,0,0,0,7,6,13,13
P2678__1024__3201___0,29,<50,116,29,29,29,29,0,0,31,0,38,0,2,2,27,27,0,0
P2678__1024__3201___1616,8,<50,86,8,8,8,8,0,0,8,0,12,0,0,0,1,1,7,7
P2678__1024__3201___824,7,<50,22,4,4,4,4,0,0,4,0,5,0,6,4,1,0,0,0
P2678__1024__824___0,3,<50,12,3,3,3,3,0,0,3,0,3,0,0,0,0,0,3,3
P2678__1024__824___1616,13,<50,117,11,12,12,12,0,0,15,0,23,0,0,0,2,2,11,10
P2678__1024__824___824,4,<50,78,4,4,4,4,0,0,9,0,11,0,0,0,0,0,4,4
P2689__1024__0___1648,6,<50,57,6,6,6,6,0,0,7,0,8,0,0,0,1,1,5,5
P2689__1024__0___2390,1,<50,10,1,1,1,1,0,0,1,0,1,0,0,0,1,1,0,0
P2689__1024__1648___0,3,<50,22,1,1,1,1,0,0,0,0,3,0,0,0,3,1,0,0
P2689__1024__1648___1648,7,<50,52,7,7,7,7,0,0,7,0,7,0,0,0,6,6,1,1
P2689__1024__1648___824,10,<50,85,8,8,8,8,0,0,8,0,9,0,1,0,9,8,0,0
P2689__1024__2472___0,1,<50,22,1,1,1,1,0,0,1,0,1,0,0,0,1,1,0,0
P2689__1024__2472___1648,11,<50,53,8,8,8,8,0,0,8,0,8,0,3,0,7,7,1,1
P2689__1024__2472___824,14,<50,60,10,10,10,10,0,0,11,0,12,0,4,0,10,10,0,0
P2689__1024__3296___0,2,<50,33,2,2,2,2,0,0,2,0,2,0,0,0,1,1,1,1
P2689__1024__3296___1648,3,<50,27,0,0,0,0,0,0,0,0,2,0,3,0,0,0,0,0
P2689__1024__3296___824,10,<50,43,6,6,6,6,0,0,7,0,8,0,3,0,6,5,1,1
P2689__1024__4120___0,3,<50,33,3,3,3,3,0,0,2,0,3,0,0,0,2,2,1,1
P2689__1024__4120___1648,1,<50,9,1,1,1,1,0,0,1,0,1,0,0,0,0,0,1,1
P2689__1024__4120___824,10,<50,61,9,9,9,9,0,0,10,0,11,0,0,0,9,8,1,1
P2689__1024__4944___0,1,<50,57,1,1,1,1,0,0,0,0,1,0,0,0,0,0,1,1
P2689__1024__4944___824,12,<50,62,12,12,12,12,0,0,12,0,12,0,1,1,10,10,1,1
P2689__1024__5134___0,1,<50,56,1,1,1,1,0,0,0,0,0,0,0,0,0,0,1,1
P2689__1024__5134___824,7,<50,56,7,7,7,7,0,0,6,0,6,0,1,1,5,5,1,1
P2689__1024__824___1648,10,<50,23,9,9,9,9,0,0,10,0,10,0,1,0,0,0,9,9
P2695__1024__0___0,17,<50,95,7,7,7,7,0,0,3,0,8,0,17,7,0,0,0,0
P2695__1024__0___1322,157,150-300,769,97,122,130,133,11,0,121,0,143,0,156,121,1,1,0,0
P2695__1024__0___824,135,100-150,827,82,99,106,108,9,0,91,0,113,0,135,99,0,0,0,0
P2695__1024__1648___0,125,100-150,972,66,93,103,105,12,0,62,0,90,0,121,89,4,4,0,0
P2695__1024__1648___1322,83,50-100,404,76,80,80,80,0,0,76,0,86,0,77,74,6,6,0,0
P2695__1024__1648___824,114,100-150,828,87,105,106,106,1,0,86,0,124,0,107,98,7,7,0,0
P2695__1024__2472___0,100,100-150,1000,44,57,58,58,1,0,44,0,91,0,99,56,1,1,0,0
P2695__1024__2472___1322,12,<50,204,10,11,11,11,0,0,7,0,21,0,12,11,0,0,0,0
P2695__1024__2472___824,61,50-100,930,44,51,53,53,2,0,30,0,63,0,61,51,0,0,0,0
P2695__1024__2968___0,66,50-100,597,28,32,34,34,2,0,18,0,34,0,65,31,1,1,0,0
P2695__1024__2968___824,40,<50,523,31,34,34,34,0,0,22,0,43,0,40,34,0,0,0,0
P2695__1024__824___0,110,100-150,644,77,86,90,90,4,0,60,0,79,0,104,80,6,6,0,0
P2695__1024__824___1322,83,50-100,409,73,79,80,80,1,0,72,0,84,0,71,67,12,12,0,0
P2695__1024__824___824,141,100-150,867,84,104,109,110,6,0,74,0,98,0,136,99,5,5,0,0
P2701__1024__0___0,68,50-100,328,56,59,59,59,0,0,58,0,69,0,61,52,7,7,0,0
P2701__1024__0___1597,55,50-100,533,44,46,46,46,0,0,33,0,57,0,55,46,0,0,0,0
P2701__1024__0___824,184,150-300,977,96,148,157,164,16,0,131,0,179,0,180,145,4,3,0,0
P2701__1024__1648___0,2,<50,43,2,2,2,2,0,0,1,0,3,0,0,0,0,0,2,2
P2701__1024__1648___1597,32,<50,136,28,28,28,28,0,0,26,0,32,0,26,22,6,6,0,0
P2701__1024__1648___824,31,<50,117,31,31,31,31,0,0,34,0,35,0,15,15,15,15,1,1
P2701__1024__2472___0,1,<50,17,1,1,1,1,0,0,2,0,2,0,0,0,1,1,0,0
P2701__1024__2472___1597,59,50-100,272,53,55,55,55,0,0,52,0,69,0,28,25,31,30,0,0
P2701__1024__2472___824,13,<50,108,13,13,13,13,0,0,15,0,22,0,4,4,7,7,2,2
P2701__1024__2926___1597,40,<50,167,39,39,39,39,0,0,45,0,49,0,12,12,27,26,1,1
P2701__1024__2926___824,13,<50,107,13,13,13,13,0,0,14,0,16,0,3,3,8,8,2,2
P2701__1024__824___0,6,<50,56,5,5,5,5,0,0,5,0,7,0,4,3,0,0,2,2
P2701__1024__824___1597,6,<50,85,6,6,6,6,0,0,4,0,4,0,6,6,0,0,0,0
P2701__1024__824___824,49,<50,312,34,41,41,41,0,0,41,0,50,0,33,25,16,16,0,0
P2709__1024__0___0,5,<50,192,5,5,5,5,0,0,15,0,36,0,3,3,2,2,0,0
P2709__1024__0___1390,2,<50,32,2,2,2,2,0,0,1,0,1,0,0,0,2,2,0,0
P2709__1024__0___824,6,<50,55,5,5,5,5,0,0,7,0,12,0,0,0,6,5,0,0
P2709__1024__1648___0,41,<50,206,40,41,41,41,0,0,37,0,45,0,34,34,7,7,0,0
P2709__1024__1648___1390,27,<50,190,27,27,27,27,0,0,33,0,39,0,0,0,21,21,6,6
P2709__1024__1648___824,5,<50,97,5,5,5,5,0,0,10,0,12,0,0,0,4,4,1,1
P2709__1024__1966___0,12,<50,62,12,12,12,12,0,0,10,0,13,0,5,5,7,7,0,0
P2709__1024__1966___1390,6,<50,70,5,5,5,5,0,0,8,0,10,0,0,0,2,1,4,4
P2709__1024__1966___824,2,<50,43,2,2,2,2,0,0,3,0,3,0,0,0,0,0,2,2
P2709__1024__824___0,91,50-100,319,84,91,91,91,0,0,86,0,93,0,60,60,31,31,0,0
P2709__1024__824___1390,29,<50,248,29,29,29,29,0,0,33,0,39,0,0,0,25,25,4,4
P2709__1024__824___824,31,<50,206,30,31,31,31,0,0,34,0,38,0,14,14,17,17,0,0
P2714__1024__0___0,3,<50,151,2,2,2,2,0,0,3,0,5,0,2,1,1,1,0,0
P2714__1024__0___1426,12,<50,53,2,2,2,2,0,0,1,0,3,0,12,2,0,0,0,0
P2714__1024__0___824,5,<50,82,4,4,4,4,0,0,2,0,4,0,3,2,2,2,0,0
P2714__1024__1648___0,5,<50,244,3,3,3,3,0,0,4,0,10,0,2,0,3,3,0,0
P2714__1024__1648___1426,4,<50,210,3,4,4,4,0,0,4,0,9,0,1,1,3,3,0,0
P2714__1024__1648___824,1,<50,72,1,1,1,1,0,0,0,0,3,0,0,0,1,1,0,0
P2714__1024__2472___0,3,<50,94,2,2,2,2,0,0,0,0,2,0,2,1,1,1,0,0
P2714__1024__2472___1426,2,<50,137,2,2,2,2,0,0,3,0,4,0,1,1,1,1,0,0
P2714__1024__2472___824,3,<50,88,3,3,3,3,0,0,2,0,4,0,2,2,1,1,0,0
P2714__1024__3296___0,3,<50,159,3,3,3,3,0,0,3,0,6,0,2,2,1,1,0,0
P2714__1024__3296___1426,7,<50,178,7,7,7,7,0,0,5,0,7,0,3,3,4,4,0,0
P2714__1024__3296___824,7,<50,222,7,7,7,7,0,0,5,0,13,0,3,3,4,4,0,0
P2714__1024__3513___0,2,<50,133,2,2,2,2,0,0,2,0,6,0,2,2,0,0,0,0
P2714__1024__3513___1426,7,<50,211,7,7,7,7,0,0,5,0,7,0,3,3,4,4,0,0
P2714__1024__3513___824,7,<50,198,6,7,7,7,0,0,4,0,14,0,3,3,4,4,0,0
P2714__1024__824___0,4,<50,127,4,4,4,4,0,0,3,0,5,0,0,0,4,4,0,0
P2714__1024__824___1426,10,<50,294,7,7,7,7,0,0,9,0,13,0,7,4,3,3,0,0
P2714__1024__824___824,6,<50,143,6,6,6,6,0,0,5,0,7,0,1,1,5,5,0,0
P2718__1024__0___824,2,<50,153,1,2,2,2,0,0,1,0,3,0,0,0,2,2,0,0
P2718__1024__1648___0,3,<50,71,2,2,2,2,0,0,0,0,1,0,3,2,0,0,0,0
P2718__1024__1648___1422,4,<50,189,4,4,4,4,0,0,4,0,8,0,0,0,4,4,0,0
P2718__1024__1648___824,4,<50,129,2,2,2,2,0,0,1,0,3,0,2,0,2,2,0,0
P2718__1024__2472___0,1,<50,75,0,0,0,0,0,0,0,0,1,0,1,0,0,0,0,0
P2718__1024__2472___824,2,<50,232,1,1,1,1,0,0,4,0,7,0,2,1,0,0,0,0
P2718__1024__3296___0,2,<50,84,0,0,0,0,0,0,0,0,0,0,2,0,0,0,0,0
P2718__1024__3296___824,2,<50,88,0,0,0,0,0,0,0,0,1,0,2,0,0,0,0,0
P2718__1024__3512___0,2,<50,71,0,0,0,0,0,0,1,0,1,0,2,0,0,0,0,0
P2718__1024__3512___824,2,<50,122,0,0,0,0,0,0,0,0,1,0,2,0,0,0,0,0
P2718__1024__824___1422,3,<50,53,1,1,1,1,0,0,1,0,1,0,3,1,0,0,0,0
P2718__1024__824___824,2,<50,130,2,2,2,2,0,0,3,0,4,0,1,1,1,1,0,0
P2721__1024__0___0,4,<50,180,4,4,4,4,0,0,3,0,6,0,1,1,3,3,0,0
P2721__1024__0___1429,12,<50,283,11,11,11,11,0,0,7,0,15,0,4,3,8,8,0,0
P2721__1024__0___824,8,<50,192,8,8,8,8,0,0,5,0,9,0,0,0,8,8,0,0
P2721__1024__1648___1429,3,<50,412,3,3,3,3,0,0,5,0,10,0,0,0,3,3,0,0
P2721__1024__1648___824,5,<50,258,5,5,5,5,0,0,4,0,13,0,1,1,4,4,0,0
P2721__1024__2472___0,2,<50,127,1,1,1,1,0,0,3,0,5,0,2,1,0,0,0,0
P2721__1024__2472___1429,4,<50,218,4,4,4,4,0,0,3,0,6,0,1,1,3,3,0,0
P2721__1024__2472___824,6,<50,309,5,5,5,5,0,0,7,0,19,0,0,0,6,5,0,0
P2721__1024__3296___0,2,<50,49,1,1,1,1,0,0,0,0,4,0,1,0,1,1,0,0
P2721__1024__3296___1429,2,<50,200,2,2,2,2,0,0,2,0,5,0,1,1,1,1,0,0
P2721__1024__3296___824,2,<50,96,2,2,2,2,0,0,3,0,3,0,1,1,1,1,0,0
P2721__1024__3515___0,2,<50,33,2,2,2,2,0,0,1,0,1,0,1,1,1,1,0,0
P2721__1024__3515___1429,2,<50,141,2,2,2,2,0,0,2,0,7,0,0,0,2,2,0,0
P2721__1024__3515___824,2,<50,63,2,2,2,2,0,0,3,0,4,0,1,1,1,1,0,0
P2721__1024__824___1429,3,<50,298,3,3,3,3,0,0,9,0,11,0,1,1,2,2,0,0
P2721__1024__824___824,3,<50,194,3,3,3,3,0,0,6,0,9,0,0,0,3,3,0,0
P2722__1024__0___1422,2,<50,128,1,1,1,1,0,0,2,0,3,0,2,1,0,0,0,0
P2722__1024__0___824,2,<50,118,2,2,2,2,0,0,1,0,2,0,0,0,2,2,0,0
P2722__1024__1648___0,4,<50,134,2,2,2,2,0,0,2,0,2,0,3,2,1,0,0,0
P2722__1024__1648___1422,2,<50,48,2,2,2,2,0,0,2,0,4,0,1,1,1,1,0,0
P2722__1024__1648___824,3,<50,161,3,3,3,3,0,0,0,0,1,0,2,2,1,1,0,0
P2722__1024__2472___0,2,<50,35,1,1,1,1,0,0,0,0,0,0,1,0,1,1,0,0
P2722__1024__2472___1422,4,<50,63,3,3,3,3,0,0,2,0,2,0,3,2,1,1,0,0
P2722__1024__2472___824,3,<50,80,2,2,2,2,0,0,1,0,2,0,3,2,0,0,0,0
P2722__1024__2999___1422,2,<50,37,1,1,1,1,0,0,0,0,0,0,2,1,0,0,0,0
P2722__1024__2999___824,3,<50,64,1,1,1,1,0,0,1,0,2,0,2,1,1,0,0,0
P2722__1024__824___0,1,<50,69,1,1,1,1,0,0,1,0,1,0,0,0,1,1,0,0
P2722__1024__824___1422,4,<50,80,1,1,1,1,0,0,0,0,2,0,3,0,1,1,0,0
P2722__1024__824___824,9,<50,266,6,6,6,6,0,0,7,0,12,0,5,2,4,4,0,0
P2724__1024__0___0,3,<50,40,0,0,0,0,0,0,0,0,1,0,2,0,1,0,0,0
P2724__1024__0___1432,1,<50,47,1,1,1,1,0,0,1,0,1,0,1,1,0,0,0,0
P2724__1024__1648___1432,4,<50,146,4,4,4,4,0,0,4,0,7,0,1,1,3,3,0,0
P2724__1024__2472___1432,2,<50,62,2,2,2,2,0,0,4,0,7,0,0,0,2,2,0,0
P2724__1024__3296___0,1,<50,31,1,1,1,1,0,0,0,0,0,0,0,0,1,1,0,0
P2724__1024__3517___0,1,<50,47,1,1,1,1,0,0,0,0,1,0,0,0,1,1,0,0
P2724__1024__3517___1432,1,<50,13,1,1,1,1,0,0,0,0,0,0,1,1,0,0,0,0
P2724__1024__824___0,5,<50,117,2,2,2,2,0,0,5,0,7,0,3,1,2,1,0,0
P2724__1024__824___1432,4,<50,114,4,4,4,4,0,0,4,0,10,0,0,0,4,4,0,0
P2724__1024__824___824,6,<50,177,5,5,5,5,0,0,8,0,18,0,2,1,4,4,0,0
P2726__1024__0___1578,27,<50,169,25,26,26,26,0,0,15,0,19,0,8,8,15,14,4,4
P2726__1024__0___824,7,<50,86,7,7,7,7,0,0,1,0,4,0,2,2,5,5,0,0
P2726__1024__1648___0,61,50-100,453,60,61,61,61,0,0,63,0,83,0,0,0,61,61,0,0
P2726__1024__1648___1578,49,<50,328,45,49,49,49,0,0,37,0,54,0,13,13,35,35,1,1
P2726__1024__1648___824,69,50-100,408,63,67,68,68,1,0,61,0,84,0,9,9,57,56,3,2
P2726__1024__1808___0,29,<50,248,29,29,29,29,0,0,28,0,38,0,0,0,29,29,0,0
P2726__1024__1808___1578,23,<50,184,21,22,22,22,0,0,15,0,20,0,7,6,16,16,0,0
P2726__1024__1808___824,40,<50,286,38,39,39,39,0,0,28,0,42,0,9,9,29,28,2,2
P2726__1024__824___0,118,100-150,812,81,107,113,114,7,0,114,0,151,0,35,29,83,78,0,0
P2726__1024__824___1578,94,50-100,547,74,91,94,94,3,1,73,0,100,0,17,17,74,72,3,2
P2726__1024__824___824,75,50-100,493,59,68,70,70,2,0,65,0,91,0,2,1,72,67,1,0
P2733__1024__0___0,8,<50,53,8,8,8,8,0,0,5,0,9,0,3,3,5,5,0,0
P2733__1024__0___1588,4,<50,13,0,0,0,0,0,0,0,0,0,0,4,0,0,0,0,0
P2733__1024__0___824,9,<50,25,4,4,4,4,0,0,1,0,1,0,7,4,2,0,0,0
P2733__1024__1648___0,12,<50,142,12,12,12,12,0,0,12,0,19,0,1,1,11,11,0,0
P2733__1024__1648___1588,1,<50,19,1,1,1,1,0,0,0,0,1,0,0,0,0,0,1,1
P2733__1024__1648___824,9,<50,104,9,9,9,9,0,0,10,0,12,0,1,1,8,8,0,0
P2733__1024__1803___0,11,<50,124,11,11,11,11,0,0,11,0,17,0,1,1,10,10,0,0
P2733__1024__1803___1588,1,<50,53,1,1,1,1,0,0,1,0,3,0,0,0,0,0,1,1
P2733__1024__1803___824,8,<50,99,8,8,8,8,0,0,8,0,12,0,1,1,7,7,0,0
P2733__1024__824___0,15,<50,76,15,15,15,15,0,0,5,0,14,0,7,7,8,8,0,0
P2733__1024__824___1588,5,<50,34,0,0,0,0,0,0,0,0,0,0,4,0,1,0,0,0
P2733__1024__824___824,6,<50,54,2,2,2,2,0,0,1,0,4,0,3,0,3,2,0,0
P2745__1024__0___0,3,<50,67,3,3,3,3,0,0,6,0,8,0,0,0,3,3,0,0
P2745__1024__0___1475,3,<50,54,3,3,3,3,0,0,4,0,4,0,1,1,2,2,0,0
P2745__1024__0___824,24,<50,288,24,24,24,24,0,0,20,0,30,0,14,14,10,10,0,0
P2745__1024__1648___0,1,<50,9,1,1,1,1,0,0,1,0,1,0,0,0,1,1,0,0
P2745__1024__1648___1475,25,<50,93,24,24,24,24,0,0,17,0,21,0,15,14,10,10,0,0
P2745__1024__1648___824,32,<50,125,32,32,32,32,0,0,23,0,28,0,16,16,16,16,0,0
P2745__1024__2472___1475,18,<50,58,16,16,16,16,0,0,9,0,13,0,18,16,0,0,0,0
P2745__1024__2472___824,26,<50,68,24,24,24,24,0,0,16,0,19,0,25,23,1,1,0,0
P2745__1024__2740___1475,6,<50,31,6,6,6,6,0,0,7,0,9,0,6,6,0,0,0,0
P2745__1024__2740___824,13,<50,32,13,13,13,13,0,0,13,0,13,0,13,13,0,0,0,0
P2745__1024__824___0,4,<50,39,3,3,3,3,0,0,3,0,5,0,1,0,3,3,0,0
P2745__1024__824___1475,41,<50,170,41,41,41,41,0,0,42,0,47,0,35,35,6,6,0,0
P2745__1024__824___824,56,50-100,275,52,54,54,54,0,0,44,0,59,0,47,45,9,9,0,0
P2754__1024__0___0,8,<50,303,3,3,3,3,0,0,6,0,18,0,3,3,5,0,0,0
P2754__1024__0___1648,8,<50,195,5,7,7,7,0,0,1,0,5,0,7,6,1,1,0,0
P2754__1024__0___2472,14,<50,340,13,13,13,13,0,0,10,0,20,0,13,12,1,1,0,0
P2754__1024__0___2698,14,<50,321,14,14,14,14,0,0,6,0,14,0,13,13,1,1,0,0
P2754__1024__0___824,14,<50,409,8,8,8,8,0,0,9,0,24,0,12,8,2,0,0,0
P2754__1024__1648___0,6,<50,303,5,5,5,5,0,0,4,0,12,0,6,5,0,0,0,0
P2754__1024__1648___1648,4,<50,257,4,4,4,4,0,0,5,0,11,0,2,2,1,1,1,1
P2754__1024__1648___2472,3,<50,529,3,3,3,3,0,0,6,0,11,0,3,3,0,0,0,0
P2754__1024__1648___2698,1,<50,500,1,1,1,1,0,0,4,0,7,0,1,1,0,0,0,0
P2754__1024__1648___824,2,<50,413,2,2,2,2,0,0,12,0,26,0,2,2,0,0,0,0
P2754__1024__2433___0,4,<50,156,4,4,4,4,0,0,1,0,4,0,4,4,0,0,0,0
P2754__1024__2433___1648,4,<50,134,2,2,2,2,0,0,2,0,6,0,1,0,2,1,1,1
P2754__1024__2433___824,8,<50,176,7,7,7,7,0,0,6,0,10,0,3,2,5,5,0,0
P2754__1024__824___0,20,<50,201,7,7,7,7,0,0,2,0,6,0,3,3,15,2,2,2
P2754__1024__824___1648,1,<50,460,1,1,1,1,0,0,2,0,20,0,1,1,0,0,0,0
P2754__1024__824___2472,56,50-100,644,42,51,51,52,1,0,40,0,68,0,39,34,17,17,0,0
P2754__1024__824___2698,55,50-100,507,43,47,49,49,2,0,37,0,57,0,38,30,17,17,0,0
P2754__1024__824___824,13,<50,307,5,6,6,6,0,0,3,0,9,0,9,6,4,0,0,0
P2758__1024__0___0,5,<50,102,5,5,5,5,0,0,8,0,12,0,3,3,1,1,1,1
P2758__1024__0___1648,2,<50,14,2,2,2,2,0,0,3,0,4,0,0,0,1,1,1,1
P2758__1024__0___3296,2,<50,18,2,2,2,2,0,0,4,0,4,0,0,0,0,0,2,2
P2758__1024__0___3322,2,<50,20,2,2,2,2,0,0,2,0,3,0,0,0,0,0,2,2
P2758__1024__1648___0,4,<50,215,4,4,4,4,0,0,3,0,5,0,2,2,2,2,0,0
P2758__1024__1648___3296,1,<50,5,1,1,1,1,0,0,1,0,1,0,0,0,1,1,0,0
P2758__1024__1648___3322,1,<50,9,1,1,1,1,0,0,1,0,2,0,0,0,1,1,0,0
P2758__1024__1648___824,5,<50,212,5,5,5,5,0,0,9,0,17,0,2,2,1,1,2,2
P2758__1024__2472___0,2,<50,192,2,2,2,2,0,0,1,0,9,0,2,2,0,0,0,0
P2758__1024__2472___1648,1,<50,126,1,1,1,1,0,0,11,0,14,0,0,0,0,0,1,1
P2758__1024__2472___3296,2,<50,91,2,2,2,2,0,0,4,0,8,0,0,0,1,1,1,1
P2758__1024__2472___3322,2,<50,74,2,2,2,2,0,0,5,0,9,0,0,0,1,1,1,1
P2758__1024__2472___824,6,<50,322,6,6,6,6,0,0,9,0,21,0,3,3,3,3,0,0
P2758__1024__3296___0,2,<50,332,2,2,2,2,0,0,10,0,16,0,2,2,0,0,0,0
P2758__1024__3296___1648,2,<50,276,2,2,2,2,0,0,12,0,22,0,1,1,0,0,1,1
P2758__1024__3296___2472,1,<50,21,1,1,1,1,0,0,1,0,3,0,0,0,0,0,1,1
P2758__1024__3296___3296,1,<50,20,1,1,1,1,0,0,1,0,2,0,0,0,0,0,1,1
P2758__1024__3296___3322,1,<50,30,1,1,1,1,0,0,1,0,1,0,0,0,0,0,1,1
P2758__1024__3296___824,1,<50,117,1,1,1,1,0,0,1,0,3,0,1,1,0,0,0,0
P2758__1024__4120___0,2,<50,220,2,2,2,2,0,0,1,0,9,0,2,2,0,0,0,0
P2758__1024__4120___1648,2,<50,330,2,2,2,2,0,0,5,0,14,0,0,0,1,1,1,1
P2758__1024__4120___2472,3,<50,52,3,3,3,3,0,0,2,0,4,0,0,0,2,2,1,1
P2758__1024__4120___3296,1,<50,21,1,1,1,1,0,0,0,0,4,0,0,0,0,0,1,1
P2758__1024__4120___3322,1,<50,7,1,1,1,1,0,0,1,0,1,0,0,0,0,0,1,1
P2758__1024__4944___0,13,<50,255,11,11,11,11,0,0,16,0,29,0,10,9,1,1,2,1
P2758__1024__4944___1648,1,<50,14,1,1,1,1,0,0,0,0,2,0,0,0,0,0,1,1
P2758__1024__4944___824,1,<50,1,0,0,0,0,0,0,0,0,0,0,0,0,0,0,1,0
P2758__1024__5768___0,11,<50,282,10,11,11,11,0,0,10,0,19,0,10,10,0,0,1,1
P2758__1024__5768___2472,1,<50,107,1,1,1,1,0,0,1,0,3,0,1,1,0,0,0,0
P2758__1024__6273___0,3,<50,434,3,3,3,3,0,0,7,0,16,0,3,3,0,0,0,0
P2758__1024__6273___1648,2,<50,277,2,2,2,2,0,0,5,0,9,0,2,2,0,0,0,0
P2758__1024__6273___2472,1,<50,188,1,1,1,1,0,0,1,0,3,0,1,1,0,0,0,0
P2758__1024__6273___824,1,<50,180,1,1,1,1,0,0,1,0,3,0,1,1,0,0,0,0
P2758__1024__824___0,16,<50,294,16,16,16,16,0,0,14,0,24,0,11,11,5,5,0,0
P2758__1024__824___824,16,<50,97,16,16,16,16,0,0,22,0,24,0,0,0,16,16,0,0
P2766__1024__0___1648,10,<50,38,7,7,7,7,0,0,6,0,7,0,8,5,2,2,0,0
P2766__1024__0___2472,6,<50,24,4,4,4,4,0,0,3,0,4,0,5,4,1,0,0,0
P2766__1024__0___3296,6,<50,53,6,6,6,6,0,0,7,0,9,0,2,2,4,4,0,0
P2766__1024__0___4120,2,<50,208,2,2,2,2,0,0,4,0,9,0,1,1,1,1,0,0
P2766__1024__0___4572,1,<50,110,1,1,1,1,0,0,0,0,4,0,1,1,0,0,0,0
P2766__1024__1648___0,16,<50,32,13,13,13,13,0,0,6,0,11,0,15,12,1,1,0,0
P2766__1024__1648___1648,96,50-100,334,74,86,88,88,2,0,83,0,95,0,83,73,13,13,0,0
P2766__1024__1648___2472,39,<50,203,29,29,29,29,0,0,28,0,39,0,35,25,4,4,0,0
P2766__1024__1648___3296,23,<50,157,20,21,21,21,0,0,18,0,26,0,16,14,7,7,0,0
P2766__1024__1648___4120,29,<50,188,23,24,24,24,0,0,12,0,15,0,23,19,6,5,0,0
P2766__1024__1648___4572,25,<50,157,22,24,24,24,0,0,14,0,22,0,20,19,5,5,0,0
P2766__1024__1648___824,10,<50,40,7,7,7,7,0,0,3,0,7,0,10,7,0,0,0,0
P2766__1024__2472___0,4,<50,58,4,4,4,4,0,0,3,0,4,0,2,2,2,2,0,0
P2766__1024__2472___1648,36,<50,204,36,36,36,36,0,0,35,0,45,0,22,22,14,14,0,0
P2766__1024__2472___2472,10,<50,62,9,9,9,9,0,0,2,0,5,0,9,8,1,1,0,0
P2766__1024__2472___3296,3,<50,15,1,1,1,1,0,0,1,0,1,0,2,0,1,1,0,0
P2766__1024__2472___4120,1,<50,45,1,1,1,1,0,0,0,0,1,0,1,1,0,0,0,0
P2766__1024__2472___824,7,<50,144,7,7,7,7,0,0,5,0,10,0,6,6,1,1,0,0
P2766__1024__3296___0,18,<50,125,10,10,10,10,0,0,8,0,12,0,16,8,2,2,0,0
P2766__1024__3296___2472,1,<50,1,0,0,0,0,0,0,0,0,0,0,1,0,0,0,0,0
P2766__1024__3296___3296,8,<50,8,2,2,2,2,0,0,0,0,0,0,8,2,0,0,0,0
P2766__1024__3296___4120,1,<50,44,1,1,1,1,0,0,0,0,0,0,1,1,0,0,0,0
P2766__1024__4120___0,20,<50,42,12,12,12,12,0,0,2,0,5,0,20,12,0,0,0,0
P2766__1024__4120___1648,6,<50,21,6,6,6,6,0,0,6,0,7,0,0,0,6,6,0,0
P2766__1024__4120___2472,6,<50,34,6,6,6,6,0,0,4,0,7,0,2,2,4,4,0,0
P2766__1024__4120___3296,1,<50,27,1,1,1,1,0,0,0,0,1,0,1,1,0,0,0,0
P2766__1024__4120___824,1,<50,8,1,1,1,1,0,0,1,0,1,0,1,1,0,0,0,0
P2766__1024__4421___0,7,<50,6,1,1,1,1,0,0,0,0,0,0,7,1,0,0,0,0
P2766__1024__4421___1648,6,<50,18,6,6,6,6,0,0,6,0,6,0,0,0,6,6,0,0
P2766__1024__4421___2472,6,<50,46,6,6,6,6,0,0,4,0,6,0,2,2,4,4,0,0
P2766__1024__4421___3296,1,<50,28,1,1,1,1,0,0,0,0,0,0,1,1,0,0,0,0
P2766__1024__4421___824,3,<50,10,2,2,2,2,0,0,0,0,0,0,3,2,0,0,0,0
P2766__1024__824___0,1,<50,13,1,1,1,1,0,0,0,0,0,0,1,1,0,0,0,0
P2766__1024__824___1648,77,50-100,228,63,73,73,73,0,0,56,0,74,0,69,65,8,8,0,0
P2766__1024__824___2472,57,50-100,139,39,44,44,44,0,0,23,0,31,0,50,37,7,7,0,0
P2766__1024__824___3296,34,<50,83,33,33,33,33,0,0,33,0,39,0,10,9,24,24,0,0
P2766__1024__824___4120,21,<50,240,15,16,16,16,0,0,10,0,22,0,19,14,2,2,0,0
P2766__1024__824___4572,23,<50,213,18,20,20,20,0,0,17,0,27,0,20,18,3,2,0,0
P2768__1024__0___1333,15,<50,171,12,12,12,12,0,0,11,0,17,0,6,4,7,7,2,1
P2768__1024__0___824,7,<50,133,6,6,6,6,0,0,9,0,12,0,1,0,6,6,0,0
P2768__1024__437___1333,14,<50,116,12,13,13,13,0,0,10,0,18,0,6,5,7,7,1,1
P2768__1024__437___824,7,<50,103,6,6,6,6,0,0,6,0,13,0,1,0,6,6,0,0
P2771__1024__0___0,2,<50,44,1,1,1,1,0,0,2,0,6,0,0,0,1,1,1,0
P2771__1024__0___824,2,<50,11,2,2,2,2,0,0,1,0,3,0,0,0,0,0,2,2
P2771__1024__0___863,2,<50,23,2,2,2,2,0,0,1,0,3,0,0,0,0,0,2,2
P2771__1024__1473___0,10,<50,212,8,8,8,8,0,0,13,0,25,0,0,0,10,8,0,0
P2771__1024__1473___824,1,<50,57,1,1,1,1,0,0,7,0,9,0,0,0,1,1,0,0
P2771__1024__1473___863,1,<50,49,1,1,1,1,0,0,5,0,8,0,0,0,1,1,0,0
P2771__1024__824___0,17,<50,275,17,17,17,17,0,0,27,0,42,0,2,2,15,15,0,0
P2771__1024__824___824,6,<50,84,6,6,6,6,0,0,8,0,14,0,1,1,5,5,0,0
P2771__1024__824___863,4,<50,72,4,4,4,4,0,0,10,0,16,0,0,0,4,4,0,0
P2778__1024__0___1648,1,<50,32,1,1,1,1,0,0,1,0,2,0,0,0,0,0,1,1
P2778__1024__0___824,1,<50,50,1,1,1,1,0,0,2,0,4,0,0,0,0,0,1,1
P2778__1024__1590___0,1,<50,11,1,1,1,1,0,0,1,0,1,0,0,0,0,0,1,1
P2778__1024__1590___1648,4,<50,56,4,4,4,4,0,0,5,0,8,0,0,0,0,0,4,4
P2778__1024__1590___2334,2,<50,10,2,2,2,2,0,0,2,0,2,0,0,0,0,0,2,2
P2778__1024__1590___824,4,<50,23,4,4,4,4,0,0,4,0,4,0,0,0,0,0,4,4
P2778__1024__824___0,1,<50,18,1,1,1,1,0,0,2,0,3,0,0,0,0,0,1,1
P2778__1024__824___1648,2,<50,32,2,2,2,2,0,0,2,0,3,0,0,0,0,0,2,2
P2778__1024__824___824,3,<50,33,3,3,3,3,0,0,4,0,4,0,0,0,0,0,3,3
P2779__1024__0___0,37,<50,171,36,36,36,36,0,0,43,0,51,0,5,5,24,23,8,8
P2779__1024__0___357,43,<50,170,42,43,43,43,0,0,45,0,50,0,6,6,29,29,8,8
P2779__1024__547___0,43,<50,173,42,42,42,42,0,0,46,0,55,0,0,0,35,34,8,8
P2779__1024__547___357,41,<50,197,38,39,39,39,0,0,42,0,55,0,0,0,32,30,9,9
P2781__1024__0___0,64,50-100,252,61,63,63,63,0,0,72,0,84,0,4,4,54,54,6,5
P2781__1024__0___1187,24,<50,150,23,24,24,24,0,0,26,0,32,0,0,0,22,22,2,2
P2781__1024__0___824,34,<50,228,34,34,34,34,0,0,39,0,47,0,0,0,26,26,8,8
P2781__1024__1648___0,37,<50,92,35,35,35,35,0,0,39,0,42,0,0,0,1,1,36,34
P2781__1024__1648___1187,46,<50,216,45,45,45,45,0,0,50,0,57,0,0,0,40,40,6,5
P2781__1024__1648___824,58,50-100,166,52,54,54,54,0,0,50,0,53,0,0,0,31,30,27,24
P2781__1024__2472___0,7,<50,30,7,7,7,7,0,0,5,0,6,0,0,0,7,7,0,0
P2781__1024__2472___1187,6,<50,28,6,6,6,6,0,0,6,0,6,0,0,0,6,6,0,0
P2781__1024__2472___824,6,<50,35,6,6,6,6,0,0,3,0,6,0,0,0,6,6,0,0
P2781__1024__2531___0,8,<50,30,7,7,7,7,0,0,8,0,11,0,0,0,8,7,0,0
P2781__1024__2531___1187,7,<50,23,7,7,7,7,0,0,6,0,8,0,0,0,7,7,0,0
P2781__1024__2531___824,7,<50,55,7,7,7,7,0,0,8,0,9,0,0,0,7,7,0,0
P2781__1024__824___0,53,50-100,234,49,53,53,53,0,0,52,0,72,0,0,0,27,27,26,26
P2781__1024__824___1187,53,50-100,210,49,49,49,49,0,0,42,0,51,0,0,0,47,43,6,6
P2781__1024__824___824,49,<50,283,43,45,45,45,0,0,50,0,65,0,0,0,31,27,18,18
P2789__1024__0___2472,3,<50,141,3,3,3,3,0,0,10,0,13,0,0,0,3,3,0,0
P2789__1024__0___3296,1,<50,56,1,1,1,1,0,0,8,0,10,0,0,0,1,1,0,0
P2789__1024__1648___1648,2,<50,76,2,2,2,2,0,0,2,0,3,0,0,0,0,0,2,2
P2789__1024__1648___2472,1,<50,58,1,1,1,1,0,0,10,0,12,0,0,0,1,1,0,0
P2789__1024__1648___3296,4,<50,120,4,4,4,4,0,0,34,0,39,0,0,0,4,4,0,0
P2789__1024__1648___3473,3,<50,132,3,3,3,3,0,0,32,0,36,0,0,0,3,3,0,0
P2789__1024__2472___1648,2,<50,75,2,2,2,2,0,0,4,0,5,0,0,0,1,1,1,1
P2789__1024__2472___2472,4,<50,67,4,4,4,4,0,0,5,0,5,0,0,0,4,4,0,0
P2789__1024__2472___3296,8,<50,72,8,8,8,8,0,0,12,0,14,0,0,0,8,8,0,0
P2789__1024__2472___3473,8,<50,103,8,8,8,8,0,0,13,0,15,0,0,0,8,8,0,0
P2789__1024__3296___1648,4,<50,81,4,4,4,4,0,0,4,0,6,0,0,0,0,0,4,4
P2789__1024__3296___2472,12,<50,128,12,12,12,12,0,0,12,0,16,0,0,0,6,6,6,6
P2789__1024__3296___3296,7,<50,184,6,7,7,7,0,0,5,0,13,0,0,0,3,3,4,4
P2789__1024__3296___3473,7,<50,191,7,7,7,7,0,0,4,0,4,0,0,0,4,4,3,3
P2789__1024__3630___1648,6,<50,70,6,6,6,6,0,0,9,0,10,0,1,1,2,2,3,3
P2789__1024__3630___2472,13,<50,159,13,13,13,13,0,0,16,0,21,0,0,0,7,7,6,6
P2789__1024__3630___3296,7,<50,163,7,7,7,7,0,0,14,0,17,0,0,0,3,3,4,4
P2789__1024__3630___3473,5,<50,125,5,5,5,5,0,0,12,0,16,0,0,0,2,2,3,3
P2789__1024__824___0,1,<50,22,1,1,1,1,0,0,1,0,1,0,0,0,0,0,1,1
P2789__1024__824___3296,1,<50,139,0,0,0,0,0,0,15,0,21,0,0,0,0,0,1,0
P2789__1024__824___3473,1,<50,155,0,0,0,0,0,0,16,0,17,0,0,0,0,0,1,0
P2791__1024__0___0,2,<50,21,2,2,2,2,0,0,3,0,5,0,0,0,0,0,2,2
P2791__1024__0___824,2,<50,8,2,2,2,2,0,0,3,0,3,0,0,0,0,0,2,2
P2791__1024__1648___1648,2,<50,18,2,2,2,2,0,0,4,0,5,0,0,0,0,0,2,2
P2791__1024__1648___3296,1,<50,18,1,1,1,1,0,0,1,0,1,0,0,0,0,0,1,1
P2791__1024__2472___1648,1,<50,17,1,1,1,1,0,0,1,0,1,0,0,0,0,0,1,1
P2791__1024__2472___2472,1,<50,20,1,1,1,1,0,0,1,0,1,0,0,0,0,0,1,1
P2791__1024__2472___3296,1,<50,5,1,1,1,1,0,0,2,0,2,0,0,0,0,0,1,1
P2791__1024__2472___4120,3,<50,17,3,3,3,3,0,0,4,0,4,0,0,0,0,0,3,3
P2791__1024__3296___3296,1,<50,11,1,1,1,1,0,0,1,0,1,0,0,0,0,0,1,1
P2791__1024__3296___4120,4,<50,26,3,3,3,3,0,0,6,0,6,0,0,0,0,0,4,3
P2791__1024__3296___4944,1,<50,74,1,1,1,1,0,0,3,0,5,0,0,0,0,0,1,1
P2791__1024__3296___5009,1,<50,40,1,1,1,1,0,0,2,0,3,0,0,0,0,0,1,1
P2791__1024__3988___3296,1,<50,14,1,1,1,1,0,0,0,0,0,0,0,0,0,0,1,1
P2791__1024__3988___4120,3,<50,46,3,3,3,3,0,0,6,0,7,0,0,0,0,0,3,3
P2791__1024__3988___4944,4,<50,28,4,4,4,4,0,0,4,0,4,0,0,0,0,0,4,4
P2791__1024__3988___5009,4,<50,25,4,4,4,4,0,0,4,0,4,0,0,0,0,0,4,4
P2791__1024__824___0,1,<50,4,1,1,1,1,0,0,1,0,1,0,0,0,0,0,1,1
P2791__1024__824___1648,2,<50,20,2,2,2,2,0,0,2,0,2,0,0,0,0,0,2,2
P2791__1024__824___2472,1,<50,3,1,1,1,1,0,0,1,0,1,0,0,0,0,0,1,1
P2794__1024__0___0,1,<50,10,1,1,1,1,0,0,2,0,2,0,0,0,0,0,1,1
P2794__1024__0___1648,11,<50,39,11,11,11,11,0,0,10,0,12,0,0,0,11,11,0,0
P2794__1024__0___2472,2,<50,44,2,2,2,2,0,0,3,0,4,0,0,0,2,2,0,0
P2794__1024__0___3296,8,<50,148,8,8,8,8,0,0,18,0,22,0,0,0,8,8,0,0
P2794__1024__0___3417,8,<50,137,8,8,8,8,0,0,22,0,26,0,0,0,8,8,0,0
P2794__1024__0___824,5,<50,23,4,4,4,4,0,0,7,0,8,0,0,0,5,4,0,0
P2794__1024__1648___0,10,<50,140,10,10,10,10,0,0,14,0,16,0,0,0,6,6,4,4
P2794__1024__1648___1648,7,<50,62,7,7,7,7,0,0,6,0,7,0,0,0,4,4,3,3
P2794__1024__1648___2472,25,<50,147,25,25,25,25,0,0,40,0,48,0,2,2,23,23,0,0
P2794__1024__1648___824,14,<50,150,14,14,14,14,0,0,28,0,33,0,1,1,7,7,6,6
P2794__1024__2472___0,14,<50,147,14,14,14,14,0,0,21,0,23,0,0,0,10,10,4,4
P2794__1024__2472___1648,12,<50,157,12,12,12,12,0,0,20,0,25,0,0,0,7,7,5,5
P2794__1024__2472___2472,8,<50,148,8,8,8,8,0,0,11,0,15,0,0,0,4,4,4,4
P2794__1024__2472___3296,8,<50,169,8,8,8,8,0,0,23,0,32,0,0,0,6,6,2,2
P2794__1024__2472___3417,6,<50,164,6,6,6,6,0,0,23,0,36,0,0,0,4,4,2,2
P2794__1024__2472___824,36,<50,195,36,36,36,36,0,0,55,0,64,0,7,7,26,26,3,3
P2794__1024__3296___0,3,<50,41,3,3,3,3,0,0,6,0,12,0,1,1,2,2,0,0
P2794__1024__3296___1648,1,<50,1,0,0,0,0,0,0,0,0,0,0,0,0,1,0,0,0
P2794__1024__3296___2472,1,<50,2,1,1,1,1,0,0,0,0,1,0,0,0,1,1,0,0
P2794__1024__3296___824,1,<50,4,1,1,1,1,0,0,2,0,2,0,1,1,0,0,0,0
P2794__1024__3368___0,3,<50,30,3,3,3,3,0,0,7,0,8,0,1,1,2,2,0,0
P2794__1024__3368___1648,1,<50,1,0,0,0,0,0,0,0,0,0,0,0,0,1,0,0,0
P2794__1024__3368___2472,1,<50,2,1,1,1,1,0,0,1,0,1,0,0,0,1,1,0,0
P2794__1024__3368___824,1,<50,9,1,1,1,1,0,0,2,0,2,0,1,1,0,0,0,0
P2794__1024__824___0,1,<50,58,1,1,1,1,0,0,8,0,9,0,0,0,1,1,0,0
P2794__1024__824___1648,11,<50,45,11,11,11,11,0,0,13,0,13,0,0,0,11,11,0,0
P2794__1024__824___2472,8,<50,95,8,8,8,8,0,0,22,0,25,0,3,3,5,5,0,0
P2794__1024__824___3296,2,<50,56,2,2,2,2,0,0,7,0,8,0,0,0,2,2,0,0
P2794__1024__824___3417,4,<50,83,4,4,4,4,0,0,10,0,13,0,0,0,4,4,0,0
P2794__1024__824___824,5,<50,36,5,5,5,5,0,0,4,0,5,0,0,0,5,5,0,0
P2802__1024__0___1648,1,<50,62,1,1,1,1,0,0,1,0,2,0,0,0,0,0,1,1
P2802__1024__0___2472,1,<50,20,1,1,1,1,0,0,1,0,1,0,0,0,0,0,1,1
P2802__1024__0___4120,1,<50,25,1,1,1,1,0,0,1,0,1,0,0,0,0,0,1,1
P2802__1024__0___4225,1,<50,12,1,1,1,1,0,0,1,0,1,0,0,0,0,0,1,1
P2802__1024__1648___0,1,<50,37,1,1,1,1,0,0,1,0,2,0,0,0,0,0,1,1
P2802__1024__1648___2472,2,<50,20,2,2,2,2,0,0,2,0,4,0,0,0,0,0,2,2
P2802__1024__1648___3296,1,<50,26,1,1,1,1,0,0,2,0,2,0,0,0,0,0,1,1
P2802__1024__2472___0,1,<50,58,1,1,1,1,0,0,4,0,4,0,0,0,0,0,1,1
P2802__1024__2472___2472,1,<50,43,1,1,1,1,0,0,1,0,4,0,0,0,0,0,1,1
P2802__1024__3296___1648,2,<50,44,2,2,2,2,0,0,3,0,3,0,0,0,0,0,2,2
P2802__1024__3296___2472,1,<50,38,1,1,1,1,0,0,2,0,3,0,0,0,0,0,1,1
P2802__1024__3296___3296,1,<50,40,1,1,1,1,0,0,3,0,6,0,0,0,0,0,1,1
P2802__1024__3296___4120,7,<50,30,7,7,7,7,0,0,7,0,8,0,0,0,0,0,7,7
P2802__1024__3296___4225,5,<50,40,5,5,5,5,0,0,9,0,10,0,0,0,0,0,5,5
P2802__1024__4120___1648,3,<50,32,3,3,3,3,0,0,4,0,5,0,0,0,0,0,3,3
P2802__1024__4120___2472,5,<50,39,5,5,5,5,0,0,5,0,5,0,0,0,0,0,5,5
P2802__1024__4120___3296,2,<50,62,2,2,2,2,0,0,5,0,6,0,0,0,0,0,2,2
P2802__1024__4120___4120,4,<50,65,4,4,4,4,0,0,6,0,6,0,0,0,0,0,4,4
P2802__1024__4120___4225,4,<50,59,4,4,4,4,0,0,5,0,6,0,0,0,0,0,4,4
P2802__1024__4914___1648,8,<50,99,8,8,8,8,0,0,5,0,12,0,0,0,8,8,0,0
P2802__1024__4914___2472,1,<50,85,1,1,1,1,0,0,0,0,0,0,0,0,1,1,0,0
P2802__1024__4914___3296,1,<50,19,1,1,1,1,0,0,2,0,3,0,0,0,0,0,1,1
P2802__1024__4914___4120,4,<50,14,4,4,4,4,0,0,5,0,5,0,0,0,0,0,4,4
P2802__1024__4914___4225,4,<50,30,4,4,4,4,0,0,4,0,4,0,0,0,0,0,4,4
P2802__1024__824___1648,1,<50,22,1,1,1,1,0,0,1,0,1,0,0,0,0,0,1,1
P2802__1024__824___2472,2,<50,19,2,2,2,2,0,0,2,0,2,0,0,0,0,0,2,2
P2802__1024__824___3296,3,<50,35,3,3,3,3,0,0,7,0,7,0,0,0,0,0,3,3
P2802__1024__824___4120,3,<50,50,2,2,2,2,0,0,3,0,3,0,0,0,0,0,3,2
P2802__1024__824___4225,1,<50,42,1,1,1,1,0,0,3,0,3,0,0,0,0,0,1,1
