image,n_gt,bucket,cache_depth,matched@100,matched@300,matched@600,matched@1000,tail_tp,tail_tp_dupsus,ndet@conf0.25,sat@conf0.25,ndet@conf0.1,sat@conf0.1,n_gt_small,matched300_small,n_gt_medium,matched300_medium,n_gt_large,matched300_large
test_0,121,100-150,300,100,121,121,121,0,0,159,0,191,0,0,0,1,1,120,120
test_1,132,100-150,300,99,129,129,129,0,0,156,0,206,0,0,0,56,54,76,75
test_10,143,100-150,300,95,135,135,135,0,0,191,0,238,0,0,0,16,14,127,121
test_100,154,150-300,300,98,152,152,152,0,0,173,0,199,0,0,0,61,61,93,91
test_1000,133,100-150,300,98,129,129,129,0,0,154,0,190,0,0,0,2,1,131,128
test_1001,172,150-300,300,98,170,170,170,0,0,220,0,246,0,0,0,22,21,150,149
test_1002,188,150-300,300,100,184,184,184,0,0,273,0,289,0,0,0,57,55,131,129
test_1003,141,100-150,300,80,134,134,134,0,0,163,0,195,0,0,0,0,0,141,134
test_1004,153,150-300,300,97,153,153,153,0,0,168,0,181,0,0,0,1,1,152,152
test_1005,148,100-150,300,94,142,142,142,0,0,193,0,242,0,0,0,24,21,124,121
test_1006,127,100-150,300,89,120,120,120,0,0,203,0,256,0,0,0,36,31,91,89
test_1007,157,150-300,300,100,155,155,155,0,0,195,0,239,0,0,0,4,3,153,152
test_1008,100,100-150,300,94,100,100,100,0,0,164,0,192,0,0,0,18,18,82,82
test_1009,128,100-150,300,90,121,121,121,0,0,195,0,219,0,0,0,24,20,104,101
test_101,105,100-150,300,94,103,103,103,0,0,142,0,167,0,0,0,0,0,105,103
test_1010,134,100-150,300,54,93,93,93,0,0,248,0,292,0,0,0,13,7,121,86
test_1011,161,150-300,300,99,161,161,161,0,0,192,0,201,0,0,0,2,2,159,159
test_1012,144,100-150,300,99,140,140,140,0,0,159,0,177,0,0,0,17,15,127,125
test_1013,244,150-300,300,93,192,192,192,0,0,291,0,299,0,0,0,177,131,67,61
test_1014,129,100-150,300,99,124,124,124,0,0,156,0,207,0,0,0,4,1,125,123
test_1015,129,100-150,300,99,127,127,127,0,0,148,0,177,0,0,0,16,14,113,113
test_1016,132,100-150,300,100,131,131,131,0,0,144,0,163,0,0,0,1,1,131,130
test_1017,137,100-150,300,98,137,137,137,0,0,163,0,194,0,0,0,0,0,137,137
test_1018,130,100-150,300,100,127,127,127,0,0,177,0,222,0,0,0,32,31,98,96
test_1019,140,100-150,300,97,140,140,140,0,0,183,0,212,0,0,0,30,30,110,110
test_102,115,100-150,300,96,115,115,115,0,0,137,0,157,0,0,0,0,0,115,115
test_1020,42,<50,300,37,39,39,39,0,0,179,0,266,0,0,0,3,3,39,36
test_1021,164,150-300,300,98,158,158,158,0,0,219,0,258,0,0,0,66,62,98,96
test_1022,111,100-150,300,97,108,108,108,0,0,138,0,169,0,0,0,13,13,98,95
test_1023,173,150-300,300,99,173,173,173,0,0,184,0,194,0,0,0,0,0,173,173
test_1024,161,150-300,300,99,161,161,161,0,0,212,0,230,0,0,0,26,26,135,135
test_1025,120,100-150,300,98,119,119,119,0,0,190,0,218,0,0,0,7,7,113,112
test_1026,187,150-300,300,100,184,184,184,0,0,205,0,216,0,0,0,46,43,141,141
test_1027,144,100-150,300,100,140,140,140,0,0,174,0,202,0,0,0,14,11,130,129
test_1028,136,100-150,300,87,120,120,120,0,0,194,0,257,0,0,0,7,7,129,113
test_1029,166,150-300,300,97,164,164,164,0,0,209,0,245,0,0,0,49,49,117,115
test_103,123,100-150,300,97,123,123,123,0,0,148,0,186,0,0,0,17,17,106,106
test_1030,123,100-150,300,97,122,122,122,0,0,165,0,199,0,0,0,0,0,123,122
test_1031,149,100-150,300,100,149,149,149,0,0,160,0,168,0,0,0,10,10,139,139
test_1032,261,150-300,300,94,238,238,238,0,0,283,0,294,0,0,0,146,128,115,110
test_1033,134,100-150,300,96,128,128,128,0,0,159,0,202,0,0,0,33,30,101,98
test_1034,105,100-150,300,96,104,104,104,0,0,129,0,184,0,0,0,8,8,97,96
test_1035,147,100-150,300,98,145,145,145,0,0,190,0,223,0,0,0,22,20,125,125
test_1036,146,100-150,300,100,138,138,138,0,0,191,0,241,0,0,0,16,12,130,126
test_1037,144,100-150,300,100,144,144,144,0,0,161,0,170,0,0,0,6,6,138,138
test_1038,133,100-150,300,90,101,101,101,0,0,299,0,300,1,0,0,19,9,114,92
test_1039,138,100-150,300,96,137,137,137,0,0,171,0,188,0,0,0,2,1,136,136
test_104,117,100-150,300,86,106,106,106,0,0,161,0,240,0,0,0,18,11,99,95
test_1040,127,100-150,300,97,125,125,125,0,0,157,0,206,0,0,0,12,10,115,115
test_1041,102,100-150,300,86,102,102,102,0,0,173,0,205,0,0,0,0,0,102,102
test_1042,125,100-150,300,98,121,121,121,0,0,188,0,250,0,0,0,16,14,109,107
test_1043,151,150-300,300,100,151,151,151,0,0,183,0,207,0,0,0,4,4,147,147
test_1044,127,100-150,300,98,120,120,120,0,0,150,0,190,0,0,0,17,12,110,108
test_1045,499,>=300,300,99,279,279,279,0,0,300,1,300,1,0,0,161,59,338,220
test_1046,96,50-100,300,89,93,93,93,0,0,145,0,196,0,0,0,1,1,95,92
test_1047,132,100-150,300,100,131,131,131,0,0,153,0,180,0,0,0,0,0,132,131
test_1048,76,50-100,300,67,69,69,69,0,0,177,0,260,0,0,0,1,1,75,68
test_1049,134,100-150,300,99,129,129,129,0,0,161,0,190,0,0,0,11,11,123,118
test_105,113,100-150,300,88,99,99,99,0,0,132,0,210,0,0,0,24,10,89,89
test_1050,175,150-300,300,100,175,175,175,0,0,195,0,210,0,0,0,53,53,122,122
test_1051,128,100-150,300,97,127,127,127,0,0,140,0,155,0,0,0,5,5,123,122
test_1052,107,100-150,300,84,100,100,100,0,0,162,0,222,0,0,0,14,13,93,87
test_1053,177,150-300,300,98,170,170,170,0,0,228,0,248,0,0,0,11,10,166,160
test_1054,279,150-300,300,100,261,261,261,0,0,280,0,298,0,0,0,143,127,136,134
test_1055,114,100-150,300,99,114,114,114,0,0,131,0,169,0,0,0,1,1,113,113
test_1056,110,100-150,300,73,93,93,93,0,0,217,0,260,0,0,0,5,4,105,89
test_1057,230,150-300,300,94,207,207,207,0,0,277,0,298,0,0,0,109,91,121,116
test_1058,134,100-150,300,91,128,128,128,0,0,165,0,220,0,0,0,35,33,99,95
test_1059,137,100-150,300,97,134,134,134,0,0,180,0,227,0,0,0,19,19,118,115
test_106,122,100-150,300,97,117,117,117,0,0,151,0,191,0,0,0,11,11,111,106
test_1060,128,100-150,300,99,128,128,128,0,0,130,0,144,0,0,0,14,14,114,114
test_1061,130,100-150,300,95,125,125,125,0,0,180,0,249,0,0,0,6,4,124,121
test_1062,86,50-100,300,72,82,82,82,0,0,180,0,232,0,0,0,2,1,84,81
test_1063,120,100-150,300,93,118,118,118,0,0,145,0,177,0,0,0,43,43,77,75
test_1064,130,100-150,300,95,128,128,128,0,0,161,0,185,0,0,0,24,24,106,104
test_1065,154,150-300,300,99,153,153,153,0,0,180,0,232,0,0,0,18,18,136,135
test_1066,178,150-300,300,100,175,175,175,0,0,220,0,250,0,0,0,4,4,174,171
test_1067,59,50-100,300,52,57,57,57,0,0,150,0,194,0,0,0,47,46,12,11
test_1068,173,150-300,300,100,172,172,172,0,0,224,0,255,0,0,0,2,2,171,170
test_1069,161,150-300,300,100,161,161,161,0,0,198,0,240,0,0,0,65,65,96,96
test_107,217,150-300,300,81,178,178,178,0,0,284,0,295,0,0,0,181,143,36,35
test_1070,133,100-150,300,98,133,133,133,0,0,148,0,170,0,0,0,2,2,131,131
test_1071,146,100-150,300,98,141,141,141,0,0,203,0,238,0,0,0,1,1,145,140
test_1072,115,100-150,300,97,114,114,114,0,0,132,0,160,0,0,0,2,2,113,112
test_1073,143,100-150,300,97,137,137,137,0,0,192,0,230,0,0,0,47,47,96,90
test_1074,75,50-100,300,70,71,71,71,0,0,173,0,261,0,0,0,44,40,31,31
test_1075,141,100-150,300,99,141,141,141,0,0,162,0,189,0,0,0,13,13,128,128
test_1076,162,150-300,300,97,158,158,158,0,0,178,0,213,0,0,0,28,27,134,131
test_1077,140,100-150,300,100,139,139,139,0,0,175,0,204,0,0,0,13,13,127,126
test_1078,113,100-150,300,100,113,113,113,0,0,119,0,128,0,0,0,0,0,113,113
test_1079,183,150-300,300,97,159,159,159,0,0,216,0,259,0,1,0,69,52,113,107
test_108,333,>=300,300,93,262,262,262,0,0,299,0,300,1,2,2,191,128,140,132
test_1080,145,100-150,300,100,135,135,135,0,0,216,0,260,0,0,0,3,3,142,132
test_1081,120,100-150,300,97,119,119,119,0,0,155,0,205,0,0,0,1,1,119,118
test_1082,115,100-150,300,99,113,113,113,0,0,152,0,191,0,0,0,3,3,112,110
test_1083,95,50-100,300,84,92,92,92,0,0,144,0,206,0,0,0,5,5,90,87
test_1084,122,100-150,300,99,116,116,116,0,0,143,0,211,0,0,0,12,8,110,108
test_1085,129,100-150,300,96,127,127,127,0,0,187,0,223,0,0,0,35,35,94,92
test_1086,163,150-300,300,99,155,155,155,0,0,215,0,248,0,0,0,71,64,92,91
test_1087,114,100-150,300,99,113,113,113,0,0,165,0,206,0,0,0,2,2,112,111
test_1088,153,150-300,300,94,145,145,145,0,0,209,0,250,0,0,0,11,8,142,137
test_1089,119,100-150,300,96,115,115,115,0,0,158,0,204,0,0,0,10,10,109,105
test_109,137,100-150,300,97,136,136,136,0,0,163,0,204,0,0,0,9,8,128,128
test_1090,156,150-300,300,92,143,143,143,0,0,200,0,279,0,0,0,93,80,63,63
test_1091,132,100-150,300,100,132,132,132,0,0,150,0,167,0,0,0,9,9,123,123
test_1092,113,100-150,300,95,111,111,111,0,0,138,0,187,0,0,0,20,19,93,92
test_1093,230,150-300,300,100,218,218,218,0,0,288,0,298,0,0,0,190,182,40,36
test_1094,192,150-300,300,98,168,168,168,0,0,230,0,260,0,0,0,12,9,180,159
test_1095,136,100-150,300,99,133,133,133,0,0,151,0,157,0,0,0,4,4,132,129
test_1096,121,100-150,300,91,115,115,115,0,0,154,0,191,0,0,0,13,9,108,106
test_1097,94,50-100,300,83,92,92,92,0,0,205,0,239,0,0,0,8,7,86,85
test_1098,169,150-300,300,98,161,161,161,0,0,231,0,275,0,0,0,83,76,86,85
test_1099,120,100-150,300,91,112,112,112,0,0,154,0,182,0,0,0,10,9,110,103
test_11,140,100-150,300,97,138,138,138,0,0,155,0,174,0,0,0,17,15,123,123
test_110,154,150-300,300,94,149,149,149,0,0,206,0,243,0,0,0,14,12,140,137
test_1100,192,150-300,300,96,165,165,165,0,0,213,0,238,0,0,0,80,63,112,102
test_1101,124,100-150,300,97,119,119,119,0,0,182,0,236,0,0,0,2,2,122,117
test_1102,139,100-150,300,100,139,139,139,0,0,162,0,198,0,0,0,27,27,112,112
test_1103,189,150-300,300,100,189,189,189,0,0,210,0,236,0,0,0,14,14,175,175
test_1104,181,150-300,300,97,178,178,178,0,0,211,0,225,0,0,0,45,44,136,134
test_1105,183,150-300,300,99,179,179,179,0,0,207,0,234,0,0,0,0,0,183,179
test_1106,158,150-300,300,100,150,150,150,0,0,213,0,251,0,0,0,22,18,136,132
test_1107,112,100-150,300,90,111,111,111,0,0,156,0,183,0,0,0,0,0,112,111
test_1108,153,150-300,300,100,152,152,152,0,0,174,0,199,0,0,0,8,7,145,145
test_1109,150,150-300,300,100,149,149,149,0,0,260,0,290,0,0,0,54,53,96,96
test_111,114,100-150,300,82,95,95,95,0,0,174,0,214,0,0,0,17,8,97,87
test_1110,204,150-300,300,99,183,183,183,0,0,233,0,271,0,0,0,45,30,159,153
test_1111,168,150-300,300,96,158,158,158,0,0,213,0,239,0,0,0,0,0,168,158
test_1112,150,150-300,300,100,149,149,149,0,0,203,0,270,0,0,0,4,4,146,145
test_1113,105,100-150,300,96,105,105,105,0,0,121,0,146,0,0,0,2,2,103,103
test_1114,156,150-300,300,100,152,152,152,0,0,180,0,208,0,0,0,53,53,103,99
test_1115,201,150-300,300,96,181,181,181,0,0,243,0,265,0,0,0,94,74,107,107
test_1116,131,100-150,300,100,131,131,131,0,0,143,0,156,0,0,0,6,6,125,125
test_1117,182,150-300,300,97,163,163,163,0,0,264,0,291,0,0,0,82,68,100,95
test_1118,161,150-300,300,100,154,154,154,0,0,238,0,284,0,0,0,58,52,103,102
test_1119,169,150-300,300,98,154,154,154,0,0,168,0,180,0,0,0,20,5,149,149
test_112,120,100-150,300,99,118,118,118,0,0,156,0,203,0,0,0,1,1,119,117
test_1120,138,100-150,300,98,132,132,132,0,0,172,0,223,0,0,0,54,49,84,83
test_1121,178,150-300,300,97,169,169,169,0,0,276,0,299,0,0,0,152,143,26,26
test_1122,121,100-150,300,100,121,121,121,0,0,135,0,155,0,0,0,0,0,121,121
test_1123,115,100-150,300,94,115,115,115,0,0,158,0,196,0,0,0,6,6,109,109
test_1124,138,100-150,300,99,138,138,138,0,0,165,0,205,0,0,0,23,23,115,115
test_1125,147,100-150,300,99,145,145,145,0,0,175,0,224,0,0,0,7,7,140,138
test_1126,123,100-150,300,97,122,122,122,0,0,168,0,222,0,0,0,28,27,95,95
test_1127,183,150-300,300,93,163,163,163,0,0,238,0,267,0,3,1,67,56,113,106
test_1128,177,150-300,300,100,176,176,176,0,0,194,0,199,0,0,0,23,23,154,153
test_1129,219,150-300,300,93,204,204,204,0,0,280,0,298,0,9,7,130,118,80,79
test_113,131,100-150,300,96,125,125,125,0,0,263,0,285,0,0,0,31,29,100,96
test_1130,127,100-150,300,100,127,127,127,0,0,143,0,153,0,0,0,0,0,127,127
test_1131,103,100-150,300,96,103,103,103,0,0,122,0,138,0,0,0,1,1,102,102
test_1132,128,100-150,300,91,116,116,116,0,0,200,0,264,0,0,0,41,30,87,86
test_1133,113,100-150,300,93,102,102,102,0,0,236,0,267,0,0,0,2,1,111,101
test_1134,117,100-150,300,100,117,117,117,0,0,148,0,163,0,0,0,9,9,108,108
test_1135,121,100-150,300,99,120,120,120,0,0,130,0,148,0,0,0,5,4,116,116
test_1136,147,100-150,300,100,146,146,146,0,0,182,0,231,0,0,0,20,20,127,126
test_1137,230,150-300,300,97,210,210,210,0,0,286,0,298,0,0,0,151,134,79,76
test_1138,134,100-150,300,94,129,129,129,0,0,170,0,201,0,0,0,16,15,118,114
test_1139,123,100-150,300,96,122,122,122,0,0,166,0,192,0,0,0,2,2,121,120
test_114,149,100-150,300,99,147,147,147,0,0,216,0,244,0,0,0,2,2,147,145
test_1140,111,100-150,300,98,110,110,110,0,0,124,0,139,0,0,0,48,47,63,63
test_1141,155,150-300,300,75,114,114,114,0,0,160,0,207,0,0,0,10,10,145,104
test_1142,191,150-300,300,100,190,190,190,0,0,229,0,257,0,0,0,11,10,180,180
test_1143,118,100-150,300,96,114,114,114,0,0,180,0,216,0,0,0,7,6,111,108
test_1144,188,150-300,300,100,176,176,176,0,0,216,0,266,0,1,0,91,81,96,95
test_1145,119,100-150,300,99,118,118,118,0,0,141,0,159,0,0,0,0,0,119,118
test_1146,128,100-150,300,92,124,124,124,0,0,176,0,207,0,0,0,21,20,107,104
test_1147,174,150-300,300,99,174,174,174,0,0,214,0,265,0,0,0,14,14,160,160
test_1148,124,100-150,300,99,124,124,124,0,0,141,0,153,0,0,0,1,1,123,123
test_1149,138,100-150,300,99,135,135,135,0,0,164,0,184,0,0,0,2,0,136,135
test_115,131,100-150,300,100,131,131,131,0,0,151,0,160,0,0,0,0,0,131,131
test_1150,133,100-150,300,99,133,133,133,0,0,166,0,199,0,0,0,25,25,108,108
test_1151,169,150-300,300,99,165,165,165,0,0,226,0,264,0,0,0,21,21,148,144
test_1152,165,150-300,300,85,150,150,150,0,0,222,0,262,0,0,0,11,10,154,140
test_1153,128,100-150,300,98,128,128,128,0,0,150,0,188,0,0,0,4,4,124,124
test_1154,102,100-150,300,98,102,102,102,0,0,119,0,149,0,0,0,5,5,97,97
test_1155,122,100-150,300,99,121,121,121,0,0,146,0,210,0,0,0,0,0,122,121
test_1156,126,100-150,300,95,123,123,123,0,0,154,0,193,0,0,0,3,1,123,122
test_1157,111,100-150,300,97,110,110,110,0,0,139,0,194,0,0,0,0,0,111,110
test_1158,202,150-300,300,97,202,202,202,0,0,231,0,261,0,0,0,91,91,111,111
test_1159,132,100-150,300,95,123,123,123,0,0,161,0,190,0,0,0,3,3,129,120
test_116,138,100-150,300,98,134,134,134,0,0,170,0,207,0,0,0,17,14,121,120
test_1160,142,100-150,300,100,140,140,140,0,0,218,0,266,0,0,0,10,10,132,130
test_1161,129,100-150,300,100,129,129,129,0,0,152,0,191,0,0,0,0,0,129,129
test_1162,163,150-300,300,97,160,160,160,0,0,191,0,225,0,0,0,8,8,155,152
test_1163,124,100-150,300,56,108,108,108,0,0,217,0,285,0,0,0,26,25,98,83
test_1164,129,100-150,300,99,129,129,129,0,0,152,0,192,0,0,0,3,3,126,126
test_1165,144,100-150,300,91,142,142,142,0,0,174,0,200,0,0,0,33,33,111,109
test_1166,132,100-150,300,98,125,125,125,0,0,135,0,158,0,1,0,8,6,123,119
test_1167,320,>=300,300,99,249,249,249,0,0,277,0,291,0,0,0,162,113,158,136
test_1168,151,150-300,300,96,141,141,141,0,0,186,0,218,0,0,0,34,28,117,113
test_1169,142,100-150,300,100,140,140,140,0,0,159,0,188,0,0,0,14,13,128,127
test_117,122,100-150,300,96,119,119,119,0,0,165,0,223,0,0,0,10,9,112,110
test_1170,158,150-300,300,96,158,158,158,0,0,176,0,191,0,0,0,0,0,158,158
test_1171,100,100-150,300,80,97,97,97,0,0,132,0,146,0,0,0,3,3,97,94
test_1172,117,100-150,300,92,111,111,111,0,0,150,0,200,0,0,0,0,0,117,111
test_1173,140,100-150,300,97,138,138,138,0,0,190,0,213,0,0,0,6,6,134,132
test_1174,120,100-150,300,99,119,119,119,0,0,127,0,151,0,0,0,10,9,110,110
test_1175,171,150-300,300,97,168,168,168,0,0,201,0,229,0,0,0,48,47,123,121
test_1176,123,100-150,300,98,123,123,123,0,0,151,0,166,0,0,0,2,2,121,121
test_1177,151,150-300,300,100,148,148,148,0,0,163,0,195,0,0,0,19,17,132,131
test_1178,147,100-150,300,96,147,147,147,0,0,178,0,211,0,0,0,3,3,144,144
test_1179,162,150-300,300,99,156,156,156,0,0,214,0,264,0,0,0,11,11,151,145
test_118,333,>=300,300,97,250,250,250,0,0,297,0,300,1,0,0,251,179,82,71
test_1180,142,100-150,300,100,140,140,140,0,0,160,0,188,0,0,0,18,17,124,123
test_1181,116,100-150,300,99,116,116,116,0,0,138,0,166,0,0,0,0,0,116,116
test_1182,174,150-300,300,100,173,173,173,0,0,183,0,187,0,0,0,37,36,137,137
test_1183,211,150-300,300,98,204,204,204,0,0,277,0,292,0,0,0,55,54,156,150
test_1184,114,100-150,300,87,114,114,114,0,0,159,0,197,0,0,0,5,5,109,109
test_1185,125,100-150,300,97,121,121,121,0,0,168,0,214,0,0,0,2,2,123,119
test_1186,163,150-300,300,100,162,162,162,0,0,209,0,247,0,0,0,37,37,126,125
test_1187,135,100-150,300,97,129,129,129,0,0,173,0,238,0,0,0,10,8,125,121
test_1188,155,150-300,300,99,152,152,152,0,0,218,0,266,0,0,0,12,12,143,140
test_1189,173,150-300,300,96,166,166,166,0,0,225,0,261,0,0,0,7,6,166,160
test_119,115,100-150,300,88,115,115,115,0,0,167,0,190,0,0,0,3,3,112,112
test_1190,134,100-150,300,100,134,134,134,0,0,142,0,145,0,0,0,0,0,134,134
test_1191,111,100-150,300,84,106,106,106,0,0,271,0,300,1,0,0,12,12,99,94
test_1192,165,150-300,300,100,164,164,164,0,0,186,0,212,0,0,0,83,82,82,82
test_1193,84,50-100,300,45,63,63,63,0,0,120,0,239,0,0,0,22,14,62,49
test_1194,146,100-150,300,99,145,145,145,0,0,162,0,189,0,0,0,13,12,133,133
test_1195,111,100-150,300,93,108,108,108,0,0,139,0,169,0,0,0,20,19,91,89
test_1196,171,150-300,300,94,171,171,171,0,0,212,0,224,0,0,0,10,10,161,161
test_1197,108,100-150,300,100,108,108,108,0,0,120,0,147,0,0,0,14,14,94,94
test_1198,274,150-300,300,96,228,228,228,0,0,297,0,300,1,0,0,22,11,252,217
test_1199,287,150-300,300,91,262,262,262,0,0,294,0,299,0,0,0,134,120,153,142
test_12,220,150-300,300,99,217,217,217,0,0,250,0,278,0,0,0,56,53,164,164
test_120,221,150-300,300,99,218,218,218,0,0,247,0,265,0,0,0,1,1,220,217
test_1200,110,100-150,300,90,103,103,103,0,0,130,0,174,0,0,0,2,2,108,101
test_1201,88,50-100,300,27,35,35,35,0,0,200,0,253,0,0,0,0,0,88,35
test_1202,152,150-300,300,98,144,144,144,0,0,163,0,208,0,0,0,0,0,152,144
test_1203,150,150-300,300,91,148,148,148,0,0,189,0,240,0,0,0,7,6,143,142
test_1204,136,100-150,300,99,136,136,136,0,0,158,0,184,0,0,0,0,0,136,136
test_1205,115,100-150,300,94,113,113,113,0,0,135,0,153,0,0,0,2,2,113,111
test_1206,132,100-150,300,96,131,131,131,0,0,162,0,175,0,0,0,19,18,113,113
test_1207,139,100-150,300,99,136,136,136,0,0,154,0,178,0,0,0,43,42,96,94
test_1208,197,150-300,300,98,176,176,176,0,0,280,0,296,0,0,0,72,64,125,112
test_1209,124,100-150,300,94,118,118,118,0,0,147,0,164,0,0,0,20,19,104,99
test_121,124,100-150,300,98,123,123,123,0,0,149,0,169,0,0,0,0,0,124,123
test_1210,126,100-150,300,97,123,123,123,0,0,156,0,197,0,0,0,1,1,125,122
test_1211,127,100-150,300,98,126,126,126,0,0,160,0,188,0,0,0,0,0,127,126
test_1212,138,100-150,300,97,138,138,138,0,0,161,0,178,0,0,0,0,0,138,138
test_1213,130,100-150,300,96,125,125,125,0,0,172,0,196,0,0,0,1,1,129,124
test_1214,162,150-300,300,99,162,162,162,0,0,182,0,208,0,0,0,0,0,162,162
test_1215,132,100-150,300,100,130,130,130,0,0,153,0,176,0,0,0,7,6,125,124
test_1216,128,100-150,300,93,113,113,113,0,0,187,0,246,0,0,0,42,29,86,84
test_1217,129,100-150,300,98,128,128,128,0,0,152,0,183,0,0,0,20,20,109,108
test_1218,200,150-300,300,95,182,182,182,0,0,239,0,264,0,0,0,106,93,94,89
test_1219,161,150-300,300,100,159,159,159,0,0,188,0,236,0,0,0,24,22,137,137
test_122,170,150-300,300,100,169,169,169,0,0,193,0,220,0,0,0,55,55,115,114
test_1220,113,100-150,300,99,113,113,113,0,0,124,0,155,0,0,0,7,7,106,106
test_1221,117,100-150,300,96,117,117,117,0,0,154,0,187,0,0,0,0,0,117,117
test_1222,253,150-300,300,99,245,245,245,0,0,284,0,295,0,0,0,6,6,247,239
test_1223,124,100-150,300,99,124,124,124,0,0,132,0,138,0,0,0,5,5,119,119
test_1224,131,100-150,300,90,130,130,130,0,0,220,0,244,0,0,0,8,7,123,123
test_1225,157,150-300,300,95,149,149,149,0,0,261,0,277,0,0,0,33,32,124,117
test_1226,115,100-150,300,94,115,115,115,0,0,135,0,153,0,0,0,1,1,114,114
test_1227,161,150-300,300,98,151,151,151,0,0,215,0,250,0,0,0,27,21,134,130
test_1228,207,150-300,300,87,184,184,184,0,0,258,0,286,0,1,1,105,86,101,97
test_1229,93,50-100,300,74,91,91,91,0,0,250,0,280,0,0,0,6,4,87,87
test_123,122,100-150,300,99,121,121,121,0,0,128,0,158,0,0,0,5,4,117,117
test_1230,113,100-150,300,96,113,113,113,0,0,136,0,160,0,0,0,22,22,91,91
test_1231,128,100-150,300,97,124,124,124,0,0,172,0,216,0,0,0,8,8,120,116
test_1232,108,100-150,300,98,107,107,107,0,0,126,0,136,0,0,0,0,0,108,107
test_1233,153,150-300,300,100,149,149,149,0,0,204,0,236,0,0,0,15,15,138,134
test_1234,161,150-300,300,99,159,159,159,0,0,177,0,206,0,0,0,10,10,151,149
test_1235,146,100-150,300,98,134,134,134,0,0,181,0,247,0,0,0,69,66,77,68
test_1236,125,100-150,300,96,124,124,124,0,0,157,0,202,0,0,0,13,13,112,111
test_1237,69,50-100,300,40,48,48,48,0,0,159,0,208,0,0,0,0,0,69,48
test_1238,121,100-150,300,96,119,119,119,0,0,167,0,241,0,0,0,15,15,106,104
test_1239,108,100-150,300,89,103,103,103,0,0,146,0,195,0,0,0,0,0,108,103
test_124,130,100-150,300,100,130,130,130,0,0,150,0,167,0,0,0,5,5,125,125
test_1240,129,100-150,300,99,128,128,128,0,0,143,0,166,0,0,0,0,0,129,128
test_1241,159,150-300,300,99,158,158,158,0,0,199,0,224,0,0,0,4,4,155,154
test_1242,126,100-150,300,99,123,123,123,0,0,142,0,166,0,0,0,6,5,120,118
test_1243,155,150-300,300,100,154,154,154,0,0,194,0,244,0,0,0,21,20,134,134
test_1244,271,150-300,300,99,248,248,248,0,0,285,0,297,0,0,0,24,12,247,236
test_1245,143,100-150,300,92,142,142,142,0,0,171,0,187,0,0,0,0,0,143,142
test_1246,128,100-150,300,98,118,118,118,0,0,229,0,282,0,0,0,12,10,116,108
test_1247,116,100-150,300,99,116,116,116,0,0,134,0,153,0,0,0,5,5,111,111
test_1248,117,100-150,300,97,116,116,116,0,0,153,0,194,0,0,0,0,0,117,116
test_1249,137,100-150,300,97,129,129,129,0,0,150,0,190,0,0,0,16,14,121,115
test_125,146,100-150,300,99,141,141,141,0,0,179,0,224,0,0,0,2,2,144,139
test_1250,140,100-150,300,92,112,112,112,0,0,279,0,294,0,0,0,24,9,116,103
test_1251,105,100-150,300,87,99,99,99,0,0,157,0,193,0,0,0,12,10,93,89
test_1252,162,150-300,300,90,148,148,148,0,0,217,0,261,0,0,0,2,0,160,148
test_1253,218,150-300,300,100,216,216,216,0,0,240,0,270,0,0,0,69,67,149,149
test_1254,116,100-150,300,99,116,116,116,0,0,133,0,154,0,0,0,0,0,116,116
test_1255,160,150-300,300,100,157,157,157,0,0,201,0,245,0,0,0,20,18,140,139
test_1256,117,100-150,300,87,107,107,107,0,0,170,0,221,0,0,0,25,22,92,85
test_1257,226,150-300,300,94,218,218,218,0,0,264,0,284,0,0,0,54,48,172,170
test_1258,131,100-150,300,95,130,130,130,0,0,171,0,192,0,0,0,1,0,130,130
test_1259,160,150-300,300,99,157,157,157,0,0,218,0,244,0,0,0,67,64,93,93
test_126,102,100-150,300,90,97,97,97,0,0,157,0,181,0,0,0,4,4,98,93
test_1260,135,100-150,300,100,134,134,134,0,0,147,0,162,0,0,0,11,11,124,123
test_1261,128,100-150,300,97,126,126,126,0,0,160,0,200,0,0,0,4,4,124,122
test_1262,124,100-150,300,90,115,115,115,0,0,149,0,200,0,0,0,69,63,55,52
test_1263,179,150-300,300,96,168,168,168,0,0,237,0,264,0,0,0,62,54,117,114
test_1264,197,150-300,300,100,196,196,196,0,0,222,0,238,0,0,0,33,33,164,163
test_1265,154,150-300,300,99,150,150,150,0,0,151,0,170,0,0,0,31,28,123,122
test_1266,139,100-150,300,88,125,125,125,0,0,175,0,215,0,0,0,25,22,114,103
test_1267,141,100-150,300,91,135,135,135,0,0,189,0,226,0,0,0,20,20,121,115
test_1268,116,100-150,300,98,116,116,116,0,0,131,0,143,0,0,0,7,7,109,109
test_1269,123,100-150,300,99,117,117,117,0,0,143,0,151,0,0,0,12,6,111,111
test_127,124,100-150,300,98,120,120,120,0,0,168,0,214,0,0,0,0,0,124,120
test_1270,175,150-300,300,94,167,167,167,0,0,216,0,242,0,0,0,125,118,50,49
test_1271,140,100-150,300,98,138,138,138,0,0,160,0,204,0,0,0,31,29,109,109
test_1272,146,100-150,300,99,142,142,142,0,0,159,0,182,0,0,0,20,18,126,124
test_1273,171,150-300,300,94,170,170,170,0,0,195,0,223,0,0,0,11,11,160,159
test_1274,158,150-300,300,85,137,137,137,0,0,190,0,232,0,0,0,22,18,136,119
test_1275,119,100-150,300,100,119,119,119,0,0,124,0,128,0,0,0,0,0,119,119
test_1276,144,100-150,300,99,139,139,139,0,0,161,0,226,0,0,0,26,23,118,116
test_1277,184,150-300,300,94,165,165,165,0,0,227,0,287,0,0,0,45,35,139,130
test_1278,125,100-150,300,99,124,124,124,0,0,138,0,147,0,0,0,2,2,123,122
test_1279,97,50-100,300,82,92,92,92,0,0,168,0,247,0,0,0,25,24,72,68
test_128,124,100-150,300,94,119,119,119,0,0,171,0,241,0,0,0,20,19,104,100
test_1280,137,100-150,300,94,137,137,137,0,0,157,0,188,0,0,0,1,1,136,136
test_1281,140,100-150,300,75,101,101,101,0,0,163,0,201,0,0,0,59,29,81,72
test_1282,139,100-150,300,99,138,138,138,0,0,147,0,157,0,0,0,2,2,137,136
test_1283,117,100-150,300,91,112,112,112,0,0,174,0,217,0,0,0,23,20,94,92
test_1284,164,150-300,300,98,157,157,157,0,0,206,0,242,0,0,0,52,50,112,107
test_1285,164,150-300,300,99,162,162,162,0,0,198,0,219,0,0,0,26,25,138,137
test_1286,123,100-150,300,98,123,123,123,0,0,151,0,162,0,0,0,0,0,123,123
test_1287,94,50-100,300,93,94,94,94,0,0,114,0,169,0,0,0,14,14,80,80
test_1288,140,100-150,300,97,140,140,140,0,0,160,0,181,0,0,0,7,7,133,133
test_1289,119,100-150,300,72,90,90,90,0,0,226,0,265,0,0,0,0,0,119,90
test_129,533,>=300,300,100,300,300,300,0,0,300,1,300,1,0,0,530,299,3,1
test_1290,147,100-150,300,98,146,146,146,0,0,232,0,249,0,0,0,74,73,73,73
test_1291,251,150-300,300,100,217,217,217,0,0,263,0,290,0,0,0,241,210,10,7
test_1292,128,100-150,300,98,127,127,127,0,0,174,0,205,0,0,0,5,5,123,122
test_1293,129,100-150,300,99,129,129,129,0,0,141,0,152,0,0,0,4,4,125,125
test_1294,214,150-300,300,100,203,203,203,0,0,235,0,270,0,1,1,201,190,12,12
test_1295,150,150-300,300,100,150,150,150,0,0,160,0,170,0,0,0,26,26,124,124
test_1296,196,150-300,300,90,162,162,162,0,0,238,0,272,0,0,0,42,30,154,132
test_1297,123,100-150,300,98,122,122,122,0,0,167,0,217,0,0,0,6,5,117,117
test_1298,152,150-300,300,80,135,135,135,0,0,193,0,253,0,0,0,0,0,152,135
test_1299,130,100-150,300,100,129,129,129,0,0,158,0,225,0,0,0,11,11,119,118
test_13,118,100-150,300,93,117,117,117,0,0,168,0,220,0,0,0,19,18,99,99
test_130,170,150-300,300,83,138,138,138,0,0,241,0,289,0,0,0,45,30,125,108
test_1300,141,100-150,300,97,132,132,132,0,0,182,0,211,0,1,1,45,36,95,95
test_1301,170,150-300,300,97,156,156,156,0,0,167,0,205,0,1,0,33,24,136,132
test_1302,137,100-150,300,97,132,132,132,0,0,168,0,204,0,0,0,16,16,121,116
test_1303,182,150-300,300,100,182,182,182,0,0,199,0,212,0,0,0,51,51,131,131
test_1304,123,100-150,300,100,123,123,123,0,0,136,0,145,0,0,0,1,1,122,122
test_1305,122,100-150,300,89,110,110,110,0,0,160,0,227,0,0,0,54,44,68,66
test_1306,132,100-150,300,99,132,132,132,0,0,147,0,160,0,0,0,0,0,132,132
test_1307,137,100-150,300,97,132,132,132,0,0,181,0,241,0,0,0,30,28,107,104
test_1308,112,100-150,300,87,104,104,104,0,0,156,0,193,0,0,0,0,0,112,104
test_1309,119,100-150,300,96,116,116,116,0,0,142,0,182,0,0,0,11,8,108,108
test_131,148,100-150,300,100,148,148,148,0,0,160,0,174,0,0,0,3,3,145,145
test_1310,128,100-150,300,100,127,127,127,0,0,147,0,165,0,0,0,0,0,128,127
test_1311,124,100-150,300,100,122,122,122,0,0,131,0,146,0,0,0,2,1,122,121
test_1312,134,100-150,300,100,132,132,132,0,0,141,0,159,0,0,0,12,11,122,121
test_1313,118,100-150,300,96,117,117,117,0,0,151,0,186,0,0,0,27,26,91,91
test_1314,117,100-150,300,98,115,115,115,0,0,126,0,135,0,0,0,4,4,113,111
test_1315,177,150-300,300,97,177,177,177,0,0,183,0,188,0,0,0,11,11,166,166
test_1316,167,150-300,300,100,164,164,164,0,0,207,0,238,0,0,0,31,31,136,133
test_1317,175,150-300,300,100,171,171,171,0,0,196,0,234,0,0,0,30,27,145,144
test_1318,136,100-150,300,100,130,130,130,0,0,136,0,150,0,0,0,3,0,133,130
test_1319,132,100-150,300,95,132,132,132,0,0,180,0,227,0,0,0,6,6,126,126
test_132,126,100-150,300,52,68,68,68,0,0,299,0,300,1,0,0,21,0,105,68
test_1320,119,100-150,300,96,111,111,111,0,0,134,0,151,0,0,0,1,1,118,110
test_1321,153,150-300,300,100,145,145,145,0,0,285,0,299,0,0,0,31,27,122,118
test_1322,137,100-150,300,100,136,136,136,0,0,167,0,203,0,0,0,8,7,129,129
test_1323,162,150-300,300,96,154,154,154,0,0,219,0,250,0,0,0,14,12,148,142
test_1324,128,100-150,300,96,123,123,123,0,0,182,0,240,0,0,0,13,12,115,111
test_1325,85,50-100,300,77,85,85,85,0,0,226,0,261,0,0,0,1,1,84,84
test_1326,96,50-100,300,95,96,96,96,0,0,113,0,129,0,0,0,0,0,96,96
test_1327,139,100-150,300,95,136,136,136,0,0,165,0,222,0,0,0,1,1,138,135
test_1328,121,100-150,300,97,120,120,120,0,0,145,0,185,0,0,0,7,7,114,113
test_1329,138,100-150,300,100,138,138,138,0,0,149,0,157,0,0,0,0,0,138,138
test_133,111,100-150,300,94,111,111,111,0,0,143,0,169,0,0,0,22,22,89,89
test_1330,131,100-150,300,99,131,131,131,0,0,136,0,141,0,0,0,8,8,123,123
test_1331,121,100-150,300,100,121,121,121,0,0,137,0,171,0,0,0,3,3,118,118
test_1332,173,150-300,300,100,168,168,168,0,0,219,0,256,0,0,0,42,37,131,131
test_1333,258,150-300,300,76,174,174,174,0,0,263,0,298,0,0,0,173,104,85,70
test_1334,114,100-150,300,99,114,114,114,0,0,122,0,141,0,0,0,2,2,112,112
test_1335,135,100-150,300,100,134,134,134,0,0,173,0,216,0,0,0,2,2,133,132
test_1336,116,100-150,300,97,116,116,116,0,0,198,0,262,0,0,0,28,28,88,88
test_1337,151,150-300,300,100,151,151,151,0,0,189,0,227,0,0,0,1,1,150,150
test_1338,128,100-150,300,97,128,128,128,0,0,164,0,201,0,0,0,1,1,127,127
test_1339,183,150-300,300,99,183,183,183,0,0,209,0,248,0,0,0,23,23,160,160
test_134,181,150-300,300,99,176,176,176,0,0,226,0,254,0,0,0,7,6,174,170
test_1340,142,100-150,300,97,138,138,138,0,0,175,0,222,0,0,0,1,1,141,137
test_1341,118,100-150,300,86,117,117,117,0,0,171,0,191,0,0,0,0,0,118,117
test_1342,198,150-300,300,96,182,182,182,0,0,237,0,285,0,0,0,170,154,28,28
test_1343,104,100-150,300,97,104,104,104,0,0,120,0,142,0,0,0,0,0,104,104
test_1344,162,150-300,300,100,161,161,161,0,0,180,0,199,0,0,0,16,16,146,145
test_1345,113,100-150,300,93,112,112,112,0,0,157,0,203,0,0,0,10,10,103,102
test_1346,135,100-150,300,79,94,94,94,0,0,174,0,220,0,0,0,3,3,132,91
test_1347,149,100-150,300,100,149,149,149,0,0,160,0,182,0,0,0,14,14,135,135
test_1348,66,50-100,300,64,66,66,66,0,0,89,0,135,0,0,0,0,0,66,66
test_1349,138,100-150,300,97,129,129,129,0,0,198,0,229,0,0,0,3,3,135,126
test_135,135,100-150,300,98,134,134,134,0,0,153,0,162,0,0,0,37,36,98,98
test_1350,107,100-150,300,81,99,99,99,0,0,149,0,207,0,0,0,0,0,107,99
test_1351,94,50-100,300,82,85,85,85,0,0,191,0,254,0,0,0,19,15,75,70
test_1352,182,150-300,300,99,170,170,170,0,0,216,0,267,0,0,0,34,26,148,144
test_1353,224,150-300,300,100,223,223,223,0,0,242,0,255,0,0,0,70,70,154,153
test_1354,169,150-300,300,99,162,162,162,0,0,248,0,279,0,0,0,81,77,88,85
test_1355,156,150-300,300,100,155,155,155,0,0,161,0,166,0,0,0,4,3,152,152
test_1356,134,100-150,300,80,114,114,114,0,0,199,0,258,0,0,0,46,30,88,84
test_1357,148,100-150,300,100,146,146,146,0,0,157,0,169,0,0,0,0,0,148,146
test_1358,159,150-300,300,96,156,156,156,0,0,181,0,208,0,0,0,0,0,159,156
test_1359,106,100-150,300,98,106,106,106,0,0,126,0,146,0,0,0,8,8,98,98
test_136,124,100-150,300,99,118,118,118,0,0,194,0,244,0,0,0,7,6,117,112
test_1360,192,150-300,300,100,147,147,147,0,0,223,0,252,0,3,0,100,60,89,87
test_1361,115,100-150,300,86,106,106,106,0,0,168,0,208,0,0,0,1,1,114,105
test_1362,292,150-300,300,96,232,232,232,0,0,300,1,300,1,0,0,74,55,218,177
test_1363,150,150-300,300,98,150,150,150,0,0,170,0,199,0,0,0,16,16,134,134
test_1364,146,100-150,300,97,142,142,142,0,0,172,0,210,0,0,0,13,9,133,133
test_1365,168,150-300,300,98,160,160,160,0,0,176,0,213,0,0,0,37,30,131,130
test_1366,116,100-150,300,91,114,114,114,0,0,179,0,225,0,0,0,2,2,114,112
test_1367,182,150-300,300,95,159,159,159,0,0,243,0,263,0,0,0,35,24,147,135
test_1368,105,100-150,300,96,104,104,104,0,0,155,0,200,0,0,0,14,13,91,91
test_1369,188,150-300,300,99,182,182,182,0,0,219,0,257,0,0,0,5,5,183,177
test_137,162,150-300,300,71,147,147,147,0,0,261,0,275,0,0,0,58,49,104,98
test_1370,178,150-300,300,99,173,173,173,0,0,229,0,257,0,0,0,36,33,142,140
test_1371,141,100-150,300,100,139,139,139,0,0,144,0,163,0,0,0,1,1,140,138
test_1372,113,100-150,300,98,113,113,113,0,0,134,0,169,0,0,0,3,3,110,110
test_1373,125,100-150,300,98,125,125,125,0,0,135,0,147,0,0,0,0,0,125,125
test_1374,118,100-150,300,100,117,117,117,0,0,130,0,145,0,0,0,3,3,115,114
test_1375,171,150-300,300,88,166,166,166,0,0,276,0,295,0,0,0,38,37,133,129
test_1376,150,150-300,300,99,150,150,150,0,0,162,0,167,0,0,0,1,1,149,149
test_1377,156,150-300,300,99,156,156,156,0,0,177,0,211,0,0,0,10,10,146,146
test_1378,144,100-150,300,98,141,141,141,0,0,180,0,215,0,0,0,4,4,140,137
test_1379,165,150-300,300,100,162,162,162,0,0,209,0,277,0,0,0,86,83,79,79
test_138,115,100-150,300,99,115,115,115,0,0,132,0,156,0,0,0,7,7,108,108
test_1380,150,150-300,300,100,145,145,145,0,0,166,0,173,0,0,0,0,0,150,145
test_1381,103,100-150,300,81,97,97,97,0,0,228,0,280,0,0,0,12,12,91,85
test_1382,130,100-150,300,86,117,117,117,0,0,205,0,267,0,0,0,13,6,117,111
test_1383,130,100-150,300,92,124,124,124,0,0,168,0,204,0,0,0,59,59,71,65
test_1384,155,150-300,300,89,145,145,145,0,0,225,0,265,0,0,0,8,6,147,139
test_1385,395,>=300,300,100,281,281,281,0,0,300,1,300,1,0,0,110,48,285,233
test_1386,109,100-150,300,93,95,95,95,0,0,202,0,270,0,0,0,5,1,104,94
test_1387,166,150-300,300,99,164,164,164,0,0,202,0,238,0,0,0,22,22,144,142
test_1388,153,150-300,300,98,153,153,153,0,0,219,0,241,0,0,0,7,7,146,146
test_1389,139,100-150,300,96,131,131,131,0,0,173,0,220,0,0,0,54,51,85,80
test_139,129,100-150,300,97,127,127,127,0,0,157,0,174,0,0,0,0,0,129,127
test_1390,163,150-300,300,100,161,161,161,0,0,175,0,205,0,0,0,43,43,120,118
test_1391,153,150-300,300,96,143,143,143,0,0,260,0,278,0,0,0,100,91,53,52
test_1392,156,150-300,300,98,156,156,156,0,0,175,0,198,0,0,0,1,1,155,155
test_1393,137,100-150,300,95,132,132,132,0,0,186,0,241,0,0,0,13,13,124,119
test_1394,128,100-150,300,100,126,126,126,0,0,149,0,201,0,0,0,23,23,105,103
test_1395,107,100-150,300,95,103,103,103,0,0,141,0,197,0,0,0,6,6,101,97
test_1396,188,150-300,300,98,184,184,184,0,0,205,0,233,0,0,0,8,8,180,176
test_1397,20,<50,300,20,20,20,20,0,0,159,0,219,0,0,0,0,0,20,20
test_1398,143,100-150,300,100,142,142,142,0,0,167,0,235,0,0,0,15,15,128,127
test_1399,122,100-150,300,97,117,117,117,0,0,165,0,222,0,0,0,2,0,120,117
test_14,116,100-150,300,94,116,116,116,0,0,143,0,170,0,0,0,3,3,113,113
test_140,211,150-300,300,97,202,202,202,0,0,239,0,254,0,0,0,22,18,189,184
test_1400,130,100-150,300,100,129,129,129,0,0,160,0,217,0,0,0,8,7,122,122
test_1401,90,50-100,300,75,83,83,83,0,0,163,0,224,0,0,0,4,3,86,80
test_1402,346,>=300,300,100,296,296,296,0,0,300,1,300,1,0,0,28,7,318,289
test_1403,136,100-150,300,97,136,136,136,0,0,230,0,265,0,0,0,47,47,89,89
test_1404,121,100-150,300,92,116,116,116,0,0,187,0,251,0,0,0,19,17,102,99
test_1405,183,150-300,300,99,179,179,179,0,0,221,0,250,0,0,0,119,117,64,62
test_1406,147,100-150,300,100,139,139,139,0,0,177,0,240,0,0,0,21,16,126,123
test_1407,124,100-150,300,100,122,122,122,0,0,163,0,198,0,0,0,0,0,124,122
test_1408,190,150-300,300,99,187,187,187,0,0,228,0,249,0,0,0,76,74,114,113
test_1409,173,150-300,300,100,168,168,168,0,0,242,0,287,0,0,0,67,65,106,103
test_141,145,100-150,300,97,138,138,138,0,0,229,0,276,0,0,0,34,33,111,105
test_1410,123,100-150,300,98,123,123,123,0,0,130,0,130,0,0,0,1,1,122,122
test_1411,79,50-100,300,69,74,74,74,0,0,188,0,261,0,0,0,0,0,79,74
test_1412,138,100-150,300,98,138,138,138,0,0,173,0,207,0,0,0,5,5,133,133
test_1413,145,100-150,300,99,142,142,142,0,0,162,0,186,0,0,0,15,14,130,128
test_1414,180,150-300,300,97,177,177,177,0,0,228,0,252,0,0,0,77,75,103,102
test_1415,179,150-300,300,100,178,178,178,0,0,197,0,217,0,0,0,2,2,177,176
test_1416,115,100-150,300,90,111,111,111,0,0,173,0,206,0,0,0,1,1,114,110
test_1417,206,150-300,300,99,201,201,201,0,0,235,0,263,0,0,0,50,50,156,151
test_1418,152,150-300,300,99,152,152,152,0,0,174,0,199,0,0,0,1,1,151,151
test_1419,144,100-150,300,100,141,141,141,0,0,178,0,213,0,0,0,7,7,137,134
test_142,95,50-100,300,83,92,92,92,0,0,224,0,268,0,0,0,7,6,88,86
test_1420,204,150-300,300,100,203,203,203,0,0,229,0,245,0,0,0,112,111,92,92
test_1421,140,100-150,300,95,116,116,116,0,0,188,0,240,0,1,0,92,69,47,47
test_1422,255,150-300,300,99,247,247,247,0,0,279,0,294,0,0,0,43,40,212,207
test_1423,120,100-150,300,98,119,119,119,0,0,164,0,195,0,0,0,0,0,120,119
test_1424,143,100-150,300,100,142,142,142,0,0,153,0,174,0,0,0,3,3,140,139
test_1425,123,100-150,300,98,121,121,121,0,0,148,0,180,0,0,0,3,3,120,118
test_1426,150,150-300,300,100,146,146,146,0,0,180,0,222,0,0,0,53,51,97,95
test_1427,162,150-300,300,100,161,161,161,0,0,169,0,210,0,0,0,17,17,145,144
test_1428,192,150-300,300,100,191,191,191,0,0,218,0,256,0,0,0,69,69,123,122
test_1429,127,100-150,300,99,125,125,125,0,0,156,0,194,0,0,0,2,2,125,123
test_143,133,100-150,300,98,133,133,133,0,0,155,0,191,0,0,0,0,0,133,133
test_1430,131,100-150,300,92,120,120,120,0,0,181,0,213,0,0,0,8,2,123,118
test_1431,109,100-150,300,93,107,107,107,0,0,227,0,245,0,0,0,4,3,105,104
test_1432,128,100-150,300,99,128,128,128,0,0,144,0,148,0,0,0,0,0,128,128
test_1433,146,100-150,300,99,141,141,141,0,0,198,0,236,0,0,0,16,13,130,128
test_1434,131,100-150,300,95,130,130,130,0,0,243,0,258,0,1,0,20,20,110,110
test_1435,155,150-300,300,98,128,128,128,0,0,277,0,297,0,0,0,41,27,114,101
test_1436,120,100-150,300,98,120,120,120,0,0,160,0,226,0,0,0,1,1,119,119
test_1437,134,100-150,300,98,134,134,134,0,0,162,0,192,0,0,0,26,26,108,108
test_1438,123,100-150,300,98,123,123,123,0,0,181,0,231,0,0,0,0,0,123,123
test_1439,143,100-150,300,99,143,143,143,0,0,157,0,165,0,0,0,2,2,141,141
test_144,181,150-300,300,99,177,177,177,0,0,201,0,220,0,0,0,135,134,46,43
test_1440,115,100-150,300,92,106,106,106,0,0,158,0,209,0,0,0,5,4,110,102
test_1441,105,100-150,300,78,98,98,98,0,0,150,0,195,0,0,0,7,3,98,95
test_1442,119,100-150,300,100,118,118,118,0,0,175,0,239,0,0,0,11,11,108,107
test_1443,190,150-300,300,100,189,189,189,0,0,205,0,220,0,0,0,7,7,183,182
test_1444,105,100-150,300,94,104,104,104,0,0,149,0,174,0,0,0,0,0,105,104
test_1445,119,100-150,300,100,119,119,119,0,0,137,0,161,0,0,0,18,18,101,101
test_1446,178,150-300,300,77,154,154,154,0,0,280,0,295,0,0,0,74,60,104,94
test_1447,130,100-150,300,98,120,120,120,0,0,181,0,240,0,0,0,2,1,128,119
test_1448,177,150-300,300,99,177,177,177,0,0,185,0,204,0,0,0,10,10,167,167
test_1449,121,100-150,300,98,121,121,121,0,0,153,0,193,0,0,0,5,5,116,116
test_145,130,100-150,300,99,127,127,127,0,0,142,0,185,0,0,0,18,17,112,110
test_1450,125,100-150,300,99,124,124,124,0,0,136,0,167,0,1,0,2,2,122,122
test_1451,130,100-150,300,97,130,130,130,0,0,170,0,207,0,0,0,20,20,110,110
test_1452,117,100-150,300,99,117,117,117,0,0,134,0,148,0,0,0,4,4,113,113
test_1453,298,150-300,300,99,233,233,233,0,0,262,0,294,0,4,0,230,171,64,62
test_1454,107,100-150,300,89,105,105,105,0,0,136,0,167,0,0,0,2,2,105,103
test_1455,121,100-150,300,83,115,115,115,0,0,170,0,206,0,0,0,0,0,121,115
test_1456,133,100-150,300,98,132,132,132,0,0,150,0,175,0,0,0,3,3,130,129
test_1457,124,100-150,300,92,122,122,122,0,0,152,0,188,0,0,0,20,19,104,103
test_1458,154,150-300,300,97,151,151,151,0,0,193,0,211,0,0,0,17,17,137,134
test_1459,121,100-150,300,99,120,120,120,0,0,141,0,165,0,0,0,1,1,120,119
test_146,149,100-150,300,97,149,149,149,0,0,192,0,211,0,0,0,4,4,145,145
test_1460,143,100-150,300,97,134,134,134,0,0,187,0,251,0,0,0,28,23,115,111
test_1461,131,100-150,300,99,131,131,131,0,0,145,0,173,0,0,0,1,1,130,130
test_1462,153,150-300,300,100,148,148,148,0,0,174,0,226,0,0,0,23,22,130,126
test_1463,153,150-300,300,100,153,153,153,0,0,173,0,197,0,0,0,13,13,140,140
test_1464,134,100-150,300,99,130,130,130,0,0,146,0,164,0,0,0,13,10,121,120
test_1465,192,150-300,300,97,178,178,178,0,0,210,0,242,0,0,0,62,55,130,123
test_1466,142,100-150,300,95,141,141,141,0,0,256,0,282,0,0,0,73,72,69,69
test_1467,106,100-150,300,98,105,105,105,0,0,145,0,199,0,0,0,10,9,96,96
test_1468,116,100-150,300,100,116,116,116,0,0,125,0,160,0,0,0,6,6,110,110
test_1469,130,100-150,300,100,130,130,130,0,0,139,0,159,0,0,0,20,20,110,110
test_147,142,100-150,300,83,141,141,141,0,0,200,0,248,0,0,0,4,4,138,137
test_1470,135,100-150,300,98,134,134,134,0,0,148,0,175,0,0,0,9,8,126,126
test_1471,115,100-150,300,96,115,115,115,0,0,139,0,175,0,0,0,2,2,113,113
test_1472,141,100-150,300,98,134,134,134,0,0,181,0,226,0,0,0,35,29,106,105
test_1473,121,100-150,300,95,121,121,121,0,0,144,0,160,0,0,0,1,1,120,120
test_1474,150,150-300,300,100,146,146,146,0,0,176,0,218,0,0,0,20,17,130,129
test_1475,191,150-300,300,99,189,189,189,0,0,205,0,230,0,0,0,174,172,17,17
test_1476,155,150-300,300,91,147,147,147,0,0,201,0,248,0,0,0,26,24,129,123
test_1477,172,150-300,300,98,171,171,171,0,0,234,0,263,0,0,0,15,15,157,156
test_1478,129,100-150,300,97,129,129,129,0,0,158,0,183,0,0,0,3,3,126,126
test_1479,135,100-150,300,93,127,127,127,0,0,158,0,198,0,0,0,56,51,79,76
test_148,102,100-150,300,87,102,102,102,0,0,128,0,132,0,0,0,0,0,102,102
test_1480,111,100-150,300,93,109,109,109,0,0,163,0,223,0,0,0,0,0,111,109
test_1481,130,100-150,300,100,130,130,130,0,0,147,0,183,0,0,0,4,4,126,126
test_1482,201,150-300,300,100,201,201,201,0,0,221,0,244,0,0,0,20,20,181,181
test_1483,158,150-300,300,90,149,149,149,0,0,222,0,260,0,0,0,14,12,144,137
test_1484,238,150-300,300,74,129,129,129,0,0,247,0,297,0,0,0,52,9,186,120
test_1485,190,150-300,300,100,190,190,190,0,0,205,0,210,0,0,0,26,26,164,164
test_1486,124,100-150,300,98,124,124,124,0,0,161,0,197,0,0,0,20,20,104,104
test_1487,147,100-150,300,76,131,131,131,0,0,258,0,288,0,0,0,37,30,110,101
test_1488,122,100-150,300,97,120,120,120,0,0,155,0,208,0,0,0,9,9,113,111
test_1489,178,150-300,300,100,175,175,175,0,0,205,0,223,0,0,0,2,2,176,173
test_149,136,100-150,300,100,136,136,136,0,0,152,0,159,0,0,0,1,1,135,135
test_1490,140,100-150,300,100,140,140,140,0,0,163,0,198,0,0,0,0,0,140,140
test_1491,177,150-300,300,95,149,149,149,0,0,168,0,190,0,0,0,30,3,147,146
test_1492,132,100-150,300,99,125,125,125,0,0,164,0,212,0,0,0,34,32,98,93
test_1493,111,100-150,300,84,97,97,97,0,0,147,0,205,0,0,0,26,14,85,83
test_1494,120,100-150,300,97,118,118,118,0,0,158,0,205,0,0,0,4,3,116,115
test_1495,156,150-300,300,100,152,152,152,0,0,158,0,182,0,0,0,19,15,137,137
test_1496,243,150-300,300,100,240,240,240,0,0,276,0,297,0,0,0,4,4,239,236
test_1497,135,100-150,300,100,135,135,135,0,0,155,0,167,0,0,0,0,0,135,135
test_1498,103,100-150,300,92,98,98,98,0,0,151,0,206,0,0,0,11,8,92,90
test_1499,119,100-150,300,97,118,118,118,0,0,140,0,162,0,0,0,0,0,119,118
test_15,123,100-150,300,96,120,120,120,0,0,135,0,147,0,0,0,0,0,123,120
test_150,198,150-300,300,98,168,168,168,0,0,231,0,270,0,6,0,111,92,81,76
test_1500,129,100-150,300,97,129,129,129,0,0,159,0,204,0,0,0,16,16,113,113
test_1501,143,100-150,300,98,141,141,141,0,0,160,0,182,0,0,0,15,15,128,126
test_1502,138,100-150,300,94,134,134,134,0,0,209,0,234,0,0,0,9,9,129,125
test_1503,111,100-150,300,96,111,111,111,0,0,137,0,176,0,0,0,18,18,93,93
test_1504,114,100-150,300,77,114,114,114,0,0,289,0,298,0,0,0,17,17,97,97
test_1505,255,150-300,300,93,213,213,213,0,0,285,0,296,0,0,0,116,87,139,126
test_1506,229,150-300,300,98,226,226,226,0,0,288,0,297,0,0,0,30,30,199,196
test_1507,192,150-300,300,100,192,192,192,0,0,194,0,202,0,0,0,0,0,192,192
test_1508,118,100-150,300,95,114,114,114,0,0,143,0,191,0,0,0,15,11,103,103
test_1509,139,100-150,300,95,127,127,127,0,0,165,0,238,0,0,0,19,14,120,113
test_151,145,100-150,300,95,141,141,141,0,0,168,0,203,0,0,0,18,16,127,125
test_1510,121,100-150,300,97,121,121,121,0,0,141,0,172,0,0,0,1,1,120,120
test_1511,134,100-150,300,88,131,131,131,0,0,223,0,275,0,0,0,36,35,98,96
test_1512,158,150-300,300,98,144,144,144,0,0,230,0,259,0,0,0,11,8,147,136
test_1513,303,>=300,300,88,260,260,260,0,0,295,0,300,1,0,0,268,226,35,34
test_1514,174,150-300,300,100,172,172,172,0,0,207,0,243,0,0,0,38,36,136,136
test_1515,126,100-150,300,100,126,126,126,0,0,132,0,139,0,0,0,13,13,113,113
test_1516,108,100-150,300,97,108,108,108,0,0,139,0,174,0,0,0,8,8,100,100
test_1517,145,100-150,300,93,130,130,130,0,0,176,0,228,0,0,0,11,7,134,123
test_1518,165,150-300,300,98,163,163,163,0,0,186,0,211,0,0,0,28,28,137,135
test_1519,170,150-300,300,99,163,163,163,0,0,194,0,236,0,0,0,10,10,160,153
test_152,126,100-150,300,100,126,126,126,0,0,137,0,156,0,0,0,6,6,120,120
test_1520,146,100-150,300,98,143,143,143,0,0,162,0,197,0,0,0,9,7,137,136
test_1521,69,50-100,300,64,65,65,65,0,0,183,0,252,0,0,0,0,0,69,65
test_1522,168,150-300,300,96,157,157,157,0,0,192,0,221,0,0,0,55,50,113,107
test_1523,134,100-150,300,99,133,133,133,0,0,148,0,165,0,0,0,32,31,102,102
test_1524,130,100-150,300,87,127,127,127,0,0,161,0,196,0,0,0,84,81,46,46
test_1525,150,150-300,300,100,145,145,145,0,0,159,0,170,0,0,0,15,12,135,133
test_1526,155,150-300,300,100,155,155,155,0,0,176,0,184,0,0,0,3,3,152,152
test_1527,205,150-300,300,97,195,195,195,0,0,237,0,267,0,0,0,52,44,153,151
test_1528,176,150-300,300,100,172,172,172,0,0,206,0,241,0,0,0,40,36,136,136
test_1529,204,150-300,300,98,192,192,192,0,0,253,0,298,0,0,0,72,61,132,131
test_153,135,100-150,300,100,135,135,135,0,0,181,0,226,0,0,0,17,17,118,118
test_1530,106,100-150,300,96,103,103,103,0,0,145,0,175,0,0,0,0,0,106,103
test_1531,135,100-150,300,98,132,132,132,0,0,153,0,177,0,0,0,0,0,135,132
test_1532,116,100-150,300,96,111,111,111,0,0,178,0,206,0,0,0,11,10,105,101
test_1533,119,100-150,300,95,114,114,114,0,0,130,0,131,0,0,0,0,0,119,114
test_1534,155,150-300,300,100,153,153,153,0,0,175,0,208,0,0,0,20,19,135,134
test_1535,98,50-100,300,91,98,98,98,0,0,128,0,148,0,0,0,0,0,98,98
test_1536,162,150-300,300,96,153,153,153,0,0,220,0,254,0,0,0,14,14,148,139
test_1537,147,100-150,300,97,141,141,141,0,0,172,0,235,0,0,0,57,57,90,84
test_1538,131,100-150,300,94,131,131,131,0,0,168,0,224,0,0,0,5,5,126,126
test_1539,148,100-150,300,98,145,145,145,0,0,173,0,204,0,0,0,8,6,140,139
test_154,123,100-150,300,99,122,122,122,0,0,150,0,174,0,0,0,0,0,123,122
test_1540,104,100-150,300,87,103,103,103,0,0,261,0,274,0,0,0,18,17,86,86
test_1541,138,100-150,300,99,134,134,134,0,0,156,0,178,0,0,0,15,13,123,121
test_1542,209,150-300,300,100,205,205,205,0,0,234,0,255,0,0,0,30,28,179,177
test_1543,164,150-300,300,100,162,162,162,0,0,222,0,244,0,0,0,3,3,161,159
test_1544,98,50-100,300,79,96,96,96,0,0,211,0,243,0,0,0,20,20,78,76
test_1545,132,100-150,300,100,132,132,132,0,0,165,0,194,0,0,0,4,4,128,128
test_1546,109,100-150,300,94,108,108,108,0,0,139,0,170,0,0,0,10,10,99,98
test_1547,191,150-300,300,100,185,185,185,0,0,274,0,300,1,0,0,63,57,128,128
test_1548,256,150-300,300,100,224,224,224,0,0,261,0,290,0,0,0,109,84,147,140
test_1549,161,150-300,300,100,158,158,158,0,0,201,0,239,0,0,0,3,2,158,156
test_155,130,100-150,300,98,125,125,125,0,0,148,0,187,0,0,0,1,0,129,125
test_1550,171,150-300,300,99,170,170,170,0,0,269,0,293,0,0,0,99,98,72,72
test_1551,205,150-300,300,100,205,205,205,0,0,248,0,271,0,0,0,21,21,184,184
test_1552,119,100-150,300,84,113,113,113,0,0,172,0,217,0,0,0,49,46,70,67
test_1553,212,150-300,300,96,204,204,204,0,0,290,0,299,0,0,0,78,74,134,130
test_1554,145,100-150,300,95,141,141,141,0,0,174,0,197,0,0,0,42,41,103,100
test_1555,148,100-150,300,89,145,145,145,0,0,185,0,210,0,0,0,25,25,123,120
test_1556,128,100-150,300,100,128,128,128,0,0,140,0,164,0,0,0,2,2,126,126
test_1557,162,150-300,300,100,159,159,159,0,0,189,0,240,0,0,0,9,8,153,151
test_1558,180,150-300,300,99,177,177,177,0,0,194,0,239,0,0,0,10,8,170,169
test_1559,112,100-150,300,84,104,104,104,0,0,180,0,214,0,0,0,0,0,112,104
test_156,106,100-150,300,95,105,105,105,0,0,137,0,165,0,0,0,12,12,94,93
test_1560,120,100-150,300,98,117,117,117,0,0,169,0,226,0,0,0,7,7,113,110
test_1561,177,150-300,300,100,177,177,177,0,0,199,0,223,0,0,0,2,2,175,175
test_1562,127,100-150,300,97,125,125,125,0,0,153,0,163,0,0,0,13,11,114,114
test_1563,177,150-300,300,99,171,171,171,0,0,187,0,242,0,0,0,136,136,41,35
test_1564,96,50-100,300,84,88,88,88,0,0,175,0,266,0,0,0,4,1,92,87
test_1565,176,150-300,300,98,176,176,176,0,0,232,0,258,0,0,0,30,30,146,146
test_1566,163,150-300,300,93,158,158,158,0,0,176,0,210,0,0,0,60,59,103,99
test_1567,165,150-300,300,100,160,160,160,0,0,201,0,239,0,0,0,41,37,124,123
test_1568,176,150-300,300,100,173,173,173,0,0,186,0,225,0,0,0,0,0,176,173
test_1569,178,150-300,300,90,137,137,137,0,0,258,0,296,0,0,0,59,29,119,108
test_157,137,100-150,300,98,136,136,136,0,0,161,0,186,0,0,0,3,2,134,134
test_1570,209,150-300,300,99,209,209,209,0,0,232,0,252,0,0,0,0,0,209,209
test_1571,142,100-150,300,93,136,136,136,0,0,156,0,182,0,0,0,22,17,120,119
test_1572,142,100-150,300,99,139,139,139,0,0,180,0,220,0,0,0,6,6,136,133
test_1573,176,150-300,300,100,164,164,164,0,0,294,0,299,0,0,0,90,82,86,82
test_1574,143,100-150,300,96,133,133,133,0,0,174,0,224,0,0,0,40,39,103,94
test_1575,191,150-300,300,100,188,188,188,0,0,226,0,281,0,0,0,50,48,141,140
test_1576,149,100-150,300,98,147,147,147,0,0,190,0,243,0,0,0,69,68,80,79
test_1577,160,150-300,300,97,160,160,160,0,0,181,0,217,0,0,0,84,84,76,76
test_1578,125,100-150,300,95,120,120,120,0,0,141,0,194,0,0,0,41,38,84,82
test_1579,132,100-150,300,90,131,131,131,0,0,195,0,253,0,0,0,3,3,129,128
test_158,136,100-150,300,88,133,133,133,0,0,238,0,257,0,0,0,33,32,103,101
test_1580,135,100-150,300,90,127,127,127,0,0,185,0,249,0,0,0,12,9,123,118
test_1581,136,100-150,300,99,135,135,135,0,0,164,0,208,0,0,0,20,19,116,116
test_1582,132,100-150,300,99,123,123,123,0,0,286,0,298,0,0,0,20,20,112,103
test_1583,170,150-300,300,100,170,170,170,0,0,189,0,210,0,0,0,5,5,165,165
test_1584,165,150-300,300,92,148,148,148,0,0,240,0,277,0,0,0,73,65,92,83
test_1585,147,100-150,300,100,138,138,138,0,0,187,0,227,0,0,0,16,14,131,124
test_1586,129,100-150,300,88,122,122,122,0,0,214,0,258,0,0,0,62,58,67,64
test_1587,143,100-150,300,100,143,143,143,0,0,159,0,172,0,0,0,2,2,141,141
test_1588,164,150-300,300,100,164,164,164,0,0,176,0,179,0,0,0,0,0,164,164
test_1589,128,100-150,300,98,127,127,127,0,0,155,0,183,0,0,0,0,0,128,127
test_159,140,100-150,300,97,132,132,132,0,0,198,0,249,0,0,0,38,35,102,97
test_1590,122,100-150,300,99,121,121,121,0,0,149,0,192,0,0,0,4,4,118,117
test_1591,145,100-150,300,95,134,134,134,0,0,164,0,196,0,0,0,42,37,103,97
test_1592,156,150-300,300,98,154,154,154,0,0,184,0,214,0,0,0,9,9,147,145
test_1593,123,100-150,300,97,122,122,122,0,0,142,0,165,0,0,0,3,3,120,119
test_1594,109,100-150,300,95,109,109,109,0,0,126,0,182,0,0,0,1,1,108,108
test_1595,159,150-300,300,99,159,159,159,0,0,192,0,243,0,0,0,77,77,82,82
test_1596,118,100-150,300,99,117,117,117,0,0,143,0,171,0,0,0,4,4,114,113
test_1597,124,100-150,300,98,121,121,121,0,0,138,0,170,0,0,0,10,8,114,113
test_1599,109,100-150,300,97,109,109,109,0,0,150,0,177,0,0,0,0,0,109,109
test_16,68,50-100,300,55,58,58,58,0,0,223,0,249,0,0,0,3,3,65,55
test_160,115,100-150,300,91,105,105,105,0,0,191,0,271,0,0,0,4,2,111,103
test_1600,148,100-150,300,97,144,144,144,0,0,200,0,241,0,0,0,9,9,139,135
test_1601,189,150-300,300,99,176,176,176,0,0,221,0,253,0,0,0,104,91,85,85
test_1602,152,150-300,300,100,151,151,151,0,0,178,0,191,0,0,0,13,13,139,138
test_1603,118,100-150,300,98,116,116,116,0,0,182,0,230,0,0,0,25,25,93,91
test_1604,136,100-150,300,100,136,136,136,0,0,146,0,180,0,0,0,2,2,134,134
test_1605,117,100-150,300,100,117,117,117,0,0,135,0,157,0,0,0,4,4,113,113
test_1606,128,100-150,300,100,128,128,128,0,0,138,0,155,0,0,0,14,14,114,114
test_1607,204,150-300,300,90,181,181,181,0,0,240,0,271,0,0,0,116,95,88,86
test_1608,180,150-300,300,100,178,178,178,0,0,200,0,227,0,0,0,23,21,157,157
test_1609,121,100-150,300,95,116,116,116,0,0,204,0,269,0,0,0,8,7,113,109
test_161,122,100-150,300,95,120,120,120,0,0,166,0,203,0,0,0,12,12,110,108
test_1610,163,150-300,300,92,146,146,146,0,0,196,0,217,0,0,0,37,34,126,112
test_1611,180,150-300,300,100,180,180,180,0,0,198,0,241,0,0,0,5,5,175,175
test_1612,120,100-150,300,100,120,120,120,0,0,156,0,196,0,0,0,17,17,103,103
test_1613,136,100-150,300,100,136,136,136,0,0,162,0,177,0,0,0,0,0,136,136
test_1614,136,100-150,300,88,134,134,134,0,0,190,0,245,0,0,0,11,11,125,123
test_1615,296,150-300,300,89,233,233,233,0,0,297,0,300,1,1,1,190,132,105,100
test_1616,128,100-150,300,98,127,127,127,0,0,148,0,159,0,0,0,14,14,114,113
test_1617,84,50-100,300,29,83,83,83,0,0,166,0,201,0,0,0,55,54,29,29
test_1618,168,150-300,300,99,164,164,164,0,0,190,0,223,0,0,0,31,28,137,136
test_1619,106,100-150,300,89,100,100,100,0,0,135,0,188,0,0,0,1,1,105,99
test_162,141,100-150,300,97,141,141,141,0,0,177,0,193,0,0,0,2,2,139,139
test_1620,138,100-150,300,97,138,138,138,0,0,161,0,176,0,0,0,0,0,138,138
test_1621,135,100-150,300,98,134,134,134,0,0,168,0,197,0,0,0,8,7,127,127
test_1622,271,150-300,300,96,214,214,214,0,0,265,0,296,0,0,0,181,124,90,90
test_1623,278,150-300,300,98,242,242,242,0,0,273,0,296,0,5,1,234,204,39,37
test_1624,126,100-150,300,94,116,116,116,0,0,238,0,281,0,0,0,46,41,80,75
test_1625,140,100-150,300,100,139,139,139,0,0,156,0,192,0,0,0,1,0,139,139
test_1626,249,150-300,300,99,229,229,229,0,0,273,0,300,1,0,0,249,229,0,0
test_1627,135,100-150,300,100,129,129,129,0,0,197,0,239,0,0,0,7,7,128,122
test_1628,166,150-300,300,100,155,155,155,0,0,194,0,248,0,0,0,44,34,122,121
test_1629,132,100-150,300,99,131,131,131,0,0,155,0,176,0,0,0,19,19,113,112
test_163,189,150-300,300,100,187,187,187,0,0,207,0,227,0,0,0,9,8,180,179
test_1630,159,150-300,300,99,157,157,157,0,0,188,0,232,0,0,0,53,51,106,106
test_1631,136,100-150,300,100,133,133,133,0,0,147,0,174,0,1,0,16,14,119,119
test_1632,147,100-150,300,81,145,145,145,0,0,197,0,215,0,0,0,7,6,140,139
test_1633,173,150-300,300,97,165,165,165,0,0,219,0,256,0,0,0,32,25,141,140
test_1634,122,100-150,300,94,121,121,121,0,0,151,0,181,0,0,0,1,1,121,120
test_1635,172,150-300,300,98,172,172,172,0,0,207,0,237,0,0,0,54,54,118,118
test_1636,119,100-150,300,99,117,117,117,0,0,147,0,175,0,0,0,20,18,99,99
test_1637,123,100-150,300,98,121,121,121,0,0,161,0,214,0,0,0,3,3,120,118
test_1638,125,100-150,300,99,124,124,124,0,0,139,0,158,0,0,0,0,0,125,124
test_1639,139,100-150,300,100,139,139,139,0,0,149,0,170,0,0,0,17,17,122,122
test_164,154,150-300,300,89,149,149,149,0,0,220,0,256,0,0,0,24,21,130,128
test_1640,117,100-150,300,98,116,116,116,0,0,140,0,157,0,0,0,2,1,115,115
test_1641,130,100-150,300,99,123,123,123,0,0,156,0,219,0,0,0,6,3,124,120
test_1642,289,150-300,300,96,265,265,265,0,0,287,0,295,0,0,0,261,246,28,19
test_1643,149,100-150,300,100,149,149,149,0,0,164,0,179,0,0,0,27,27,122,122
test_1644,131,100-150,300,100,131,131,131,0,0,143,0,200,0,0,0,0,0,131,131
test_1645,197,150-300,300,94,182,182,182,0,0,264,0,289,0,0,0,64,51,133,131
test_1646,133,100-150,300,100,132,132,132,0,0,159,0,188,0,0,0,29,28,104,104
test_1647,152,150-300,300,98,143,143,143,0,0,189,0,226,0,0,0,24,22,128,121
test_1648,143,100-150,300,94,141,141,141,0,0,186,0,225,0,0,0,4,3,139,138
test_1649,135,100-150,300,99,134,134,134,0,0,178,0,228,0,0,0,10,10,125,124
test_165,181,150-300,300,100,181,181,181,0,0,185,0,206,0,0,0,0,0,181,181
test_1650,162,150-300,300,98,158,158,158,0,0,195,0,217,0,0,0,5,5,157,153
test_1651,174,150-300,300,74,139,139,139,0,0,255,0,292,0,20,17,100,76,54,46
test_1652,145,100-150,300,99,144,144,144,0,0,182,0,224,0,0,0,5,5,140,139
test_1653,166,150-300,300,79,143,143,143,0,0,202,0,235,0,0,0,80,59,86,84
test_1654,112,100-150,300,76,97,97,97,0,0,206,0,253,0,0,0,8,5,104,92
test_1656,137,100-150,300,95,137,137,137,0,0,156,0,173,0,0,0,0,0,137,137
test_1657,245,150-300,300,95,224,224,224,0,0,250,0,273,0,0,0,118,97,127,127
test_1658,147,100-150,300,99,147,147,147,0,0,198,0,231,0,0,0,1,1,146,146
test_1659,132,100-150,300,95,130,130,130,0,0,176,0,222,0,0,0,0,0,132,130
test_166,126,100-150,300,82,116,116,116,0,0,204,0,239,0,0,0,1,1,125,115
test_1660,148,100-150,300,94,145,145,145,0,0,181,0,215,0,0,0,60,59,88,86
test_1661,163,150-300,300,96,152,152,152,0,0,234,0,277,0,0,0,50,46,113,106
test_1662,183,150-300,300,98,182,182,182,0,0,226,0,251,0,0,0,42,41,141,141
test_1663,158,150-300,300,100,158,158,158,0,0,190,0,217,0,0,0,14,14,144,144
test_1664,118,100-150,300,96,117,117,117,0,0,159,0,213,0,0,0,13,13,105,104
test_1665,145,100-150,300,100,145,145,145,0,0,169,0,203,0,0,0,0,0,145,145
test_1666,91,50-100,300,77,86,86,86,0,0,152,0,199,0,0,0,16,14,75,72
test_1667,121,100-150,300,100,121,121,121,0,0,137,0,150,0,0,0,0,0,121,121
test_1668,162,150-300,300,97,153,153,153,0,0,228,0,262,0,0,0,34,28,128,125
test_1669,149,100-150,300,100,148,148,148,0,0,178,0,216,0,0,0,12,12,137,136
test_167,183,150-300,300,82,155,155,155,0,0,251,0,295,0,0,0,72,51,111,104
test_1670,153,150-300,300,59,112,112,112,0,0,235,0,283,0,0,0,4,0,149,112
test_1671,120,100-150,300,99,118,118,118,0,0,144,0,194,0,0,0,4,4,116,114
test_1672,53,50-100,300,51,52,52,52,0,0,211,0,266,0,0,0,2,2,51,50
test_1673,148,100-150,300,96,148,148,148,0,0,175,0,205,0,0,0,14,14,134,134
test_1674,173,150-300,300,99,170,170,170,0,0,199,0,227,0,0,0,11,8,162,162
test_1675,124,100-150,300,100,122,122,122,0,0,154,0,198,0,0,0,36,35,88,87
test_1676,186,150-300,300,100,186,186,186,0,0,193,0,198,0,0,0,0,0,186,186
test_1677,196,150-300,300,98,189,189,189,0,0,283,0,295,0,0,0,145,143,51,46
test_1678,116,100-150,300,94,115,115,115,0,0,162,0,186,0,0,0,0,0,116,115
test_1679,132,100-150,300,95,128,128,128,0,0,157,0,170,0,0,0,5,4,127,124
test_168,178,150-300,300,96,172,172,172,0,0,189,0,211,0,0,0,54,53,124,119
test_1680,151,150-300,300,86,150,150,150,0,0,181,0,212,0,0,0,15,15,136,135
test_1681,197,150-300,300,97,193,193,193,0,0,213,0,230,0,0,0,84,82,113,111
test_1682,188,150-300,300,95,182,182,182,0,0,258,0,278,0,0,0,42,39,146,143
test_1683,180,150-300,300,98,171,171,171,0,0,235,0,268,0,0,0,37,31,143,140
test_1684,244,150-300,300,99,234,234,234,0,0,263,0,294,0,0,0,167,161,77,73
test_1685,140,100-150,300,96,140,140,140,0,0,162,0,198,0,0,0,3,3,137,137
test_1686,113,100-150,300,94,112,112,112,0,0,168,0,212,0,0,0,5,5,108,107
test_1687,136,100-150,300,99,136,136,136,0,0,168,0,198,0,0,0,15,15,121,121
test_1688,142,100-150,300,100,142,142,142,0,0,163,0,177,0,0,0,0,0,142,142
test_1689,110,100-150,300,83,101,101,101,0,0,158,0,221,0,1,0,44,41,65,60
test_169,200,150-300,300,97,197,197,197,0,0,237,0,258,0,0,0,63,62,137,135
test_1690,151,150-300,300,99,151,151,151,0,0,172,0,199,0,0,0,105,105,46,46
test_1691,131,100-150,300,98,131,131,131,0,0,175,0,198,0,0,0,11,11,120,120
test_1692,274,150-300,300,100,251,251,251,0,0,272,0,288,0,0,0,40,19,234,232
test_1693,151,150-300,300,99,149,149,149,0,0,166,0,188,0,0,0,22,20,129,129
test_1694,178,150-300,300,92,172,172,172,0,0,248,0,285,0,0,0,87,85,91,87
test_1695,124,100-150,300,95,115,115,115,0,0,174,0,224,0,0,0,8,8,116,107
test_1696,140,100-150,300,98,138,138,138,0,0,172,0,212,0,0,0,30,28,110,110
test_1697,143,100-150,300,100,143,143,143,0,0,171,0,191,0,0,0,5,5,138,138
test_1698,313,>=300,300,100,272,272,272,0,0,295,0,300,1,0,0,55,48,258,224
test_1699,123,100-150,300,92,119,119,119,0,0,166,0,206,0,0,0,3,3,120,116
test_17,206,150-300,300,100,202,202,202,0,0,259,0,279,0,0,0,25,25,181,177
test_170,190,150-300,300,98,190,190,190,0,0,217,0,229,0,0,0,6,6,184,184
test_1700,138,100-150,300,98,138,138,138,0,0,159,0,189,0,0,0,26,26,112,112
test_1701,138,100-150,300,100,137,137,137,0,0,165,0,205,0,0,0,1,1,137,136
test_1702,82,50-100,300,67,73,73,73,0,0,128,0,232,0,0,0,11,5,71,68
test_1703,110,100-150,300,96,110,110,110,0,0,123,0,129,0,0,0,3,3,107,107
test_1704,133,100-150,300,98,133,133,133,0,0,161,0,193,0,0,0,2,2,131,131
test_1705,200,150-300,300,91,178,178,178,0,0,232,0,265,0,0,0,87,68,113,110
test_1706,163,150-300,300,100,163,163,163,0,0,165,0,167,0,0,0,5,5,158,158
test_1707,155,150-300,300,99,147,147,147,0,0,174,0,190,0,0,0,9,6,146,141
test_1708,173,150-300,300,96,173,173,173,0,0,206,0,217,0,0,0,0,0,173,173
test_1709,129,100-150,300,100,128,128,128,0,0,148,0,165,0,1,0,28,28,100,100
test_171,225,150-300,300,95,202,202,202,0,0,260,0,289,0,0,0,68,55,157,147
test_1710,302,>=300,300,98,245,245,245,0,0,297,0,300,1,0,0,147,97,155,148
test_1711,129,100-150,300,100,128,128,128,0,0,158,0,197,0,0,0,15,15,114,113
test_1712,170,150-300,300,99,167,167,167,0,0,196,0,230,0,0,0,28,26,142,141
test_1713,120,100-150,300,89,107,107,107,0,0,155,0,210,0,0,0,27,21,93,86
test_1714,122,100-150,300,100,121,121,121,0,0,147,0,188,0,0,0,11,10,111,111
test_1715,152,150-300,300,100,148,148,148,0,0,188,0,230,0,0,0,16,14,136,134
test_1716,171,150-300,300,98,152,152,152,0,0,192,0,251,0,0,0,66,49,105,103
test_1717,154,150-300,300,98,152,152,152,0,0,185,0,214,0,0,0,6,6,148,146
test_1718,150,150-300,300,86,131,131,131,0,0,216,0,244,0,0,0,1,0,149,131
test_1719,131,100-150,300,96,131,131,131,0,0,159,0,193,0,0,0,4,4,127,127
test_172,185,150-300,300,100,172,172,172,0,0,214,0,261,0,0,0,44,31,141,141
test_1720,92,50-100,300,84,87,87,87,0,0,143,0,218,0,0,0,2,2,90,85
test_1721,143,100-150,300,98,142,142,142,0,0,192,0,220,0,0,0,29,29,114,113
test_1722,116,100-150,300,97,116,116,116,0,0,126,0,151,0,0,0,0,0,116,116
test_1723,115,100-150,300,99,110,110,110,0,0,133,0,193,0,0,0,7,6,108,104
test_1724,123,100-150,300,95,123,123,123,0,0,139,0,143,0,0,0,0,0,123,123
test_1725,101,100-150,300,64,75,75,75,0,0,144,0,225,0,0,0,40,22,61,53
test_1726,175,150-300,300,100,173,173,173,0,0,199,0,226,0,0,0,21,19,154,154
test_1727,115,100-150,300,80,110,110,110,0,0,197,0,260,0,0,0,33,28,82,82
test_1728,184,150-300,300,100,184,184,184,0,0,191,0,202,0,0,0,9,9,175,175
test_1729,315,>=300,300,100,296,296,296,0,0,299,0,300,1,0,0,215,196,100,100
test_173,122,100-150,300,100,122,122,122,0,0,134,0,145,0,0,0,0,0,122,122
test_1730,116,100-150,300,97,115,115,115,0,0,149,0,172,0,0,0,9,8,107,107
test_1731,124,100-150,300,87,116,116,116,0,0,189,0,215,0,0,0,3,1,121,115
test_1732,113,100-150,300,99,113,113,113,0,0,128,0,193,0,0,0,9,9,104,104
test_1733,132,100-150,300,100,131,131,131,0,0,152,0,187,0,0,0,1,1,131,130
test_1734,117,100-150,300,96,114,114,114,0,0,154,0,219,0,0,0,1,1,116,113
test_1735,130,100-150,300,100,130,130,130,0,0,139,0,145,0,0,0,0,0,130,130
test_1736,266,150-300,300,99,259,259,259,0,0,269,0,294,0,0,0,110,103,156,156
test_1737,130,100-150,300,98,130,130,130,0,0,161,0,187,0,0,0,2,2,128,128
test_1738,131,100-150,300,93,125,125,125,0,0,162,0,186,0,0,0,15,10,116,115
test_1739,124,100-150,300,100,124,124,124,0,0,152,0,176,0,0,0,0,0,124,124
test_174,119,100-150,300,99,118,118,118,0,0,146,0,199,0,0,0,3,3,116,115
test_1740,118,100-150,300,98,118,118,118,0,0,135,0,169,0,0,0,5,5,113,113
test_1741,163,150-300,300,98,162,162,162,0,0,189,0,225,0,0,0,43,42,120,120
test_1742,122,100-150,300,99,121,121,121,0,0,158,0,187,0,0,0,0,0,122,121
test_1743,197,150-300,300,99,195,195,195,0,0,238,0,253,0,0,0,6,6,191,189
test_1744,137,100-150,300,99,134,134,134,0,0,175,0,224,0,0,0,7,6,130,128
test_1745,115,100-150,300,95,101,101,101,0,0,284,0,298,0,0,0,1,0,114,101
test_1746,131,100-150,300,96,129,129,129,0,0,171,0,203,0,0,0,41,40,90,89
test_1747,124,100-150,300,97,119,119,119,0,0,197,0,245,0,0,0,12,12,112,107
test_1748,131,100-150,300,99,128,128,128,0,0,146,0,194,0,0,0,9,9,122,119
test_1749,197,150-300,300,88,176,176,176,0,0,270,0,288,0,0,0,134,123,63,53
test_175,198,150-300,300,99,194,194,194,0,0,205,0,214,0,0,0,52,48,146,146
test_1750,114,100-150,300,96,114,114,114,0,0,137,0,171,0,0,0,3,3,111,111
test_1751,90,50-100,300,83,84,84,84,0,0,258,0,279,0,0,0,2,2,88,82
test_1752,126,100-150,300,100,126,126,126,0,0,146,0,198,0,0,0,0,0,126,126
test_1753,165,150-300,300,97,165,165,165,0,0,199,0,232,0,0,0,26,26,139,139
test_1754,124,100-150,300,96,123,123,123,0,0,141,0,155,0,0,0,8,8,116,115
test_1755,226,150-300,300,100,220,220,220,0,0,253,0,292,0,0,0,0,0,226,220
test_1756,120,100-150,300,100,120,120,120,0,0,152,0,170,0,0,0,0,0,120,120
test_1757,128,100-150,300,96,128,128,128,0,0,143,0,164,0,0,0,11,11,117,117
test_1758,248,150-300,300,99,243,243,243,0,0,276,0,288,0,0,0,34,32,214,211
test_1759,170,150-300,300,100,168,168,168,0,0,216,0,252,0,0,0,22,20,148,148
test_176,374,>=300,300,100,285,285,285,0,0,297,0,300,1,0,0,271,185,103,100
test_1760,121,100-150,300,99,121,121,121,0,0,132,0,165,0,0,0,3,3,118,118
test_1761,128,100-150,300,100,126,126,126,0,0,151,0,186,0,0,0,18,17,110,109
test_1762,94,50-100,300,85,91,91,91,0,0,147,0,204,0,0,0,15,15,79,76
test_1763,137,100-150,300,94,133,133,133,0,0,161,0,191,0,0,0,19,17,118,116
test_1764,124,100-150,300,98,124,124,124,0,0,150,0,174,0,0,0,4,4,120,120
test_1765,132,100-150,300,90,115,115,115,0,0,224,0,276,0,0,0,0,0,132,115
test_1766,153,150-300,300,100,153,153,153,0,0,168,0,190,0,0,0,16,16,137,137
test_1767,117,100-150,300,99,117,117,117,0,0,132,0,145,0,0,0,1,1,116,116
test_1768,248,150-300,300,99,211,211,211,0,0,250,0,289,0,0,0,193,158,55,53
test_1769,142,100-150,300,94,139,139,139,0,0,169,0,195,0,0,0,3,2,139,137
test_177,124,100-150,300,98,124,124,124,0,0,133,0,135,0,0,0,2,2,122,122
test_1770,198,150-300,300,75,137,137,137,0,0,228,0,273,0,16,0,103,59,79,78
test_1771,60,50-100,300,54,57,57,57,0,0,182,0,256,0,0,0,11,11,49,46
test_1772,136,100-150,300,33,50,50,50,0,0,60,0,100,0,0,0,58,4,78,46
test_1773,128,100-150,300,91,122,122,122,0,0,187,0,224,0,0,0,10,5,118,117
test_1774,120,100-150,300,100,119,119,119,0,0,133,0,188,0,0,0,8,8,112,111
test_1775,137,100-150,300,99,136,136,136,0,0,167,0,208,0,0,0,34,34,103,102
test_1776,128,100-150,300,95,124,124,124,0,0,269,0,292,0,0,0,91,87,37,37
test_1777,169,150-300,300,98,162,162,162,0,0,249,0,271,0,0,0,81,76,88,86
test_1778,106,100-150,300,100,106,106,106,0,0,114,0,134,0,0,0,0,0,106,106
test_1779,150,150-300,300,99,149,149,149,0,0,187,0,224,0,0,0,6,6,144,143
test_1780,236,150-300,300,99,227,227,227,0,0,278,0,297,0,0,0,1,1,235,226
test_1781,131,100-150,300,97,128,128,128,0,0,167,0,199,0,0,0,52,51,79,77
test_1782,130,100-150,300,98,129,129,129,0,0,171,0,194,0,0,0,4,3,126,126
test_1783,152,150-300,300,100,143,143,143,0,0,186,0,234,0,0,0,12,11,140,132
test_1784,147,100-150,300,95,134,134,134,0,0,181,0,231,0,0,0,11,7,136,127
test_1785,118,100-150,300,97,116,116,116,0,0,155,0,182,0,0,0,24,23,94,93
test_1786,238,150-300,300,99,234,234,234,0,0,251,0,269,0,0,0,54,53,184,181
test_1787,137,100-150,300,99,132,132,132,0,0,174,0,210,0,0,0,31,28,106,104
test_1788,118,100-150,300,97,118,118,118,0,0,154,0,197,0,0,0,3,3,115,115
test_1789,127,100-150,300,94,127,127,127,0,0,170,0,202,0,0,0,17,17,110,110
test_179,114,100-150,300,78,105,105,105,0,0,202,0,246,0,0,0,26,22,88,83
test_1790,166,150-300,300,99,166,166,166,0,0,201,0,218,0,0,0,39,39,127,127
test_1791,157,150-300,300,98,145,145,145,0,0,199,0,262,0,0,0,102,92,55,53
test_1792,125,100-150,300,97,120,120,120,0,0,161,0,199,0,0,0,4,2,121,118
test_1793,155,150-300,300,99,150,150,150,0,0,180,0,217,0,0,0,23,20,132,130
test_1794,122,100-150,300,84,116,116,116,0,0,163,0,179,0,0,0,2,1,120,115
test_1795,148,100-150,300,98,148,148,148,0,0,159,0,164,0,0,0,19,19,129,129
test_1797,143,100-150,300,98,132,132,132,0,0,148,0,180,0,0,0,10,5,133,127
test_1798,145,100-150,300,95,145,145,145,0,0,173,0,175,0,0,0,32,32,113,113
test_1799,142,100-150,300,100,140,140,140,0,0,167,0,208,0,0,0,24,23,118,117
test_18,121,100-150,300,95,118,118,118,0,0,158,0,201,0,0,0,1,1,120,117
test_180,110,100-150,300,93,110,110,110,0,0,134,0,198,0,0,0,19,19,91,91
test_1800,113,100-150,300,98,111,111,111,0,0,147,0,187,0,0,0,11,10,102,101
test_1801,153,150-300,300,98,147,147,147,0,0,192,0,234,0,0,0,85,80,68,67
test_1802,212,150-300,300,100,202,202,202,0,0,278,0,292,0,0,0,5,4,207,198
test_1803,178,150-300,300,95,163,163,163,0,0,261,0,290,0,0,0,78,75,100,88
test_1804,132,100-150,300,97,128,128,128,0,0,164,0,209,0,0,0,27,26,105,102
test_1805,136,100-150,300,94,121,121,121,0,0,205,0,254,0,0,0,0,0,136,121
test_1806,123,100-150,300,95,119,119,119,0,0,167,0,209,0,0,0,54,52,69,67
test_1807,124,100-150,300,99,118,118,118,0,0,156,0,187,0,0,0,68,68,56,50
test_1808,193,150-300,300,95,182,182,182,0,0,246,0,277,0,3,1,148,141,42,40
test_1809,162,150-300,300,74,130,130,130,0,0,209,0,235,0,0,0,6,1,156,129
test_181,137,100-150,300,100,134,134,134,0,0,147,0,177,0,0,0,28,26,109,108
test_1810,129,100-150,300,99,125,125,125,0,0,148,0,165,0,0,0,1,1,128,124
test_1811,151,150-300,300,98,150,150,150,0,0,174,0,202,0,0,0,8,8,143,142
test_1812,169,150-300,300,99,169,169,169,0,0,193,0,202,0,0,0,9,9,160,160
test_1813,145,100-150,300,100,143,143,143,0,0,163,0,182,0,0,0,14,12,131,131
test_1814,129,100-150,300,98,125,125,125,0,0,177,0,203,0,0,0,8,8,121,117
test_1815,161,150-300,300,98,138,138,138,0,0,228,0,264,0,0,0,18,6,143,132
test_1816,115,100-150,300,98,115,115,115,0,0,153,0,184,0,0,0,1,1,114,114
test_1817,151,150-300,300,100,151,151,151,0,0,167,0,184,0,0,0,2,2,149,149
test_1818,166,150-300,300,99,162,162,162,0,0,202,0,235,0,1,0,26,25,139,137
test_1819,117,100-150,300,89,117,117,117,0,0,133,0,173,0,0,0,0,0,117,117
test_182,124,100-150,300,98,121,121,121,0,0,165,0,185,0,0,0,0,0,124,121
test_1820,135,100-150,300,98,135,135,135,0,0,165,0,217,0,0,0,19,19,116,116
test_1821,129,100-150,300,100,129,129,129,0,0,164,0,200,0,0,0,2,2,127,127
test_1822,172,150-300,300,99,170,170,170,0,0,215,0,259,0,0,0,91,89,81,81
test_1823,134,100-150,300,97,130,130,130,0,0,161,0,223,0,0,0,25,22,109,108
test_1824,141,100-150,300,99,140,140,140,0,0,170,0,228,0,0,0,28,28,113,112
test_1825,128,100-150,300,97,128,128,128,0,0,142,0,181,0,0,0,63,63,65,65
test_1826,149,100-150,300,81,116,116,116,0,0,217,0,289,0,0,0,19,18,130,98
test_1827,161,150-300,300,98,146,146,146,0,0,191,0,257,0,0,0,1,0,160,146
test_1828,120,100-150,300,100,117,117,117,0,0,140,0,168,0,0,0,6,3,114,114
test_1829,117,100-150,300,99,115,115,115,0,0,162,0,184,0,0,0,0,0,117,115
test_183,164,150-300,300,99,161,161,161,0,0,170,0,203,0,0,0,91,88,73,73
test_1830,137,100-150,300,100,137,137,137,0,0,173,0,223,0,0,0,7,7,130,130
test_1831,119,100-150,300,98,119,119,119,0,0,145,0,199,0,60,60,59,59,0,0
test_1832,127,100-150,300,94,119,119,119,0,0,180,0,217,0,0,0,30,26,97,93
test_1833,113,100-150,300,91,106,106,106,0,0,142,0,176,0,0,0,3,1,110,105
test_1834,169,150-300,300,90,168,168,168,0,0,221,0,235,0,0,0,4,3,165,165
test_1835,98,50-100,300,83,89,89,89,0,0,162,0,206,0,0,0,0,0,98,89
test_1836,113,100-150,300,91,107,107,107,0,0,145,0,163,0,0,0,5,5,108,102
test_1837,128,100-150,300,96,127,127,127,0,0,165,0,178,0,0,0,2,2,126,125
test_1838,108,100-150,300,98,101,101,101,0,0,144,0,158,0,0,0,1,1,107,100
test_1839,124,100-150,300,99,124,124,124,0,0,156,0,195,0,0,0,1,1,123,123
test_184,154,150-300,300,70,79,79,79,0,0,295,0,299,0,0,0,34,15,120,64
test_1840,122,100-150,300,99,122,122,122,0,0,134,0,141,0,0,0,25,25,97,97
test_1841,129,100-150,300,87,122,122,122,0,0,195,0,236,0,0,0,9,9,120,113
test_1842,138,100-150,300,100,137,137,137,0,0,160,0,183,0,0,0,7,7,131,130
test_1843,100,100-150,300,97,100,100,100,0,0,132,0,157,0,0,0,0,0,100,100
test_1844,132,100-150,300,100,132,132,132,0,0,136,0,156,0,0,0,0,0,132,132
test_1845,116,100-150,300,96,113,113,113,0,0,138,0,165,0,0,0,19,17,97,96
test_1846,131,100-150,300,98,130,130,130,0,0,156,0,178,0,0,0,0,0,131,130
test_1847,132,100-150,300,100,132,132,132,0,0,156,0,176,0,0,0,0,0,132,132
test_1848,209,150-300,300,94,201,201,201,0,0,225,0,245,0,1,0,1,1,207,200
test_1849,150,150-300,300,96,141,141,141,0,0,165,0,201,0,0,0,11,10,139,131
test_185,144,100-150,300,100,140,140,140,0,0,165,0,206,0,0,0,11,8,133,132
test_1850,150,150-300,300,100,150,150,150,0,0,173,0,243,0,0,0,0,0,150,150
test_1851,117,100-150,300,96,112,112,112,0,0,147,0,190,0,0,0,46,44,71,68
test_1852,165,150-300,300,99,164,164,164,0,0,177,0,210,0,0,0,67,67,98,97
test_1853,142,100-150,300,100,141,141,141,0,0,165,0,194,0,0,0,37,37,105,104
test_1854,123,100-150,300,96,114,114,114,0,0,162,0,216,0,0,0,24,16,99,98
test_1855,119,100-150,300,72,104,104,104,0,0,199,0,272,0,0,0,32,28,87,76
test_1856,115,100-150,300,100,114,114,114,0,0,129,0,137,0,0,0,0,0,115,114
test_1857,119,100-150,300,97,114,114,114,0,0,136,0,154,0,0,0,0,0,119,114
test_1858,125,100-150,300,83,110,110,110,0,0,258,0,290,0,0,0,42,33,83,77
test_1859,140,100-150,300,95,133,133,133,0,0,204,0,234,0,0,0,13,13,127,120
test_186,370,>=300,300,100,286,286,286,0,0,297,0,300,1,0,0,45,31,325,255
test_1860,132,100-150,300,97,126,126,126,0,0,174,0,224,0,0,0,31,26,101,100
test_1861,222,150-300,300,97,188,188,188,0,0,244,0,288,0,0,0,3,2,219,186
test_1862,173,150-300,300,98,169,169,169,0,0,210,0,244,0,0,0,4,4,169,165
test_1863,201,150-300,300,96,194,194,194,0,0,239,0,265,0,0,0,56,54,145,140
test_1864,124,100-150,300,94,120,120,120,0,0,138,0,163,0,0,0,6,5,118,115
test_1865,110,100-150,300,88,101,101,101,0,0,146,0,197,0,0,0,35,26,75,75
test_1866,121,100-150,300,99,121,121,121,0,0,130,0,135,0,0,0,0,0,121,121
test_1867,217,150-300,300,100,211,211,211,0,0,245,0,261,0,0,0,8,5,209,206
test_1868,271,150-300,300,100,249,249,249,0,0,289,0,298,0,0,0,141,125,130,124
test_1869,124,100-150,300,99,124,124,124,0,0,142,0,180,0,0,0,3,3,121,121
test_187,245,150-300,300,100,202,202,202,0,0,252,0,275,0,0,0,184,146,61,56
test_1870,136,100-150,300,98,134,134,134,0,0,171,0,218,0,0,0,19,18,117,116
test_1871,175,150-300,300,98,171,171,171,0,0,201,0,230,0,0,0,1,1,174,170
test_1872,127,100-150,300,96,122,122,122,0,0,144,0,179,0,0,0,43,41,84,81
test_1873,148,100-150,300,97,140,140,140,0,0,160,0,205,0,0,0,13,13,135,127
test_1874,228,150-300,300,97,197,197,197,0,0,278,0,293,0,1,0,132,109,95,88
test_1875,118,100-150,300,97,117,117,117,0,0,152,0,198,0,0,0,16,16,102,101
test_1876,179,150-300,300,97,174,174,174,0,0,243,0,275,0,0,0,55,52,124,122
test_1877,128,100-150,300,98,123,123,123,0,0,218,0,264,0,0,0,90,87,38,36
test_1878,115,100-150,300,93,102,102,102,0,0,129,0,200,0,0,0,5,3,110,99
test_1879,172,150-300,300,97,168,168,168,0,0,216,0,251,0,0,0,10,7,162,161
test_188,133,100-150,300,97,127,127,127,0,0,151,0,163,0,0,0,0,0,133,127
test_1880,122,100-150,300,99,121,121,121,0,0,138,0,157,0,0,0,1,1,121,120
test_1881,117,100-150,300,94,116,116,116,0,0,165,0,217,0,0,0,13,13,104,103
test_1882,197,150-300,300,99,193,193,193,0,0,228,0,244,0,0,0,81,79,116,114
test_1883,118,100-150,300,93,116,116,116,0,0,165,0,205,0,0,0,18,17,100,99
test_1884,93,50-100,300,75,83,83,83,0,0,267,0,293,0,0,0,1,1,92,82
test_1885,128,100-150,300,99,126,126,126,0,0,155,0,198,0,0,0,3,3,125,123
test_1886,138,100-150,300,100,138,138,138,0,0,152,0,172,0,0,0,13,13,125,125
test_1887,200,150-300,300,99,199,199,199,0,0,223,0,247,0,0,0,77,76,123,123
test_1888,115,100-150,300,94,106,106,106,0,0,282,0,298,0,0,0,10,10,105,96
test_1889,197,150-300,300,100,192,192,192,0,0,207,0,262,0,0,0,0,0,197,192
test_189,128,100-150,300,100,128,128,128,0,0,158,0,213,0,0,0,33,33,95,95
test_1890,181,150-300,300,95,174,174,174,0,0,225,0,254,0,0,0,83,78,98,96
test_1891,153,150-300,300,96,152,152,152,0,0,171,0,175,0,0,0,7,6,146,146
test_1892,153,150-300,300,95,149,149,149,0,0,174,0,207,0,0,0,9,9,144,140
test_1893,157,150-300,300,84,146,146,146,0,0,289,0,300,1,0,0,120,110,37,36
test_1894,148,100-150,300,82,139,139,139,0,0,152,0,198,0,0,0,2,2,146,137
test_1895,128,100-150,300,75,119,119,119,0,0,181,0,207,0,0,0,16,13,112,106
test_1896,94,50-100,300,84,89,89,89,0,0,270,0,291,0,0,0,0,0,94,89
test_1897,138,100-150,300,98,133,133,133,0,0,165,0,192,0,0,0,74,69,64,64
test_1898,140,100-150,300,97,138,138,138,0,0,170,0,192,0,0,0,25,25,115,113
test_1899,156,150-300,300,99,154,154,154,0,0,201,0,238,0,0,0,3,3,153,151
test_19,151,150-300,300,100,151,151,151,0,0,158,0,211,0,0,0,0,0,151,151
test_190,281,150-300,300,97,238,238,238,0,0,299,0,300,1,0,0,144,107,137,131
test_1900,140,100-150,300,88,132,132,132,0,0,199,0,232,0,0,0,76,76,64,56
test_1901,137,100-150,300,100,129,129,129,0,0,148,0,194,0,0,0,8,3,129,126
test_1902,136,100-150,300,98,132,132,132,0,0,155,0,196,0,0,0,12,12,124,120
test_1903,133,100-150,300,99,133,133,133,0,0,144,0,147,0,0,0,1,1,132,132
test_1904,131,100-150,300,99,130,130,130,0,0,143,0,159,0,0,0,7,6,124,124
test_1905,135,100-150,300,99,134,134,134,0,0,153,0,182,0,0,0,22,21,113,113
test_1906,116,100-150,300,96,115,115,115,0,0,169,0,187,0,0,0,3,3,113,112
test_1907,171,150-300,300,98,156,156,156,0,0,233,0,265,0,0,0,49,39,122,117
test_1908,129,100-150,300,100,129,129,129,0,0,148,0,168,0,0,0,2,2,127,127
test_1909,153,150-300,300,100,152,152,152,0,0,190,0,213,0,0,0,12,12,141,140
test_191,114,100-150,300,90,108,108,108,0,0,187,0,241,0,0,0,14,14,100,94
test_1910,119,100-150,300,98,116,116,116,0,0,142,0,222,0,0,0,3,3,116,113
test_1911,129,100-150,300,96,127,127,127,0,0,146,0,173,0,0,0,28,26,101,101
test_1912,119,100-150,300,100,118,118,118,0,0,130,0,158,0,0,0,5,4,114,114
test_1913,153,150-300,300,98,148,148,148,0,0,193,0,233,0,0,0,14,12,139,136
test_1914,147,100-150,300,98,143,143,143,0,0,198,0,253,0,0,0,8,8,139,135
test_1915,142,100-150,300,96,142,142,142,0,0,175,0,206,0,0,0,2,2,140,140
test_1916,143,100-150,300,96,141,141,141,0,0,172,0,200,0,0,0,10,10,133,131
test_1917,154,150-300,300,100,154,154,154,0,0,169,0,183,0,0,0,4,4,150,150
test_1918,165,150-300,300,100,159,159,159,0,0,173,0,200,0,0,0,102,98,63,61
test_1919,123,100-150,300,97,123,123,123,0,0,142,0,164,0,0,0,14,14,109,109
test_192,120,100-150,300,100,120,120,120,0,0,139,0,169,0,0,0,51,51,69,69
test_1920,131,100-150,300,100,127,127,127,0,0,158,0,168,0,0,0,0,0,131,127
test_1921,203,150-300,300,100,199,199,199,0,0,245,0,274,0,0,0,54,52,149,147
test_1922,134,100-150,300,99,131,131,131,0,0,177,0,202,0,0,0,9,9,125,122
test_1923,121,100-150,300,100,118,118,118,0,0,136,0,146,0,0,0,0,0,121,118
test_1924,139,100-150,300,97,139,139,139,0,0,171,0,209,0,0,0,0,0,139,139
test_1925,136,100-150,300,92,134,134,134,0,0,180,0,210,0,1,0,0,0,135,134
test_1926,185,150-300,300,99,184,184,184,0,0,220,0,239,0,0,0,48,48,137,136
test_1927,144,100-150,300,97,138,138,138,0,0,189,0,231,0,0,0,6,3,138,135
test_1928,180,150-300,300,98,165,165,165,0,0,249,0,290,0,0,0,103,90,77,75
test_1929,163,150-300,300,80,136,136,136,0,0,227,0,287,0,0,0,91,67,72,69
test_193,36,<50,300,29,30,30,30,0,0,167,0,266,0,0,0,0,0,36,30
test_1930,132,100-150,300,100,130,130,130,0,0,157,0,192,0,0,0,1,1,131,129
test_1931,241,150-300,300,96,229,229,229,0,0,280,0,291,0,0,0,31,24,210,205
test_1932,130,100-150,300,100,130,130,130,0,0,142,0,155,0,0,0,2,2,128,128
test_1933,127,100-150,300,100,127,127,127,0,0,150,0,189,0,0,0,3,3,124,124
test_1934,155,150-300,300,96,150,150,150,0,0,178,0,224,0,0,0,28,27,127,123
test_1935,134,100-150,300,100,134,134,134,0,0,143,0,154,0,0,0,35,35,99,99
test_1936,147,100-150,300,100,147,147,147,0,0,158,0,164,0,0,0,10,10,137,137
test_1937,140,100-150,300,99,135,135,135,0,0,172,0,231,0,0,0,11,9,129,126
test_1938,203,150-300,300,95,191,191,191,0,0,243,0,285,0,0,0,46,44,157,147
test_1939,140,100-150,300,99,139,139,139,0,0,164,0,203,0,0,0,3,3,137,136
test_194,118,100-150,300,95,117,117,117,0,0,151,0,180,0,0,0,8,7,110,110
test_1940,159,150-300,300,100,159,159,159,0,0,172,0,187,0,0,0,9,9,150,150
test_1941,325,>=300,300,99,289,289,289,0,0,297,0,299,0,0,0,159,128,166,161
test_1942,130,100-150,300,96,127,127,127,0,0,152,0,184,0,0,0,2,1,128,126
test_1943,117,100-150,300,74,103,103,103,0,0,255,0,286,0,0,0,41,28,76,75
test_1944,171,150-300,300,97,168,168,168,0,0,210,0,252,0,0,0,2,0,169,168
test_1945,156,150-300,300,99,147,147,147,0,0,183,0,240,0,0,0,16,10,140,137
test_1946,155,150-300,300,100,151,151,151,0,0,190,0,213,0,0,0,10,9,145,142
test_1947,107,100-150,300,97,104,104,104,0,0,165,0,217,0,0,0,2,2,105,102
test_1948,128,100-150,300,86,113,113,113,0,0,174,0,205,0,0,0,13,13,115,100
test_1949,116,100-150,300,96,115,115,115,0,0,140,0,193,0,0,0,0,0,116,115
test_195,141,100-150,300,95,141,141,141,0,0,179,0,202,0,0,0,12,12,129,129
test_1950,184,150-300,300,97,181,181,181,0,0,210,0,210,0,0,0,0,0,184,181
test_1951,125,100-150,300,95,118,118,118,0,0,156,0,211,0,0,0,10,6,115,112
test_1952,152,150-300,300,59,106,106,106,0,0,235,0,292,0,0,0,18,4,134,102
test_1953,170,150-300,300,100,169,169,169,0,0,181,0,192,0,0,0,19,18,151,151
test_1954,188,150-300,300,99,187,187,187,0,0,213,0,236,0,0,0,13,13,175,174
test_1955,122,100-150,300,98,122,122,122,0,0,137,0,149,0,0,0,6,6,116,116
test_1956,221,150-300,300,99,219,219,219,0,0,256,0,274,0,0,0,37,36,184,183
test_1957,108,100-150,300,85,99,99,99,0,0,180,0,232,0,0,0,31,28,77,71
test_1958,153,150-300,300,100,148,148,148,0,0,169,0,191,0,0,0,10,5,143,143
test_1959,187,150-300,300,98,187,187,187,0,0,211,0,225,0,0,0,7,7,180,180
test_196,231,150-300,300,100,227,227,227,0,0,256,0,286,0,0,0,96,95,135,132
test_1960,139,100-150,300,98,138,138,138,0,0,170,0,194,0,0,0,11,11,128,127
test_1961,114,100-150,300,99,114,114,114,0,0,120,0,125,0,0,0,1,1,113,113
test_1962,272,150-300,300,100,245,245,245,0,0,283,0,297,0,0,0,81,56,191,189
test_1963,162,150-300,300,98,159,159,159,0,0,182,0,220,0,0,0,6,6,156,153
test_1964,140,100-150,300,97,136,136,136,0,0,179,0,231,0,0,0,18,18,122,118
test_1965,89,50-100,300,81,83,83,83,0,0,119,0,154,0,0,0,0,0,89,83
test_1966,357,>=300,300,100,280,280,280,0,0,298,0,300,1,0,0,298,233,59,47
test_1967,129,100-150,300,100,127,127,127,0,0,159,0,177,0,0,0,8,7,121,120
test_1968,132,100-150,300,99,131,131,131,0,0,170,0,226,0,0,0,30,30,102,101
test_1969,177,150-300,300,100,172,172,172,0,0,209,0,229,0,0,0,14,13,163,159
test_197,105,100-150,300,82,103,103,103,0,0,213,0,232,0,0,0,5,4,100,99
test_1970,183,150-300,300,100,181,181,181,0,0,209,0,231,0,0,0,14,14,169,167
test_1971,180,150-300,300,99,176,176,176,0,0,206,0,226,0,0,0,75,73,105,103
test_1973,125,100-150,300,100,124,124,124,0,0,130,0,141,0,0,0,1,0,124,124
test_1974,171,150-300,300,100,171,171,171,0,0,199,0,221,0,0,0,18,18,153,153
test_1975,192,150-300,300,99,189,189,189,0,0,217,0,249,0,0,0,24,24,168,165
test_1976,211,150-300,300,100,210,210,210,0,0,227,0,233,0,0,0,1,1,210,209
test_1977,187,150-300,300,98,180,180,180,0,0,214,0,237,0,0,0,102,101,85,79
test_1978,155,150-300,300,98,153,153,153,0,0,185,0,224,0,0,0,7,7,148,146
test_1979,178,150-300,300,89,154,154,154,0,0,271,0,295,0,0,0,55,49,123,105
test_198,134,100-150,300,99,133,133,133,0,0,164,0,197,0,0,0,11,11,123,122
test_1980,165,150-300,300,99,159,159,159,0,0,193,0,236,0,0,0,102,96,63,63
test_1981,144,100-150,300,100,132,132,132,0,0,170,0,228,0,0,0,26,21,118,111
test_1982,144,100-150,300,100,140,140,140,0,0,165,0,203,0,0,0,0,0,144,140
test_1983,110,100-150,300,96,110,110,110,0,0,174,0,208,0,0,0,0,0,110,110
test_1984,133,100-150,300,97,132,132,132,0,0,154,0,184,0,0,0,4,4,129,128
test_1985,136,100-150,300,98,136,136,136,0,0,150,0,187,0,0,0,0,0,136,136
test_1986,127,100-150,300,98,127,127,127,0,0,156,0,171,0,0,0,1,1,126,126
test_1987,127,100-150,300,95,127,127,127,0,0,161,0,180,0,0,0,0,0,127,127
test_1988,135,100-150,300,99,132,132,132,0,0,166,0,219,0,0,0,34,32,101,100
test_1989,116,100-150,300,100,115,115,115,0,0,139,0,169,0,0,0,5,4,111,111
test_199,163,150-300,300,100,163,163,163,0,0,167,0,185,0,0,0,0,0,163,163
test_1990,138,100-150,300,100,135,135,135,0,0,152,0,186,0,0,0,22,21,116,114
test_1991,63,50-100,300,61,63,63,63,0,0,226,0,256,0,0,0,3,3,60,60
test_1992,246,150-300,300,99,228,228,228,0,0,258,0,287,0,0,0,45,33,201,195
test_1993,154,150-300,300,100,151,151,151,0,0,183,0,223,0,0,0,23,20,131,131
test_1994,127,100-150,300,93,125,125,125,0,0,172,0,190,0,0,0,3,2,124,123
test_1995,195,150-300,300,98,192,192,192,0,0,240,0,256,0,0,0,21,20,174,172
test_1996,133,100-150,300,100,130,130,130,0,0,157,0,195,0,0,0,0,0,133,130
test_1997,140,100-150,300,100,140,140,140,0,0,157,0,190,0,0,0,33,33,107,107
test_1998,152,150-300,300,98,152,152,152,0,0,182,0,200,0,0,0,15,15,137,137
test_1999,176,150-300,300,99,150,150,150,0,0,250,0,286,0,0,0,112,103,64,47
test_2,117,100-150,300,100,117,117,117,0,0,126,0,135,0,0,0,0,0,117,117
test_20,132,100-150,300,100,132,132,132,0,0,154,0,170,0,0,0,2,2,130,130
test_200,148,100-150,300,100,144,144,144,0,0,174,0,223,0,0,0,20,20,128,124
test_2000,140,100-150,300,95,137,137,137,0,0,175,0,212,0,0,0,29,28,111,109
test_2001,133,100-150,300,100,133,133,133,0,0,160,0,171,0,0,0,0,0,133,133
test_2002,127,100-150,300,100,116,116,116,0,0,147,0,175,0,0,0,0,0,127,116
test_2003,120,100-150,300,97,120,120,120,0,0,254,0,266,0,0,0,7,7,113,113
test_2004,149,100-150,300,99,143,143,143,0,0,186,0,233,0,0,0,15,15,134,128
test_2005,275,150-300,300,100,257,257,257,0,0,280,0,298,0,0,0,111,94,164,163
test_2006,124,100-150,300,96,124,124,124,0,0,154,0,203,0,0,0,26,26,98,98
test_2007,139,100-150,300,99,139,139,139,0,0,155,0,174,0,0,0,13,13,126,126
test_2008,201,150-300,300,100,177,177,177,0,0,229,0,281,0,1,0,51,46,149,131
test_2009,99,50-100,300,76,94,94,94,0,0,248,0,282,0,0,0,41,41,58,53
test_201,147,100-150,300,99,142,142,142,0,0,190,0,252,0,0,0,34,34,113,108
test_2010,33,<50,300,26,32,32,32,0,0,162,0,261,0,0,0,3,3,30,29
test_2011,113,100-150,300,87,110,110,110,0,0,157,0,216,0,0,0,20,19,93,91
test_2012,139,100-150,300,98,139,139,139,0,0,163,0,180,0,0,0,59,59,80,80
test_2013,130,100-150,300,96,126,126,126,0,0,172,0,215,0,0,0,4,3,126,123
test_2014,283,150-300,300,99,270,270,270,0,0,290,0,299,0,0,0,113,106,170,164
test_2015,123,100-150,300,90,120,120,120,0,0,154,0,187,0,0,0,17,17,106,103
test_2016,136,100-150,300,100,136,136,136,0,0,158,0,180,0,0,0,2,2,134,134
test_2017,161,150-300,300,99,159,159,159,0,0,173,0,197,0,0,0,50,48,111,111
test_2018,126,100-150,300,98,121,121,121,0,0,141,0,191,0,0,0,10,9,116,112
test_2019,151,150-300,300,98,147,147,147,0,0,197,0,240,0,0,0,40,37,111,110
test_202,171,150-300,300,97,169,169,169,0,0,199,0,223,0,0,0,9,7,162,162
test_2020,139,100-150,300,100,139,139,139,0,0,144,0,154,0,0,0,3,3,136,136
test_2021,169,150-300,300,100,166,166,166,0,0,188,0,231,0,0,0,17,17,152,149
test_2022,129,100-150,300,99,129,129,129,0,0,138,0,160,0,0,0,4,4,125,125
test_2023,170,150-300,300,97,168,168,168,0,0,191,0,219,0,0,0,7,7,163,161
test_2024,145,100-150,300,92,142,142,142,0,0,201,0,240,0,0,0,6,6,139,136
test_2025,114,100-150,300,89,112,112,112,0,0,162,0,213,0,0,0,4,3,110,109
test_2026,127,100-150,300,98,126,126,126,0,0,139,0,147,0,0,0,1,0,126,126
test_2027,191,150-300,300,96,180,180,180,0,0,210,0,237,0,0,0,94,84,97,96
test_2028,139,100-150,300,67,88,88,88,0,0,293,0,300,1,0,0,18,6,121,82
test_2029,121,100-150,300,99,120,120,120,0,0,131,0,154,0,0,0,2,1,119,119
test_203,148,100-150,300,96,147,147,147,0,0,179,0,226,0,0,0,5,5,143,142
test_2030,120,100-150,300,98,120,120,120,0,0,137,0,150,0,0,0,26,26,94,94
test_2031,127,100-150,300,98,127,127,127,0,0,134,0,152,0,0,0,0,0,127,127
test_2032,159,150-300,300,97,152,152,152,0,0,180,0,219,0,0,0,49,45,110,107
test_2033,94,50-100,300,81,91,91,91,0,0,158,0,217,0,0,0,1,0,93,91
test_2034,134,100-150,300,94,134,134,134,0,0,159,0,166,0,0,0,2,2,132,132
test_2035,197,150-300,300,92,170,170,170,0,0,238,0,274,0,4,3,167,145,26,22
test_2036,125,100-150,300,100,125,125,125,0,0,133,0,135,0,0,0,1,1,124,124
test_2037,106,100-150,300,77,105,105,105,0,0,164,0,206,0,0,0,9,8,97,97
test_2038,118,100-150,300,97,118,118,118,0,0,154,0,170,0,0,0,2,2,116,116
test_2039,126,100-150,300,93,123,123,123,0,0,162,0,223,0,0,0,23,20,103,103
test_204,154,150-300,300,100,149,149,149,0,0,220,0,252,0,0,0,62,58,92,91
test_2040,121,100-150,300,94,116,116,116,0,0,150,0,233,0,0,0,8,5,113,111
test_2041,125,100-150,300,75,123,123,123,0,0,188,0,195,0,0,0,15,13,110,110
test_2042,112,100-150,300,99,112,112,112,0,0,126,0,151,0,0,0,0,0,112,112
test_2043,114,100-150,300,86,95,95,95,0,0,288,0,300,1,0,0,0,0,114,95
test_2044,173,150-300,300,100,165,165,165,0,0,220,0,250,0,0,0,32,28,141,137
test_2045,180,150-300,300,97,176,176,176,0,0,221,0,241,0,0,0,9,8,171,168
test_2046,145,100-150,300,99,144,144,144,0,0,156,0,170,0,0,0,16,15,129,129
test_2047,143,100-150,300,96,139,139,139,0,0,175,0,219,0,0,0,24,23,119,116
test_2048,138,100-150,300,100,138,138,138,0,0,145,0,150,0,0,0,1,1,137,137
test_2049,86,50-100,300,86,86,86,86,0,0,105,0,129,0,0,0,2,2,84,84
test_205,193,150-300,300,89,169,169,169,0,0,200,0,244,0,0,0,14,11,179,158
test_2050,115,100-150,300,96,106,106,106,0,0,143,0,224,0,0,0,15,9,100,97
test_2051,128,100-150,300,100,128,128,128,0,0,137,0,155,0,0,0,16,16,112,112
test_2052,202,150-300,300,100,201,201,201,0,0,222,0,243,0,0,0,22,21,180,180
test_2053,153,150-300,300,99,152,152,152,0,0,177,0,216,0,0,0,12,11,141,141
test_2054,98,50-100,300,92,95,95,95,0,0,117,0,171,0,0,0,1,0,97,95
test_2055,186,150-300,300,100,181,181,181,0,0,208,0,239,0,0,0,27,22,159,159
test_2056,196,150-300,300,79,147,147,147,0,0,251,0,292,0,0,0,85,50,111,97
test_2057,147,100-150,300,99,131,131,131,0,0,145,0,195,0,5,0,20,9,122,122
test_2058,115,100-150,300,100,111,111,111,0,0,188,0,258,0,0,0,3,0,112,111
test_2059,234,150-300,300,99,224,224,224,0,0,250,0,278,0,0,0,115,107,119,117
test_206,125,100-150,300,99,124,124,124,0,0,139,0,178,0,0,0,25,24,100,100
test_2060,98,50-100,300,84,93,93,93,0,0,174,0,235,0,0,0,5,5,93,88
test_2061,99,50-100,300,80,94,94,94,0,0,153,0,185,0,0,0,11,9,88,85
test_2062,134,100-150,300,90,127,127,127,0,0,193,0,232,0,0,0,1,1,133,126
test_2063,118,100-150,300,95,107,107,107,0,0,182,0,227,0,0,0,4,2,114,105
test_2064,117,100-150,300,93,107,107,107,0,0,175,0,261,0,0,0,16,15,101,92
test_2065,194,150-300,300,96,191,191,191,0,0,254,0,271,0,0,0,116,113,78,78
test_2066,119,100-150,300,95,119,119,119,0,0,129,0,146,0,0,0,14,14,105,105
test_2067,134,100-150,300,99,132,132,132,0,0,151,0,185,0,0,0,11,9,123,123
test_2068,115,100-150,300,100,115,115,115,0,0,134,0,175,0,0,0,3,3,112,112
test_2069,132,100-150,300,98,129,129,129,0,0,149,0,189,0,0,0,7,6,125,123
test_207,129,100-150,300,100,129,129,129,0,0,136,0,144,0,0,0,0,0,129,129
test_2070,165,150-300,300,98,162,162,162,0,0,228,0,255,0,0,0,79,78,86,84
test_2071,133,100-150,300,100,133,133,133,0,0,165,0,217,0,0,0,3,3,130,130
test_2072,123,100-150,300,99,119,119,119,0,0,150,0,192,0,0,0,4,1,119,118
test_2073,169,150-300,300,100,164,164,164,0,0,204,0,235,0,1,0,5,5,163,159
test_2074,109,100-150,300,96,108,108,108,0,0,140,0,171,0,0,0,6,5,103,103
test_2075,92,50-100,300,88,92,92,92,0,0,102,0,173,0,0,0,9,9,83,83
test_2076,147,100-150,300,100,147,147,147,0,0,163,0,165,0,0,0,0,0,147,147
test_2077,123,100-150,300,94,122,122,122,0,0,148,0,184,0,0,0,42,42,81,80
test_2078,141,100-150,300,82,133,133,133,0,0,202,0,233,0,0,0,39,37,102,96
test_2079,131,100-150,300,99,129,129,129,0,0,155,0,200,0,0,0,4,3,127,126
test_208,111,100-150,300,96,110,110,110,0,0,148,0,187,0,0,0,7,7,104,103
test_2080,131,100-150,300,100,128,128,128,0,0,175,0,229,0,0,0,7,7,124,121
test_2081,124,100-150,300,95,124,124,124,0,0,155,0,167,0,0,0,3,3,121,121
test_2082,148,100-150,300,93,145,145,145,0,0,204,0,243,0,0,0,43,43,105,102
test_2083,106,100-150,300,96,106,106,106,0,0,124,0,147,0,0,0,0,0,106,106
test_2084,184,150-300,300,95,180,180,180,0,0,235,0,256,0,0,0,50,49,134,131
test_2085,195,150-300,300,100,192,192,192,0,0,220,0,244,0,0,0,0,0,195,192
test_2086,97,50-100,300,90,95,95,95,0,0,140,0,182,0,0,0,7,5,90,90
test_2087,134,100-150,300,100,134,134,134,0,0,142,0,172,0,0,0,11,11,123,123
test_2088,131,100-150,300,94,130,130,130,0,0,148,0,171,0,0,0,65,65,66,65
test_2089,97,50-100,300,89,96,96,96,0,0,154,0,210,0,0,0,0,0,97,96
test_209,291,150-300,300,98,224,224,224,0,0,239,0,276,0,1,0,181,116,109,108
test_2090,83,50-100,300,22,43,43,43,0,0,187,0,213,0,0,0,0,0,83,43
test_2091,160,150-300,300,99,152,152,152,0,0,190,0,224,0,0,0,18,14,142,138
test_2092,131,100-150,300,97,130,130,130,0,0,157,0,170,0,0,0,0,0,131,130
test_2093,100,100-150,300,95,98,98,98,0,0,116,0,166,0,0,0,10,10,90,88
test_2094,174,150-300,300,100,168,168,168,0,0,232,0,260,0,0,0,5,5,169,163
test_2095,118,100-150,300,99,117,117,117,0,0,145,0,174,0,0,0,1,1,117,116
test_2096,135,100-150,300,98,127,127,127,0,0,178,0,229,0,0,0,31,31,104,96
test_2097,137,100-150,300,99,137,137,137,0,0,157,0,220,0,0,0,58,58,79,79
test_2098,143,100-150,300,100,143,143,143,0,0,159,0,183,0,0,0,9,9,134,134
test_2099,157,150-300,300,99,155,155,155,0,0,171,0,190,0,0,0,13,13,144,142
test_21,117,100-150,300,95,115,115,115,0,0,162,0,210,0,0,0,14,13,103,102
test_210,175,150-300,300,100,171,171,171,0,0,194,0,226,0,0,0,76,72,99,99
test_2100,146,100-150,300,97,142,142,142,0,0,224,0,268,0,0,0,19,17,127,125
test_2101,206,150-300,300,98,198,198,198,0,0,250,0,268,0,0,0,53,51,153,147
test_2102,167,150-300,300,100,167,167,167,0,0,181,0,210,0,0,0,57,57,110,110
test_2103,147,100-150,300,94,139,139,139,0,0,160,0,195,0,0,0,8,5,139,134
test_2104,149,100-150,300,99,148,148,148,0,0,170,0,205,0,0,0,41,41,108,107
test_2105,159,150-300,300,99,156,156,156,0,0,185,0,225,0,0,0,16,16,143,140
test_2106,135,100-150,300,99,133,133,133,0,0,167,0,225,0,0,0,11,11,124,122
test_2107,108,100-150,300,100,108,108,108,0,0,143,0,157,0,0,0,6,6,102,102
test_2108,148,100-150,300,96,145,145,145,0,0,185,0,230,0,0,0,34,32,114,113
test_2109,158,150-300,300,100,155,155,155,0,0,179,0,193,0,0,0,2,1,156,154
test_211,108,100-150,300,90,99,99,99,0,0,154,0,205,0,0,0,3,3,105,96
test_2110,155,150-300,300,100,154,154,154,0,0,176,0,211,0,0,0,16,15,139,139
test_2111,183,150-300,300,91,152,152,152,0,0,209,0,231,0,0,0,19,4,164,148
test_2112,187,150-300,300,98,178,178,178,0,0,215,0,231,0,0,0,3,3,184,175
test_2113,258,150-300,300,94,233,233,233,0,0,276,0,297,0,0,0,66,52,192,181
test_2114,125,100-150,300,100,125,125,125,0,0,139,0,162,0,0,0,51,51,74,74
test_2115,102,100-150,300,97,102,102,102,0,0,120,0,184,0,0,0,6,6,96,96
test_2116,187,150-300,300,100,186,186,186,0,0,196,0,213,0,0,0,31,30,156,156
test_2117,84,50-100,300,77,80,80,80,0,0,158,0,237,0,0,0,59,56,25,24
test_2118,148,100-150,300,89,148,148,148,0,0,211,0,234,0,0,0,3,3,145,145
test_2119,151,150-300,300,99,146,146,146,0,0,171,0,177,0,0,0,0,0,151,146
test_212,176,150-300,300,100,173,173,173,0,0,203,0,220,0,0,0,25,25,151,148
test_2120,164,150-300,300,97,158,158,158,0,0,239,0,275,0,0,0,21,21,143,137
test_2121,173,150-300,300,99,164,164,164,0,0,244,0,272,0,0,0,50,44,123,120
test_2122,275,150-300,300,100,248,248,248,0,0,266,0,292,0,0,0,183,173,92,75
test_2123,179,150-300,300,100,175,175,175,0,0,223,0,255,0,0,0,39,35,140,140
test_2124,115,100-150,300,93,115,115,115,0,0,137,0,172,0,0,0,5,5,110,110
test_2125,151,150-300,300,98,150,150,150,0,0,201,0,243,0,0,0,47,47,104,103
test_2126,125,100-150,300,99,125,125,125,0,0,137,0,144,0,0,0,7,7,118,118
test_2127,121,100-150,300,99,121,121,121,0,0,133,0,139,0,0,0,0,0,121,121
test_2128,136,100-150,300,97,133,133,133,0,0,179,0,219,0,0,0,6,5,130,128
test_2129,113,100-150,300,98,113,113,113,0,0,128,0,161,0,0,0,5,5,108,108
test_213,149,100-150,300,100,149,149,149,0,0,157,0,163,0,0,0,0,0,149,149
test_2130,158,150-300,300,98,158,158,158,0,0,185,0,200,0,0,0,21,21,137,137
test_2131,83,50-100,300,79,83,83,83,0,0,209,0,257,0,0,0,2,2,81,81
test_2132,193,150-300,300,98,183,183,183,0,0,235,0,255,0,0,0,6,6,187,177
test_2133,136,100-150,300,99,136,136,136,0,0,147,0,191,0,0,0,11,11,125,125
test_2134,136,100-150,300,100,136,136,136,0,0,147,0,153,0,0,0,1,1,135,135
test_2135,115,100-150,300,99,115,115,115,0,0,132,0,140,0,0,0,0,0,115,115
test_2136,178,150-300,300,97,173,173,173,0,0,206,0,229,0,0,0,70,66,108,107
test_2137,176,150-300,300,99,174,174,174,0,0,200,0,213,0,0,0,60,60,116,114
test_2138,183,150-300,300,100,183,183,183,0,0,213,0,222,0,0,0,0,0,183,183
test_2139,129,100-150,300,98,129,129,129,0,0,171,0,208,0,0,0,6,6,123,123
test_214,130,100-150,300,99,126,126,126,0,0,162,0,199,0,0,0,42,38,88,88
test_2140,166,150-300,300,98,163,163,163,0,0,185,0,203,0,0,0,48,46,118,117
test_2141,216,150-300,300,100,216,216,216,0,0,242,0,263,0,0,0,1,1,215,215
test_2142,125,100-150,300,89,123,123,123,0,0,171,0,201,0,0,0,9,8,116,115
test_2143,124,100-150,300,97,123,123,123,0,0,148,0,207,0,0,0,3,3,121,120
test_2144,104,100-150,300,91,103,103,103,0,0,147,0,211,0,0,0,2,1,102,102
test_2145,126,100-150,300,89,126,126,126,0,0,159,0,182,0,0,0,3,3,123,123
test_2146,119,100-150,300,99,119,119,119,0,0,124,0,130,0,0,0,1,1,118,118
test_2147,128,100-150,300,98,127,127,127,0,0,153,0,206,0,0,0,7,6,121,121
test_2148,107,100-150,300,87,95,95,95,0,0,150,0,170,0,0,0,0,0,107,95
test_2149,187,150-300,300,100,163,163,163,0,0,297,0,299,0,0,0,44,28,143,135
test_215,132,100-150,300,100,131,131,131,0,0,167,0,210,0,0,0,14,13,118,118
test_2150,143,100-150,300,97,138,138,138,0,0,217,0,263,0,0,0,30,27,113,111
test_2151,66,50-100,300,60,64,64,64,0,0,152,0,194,0,0,0,1,1,65,63
test_2152,141,100-150,300,98,136,136,136,0,0,177,0,201,0,0,0,7,6,134,130
test_2153,358,>=300,300,100,293,293,293,0,0,297,0,299,0,0,0,27,17,331,276
test_2154,147,100-150,300,99,146,146,146,0,0,186,0,222,0,0,0,21,21,126,125
test_2155,123,100-150,300,98,122,122,122,0,0,141,0,161,0,0,0,6,6,117,116
test_2156,203,150-300,300,96,192,192,192,0,0,258,0,289,0,0,0,88,82,115,110
test_2157,206,150-300,300,100,196,196,196,0,0,226,0,266,0,0,0,139,129,67,67
test_2158,202,150-300,300,100,199,199,199,0,0,236,0,268,0,0,0,124,123,78,76
test_2159,138,100-150,300,99,134,134,134,0,0,159,0,199,0,0,0,16,12,122,122
test_216,156,150-300,300,99,154,154,154,0,0,183,0,210,0,0,0,15,15,141,139
test_2160,137,100-150,300,99,136,136,136,0,0,156,0,189,0,0,0,39,39,98,97
test_2161,121,100-150,300,91,117,117,117,0,0,142,0,200,0,0,0,15,12,106,105
test_2162,155,150-300,300,100,155,155,155,0,0,168,0,175,0,0,0,11,11,144,144
test_2163,132,100-150,300,100,128,128,128,0,0,150,0,213,0,0,0,22,18,110,110
test_2164,157,150-300,300,98,149,149,149,0,0,269,0,294,0,0,0,136,129,21,20
test_2165,201,150-300,300,96,185,185,185,0,0,233,0,266,0,0,0,118,103,83,82
test_2166,166,150-300,300,100,166,166,166,0,0,186,0,199,0,0,0,27,27,139,139
test_2167,104,100-150,300,88,95,95,95,0,0,170,0,261,0,1,0,58,51,45,44
test_2168,122,100-150,300,98,122,122,122,0,0,152,0,177,0,0,0,0,0,122,122
test_2169,271,150-300,300,99,256,256,256,0,0,293,0,299,0,0,0,224,209,47,47
test_217,113,100-150,300,92,112,112,112,0,0,174,0,223,0,0,0,10,10,103,102
test_2170,140,100-150,300,100,130,130,130,0,0,147,0,181,0,2,0,24,18,114,112
test_2171,94,50-100,300,84,93,93,93,0,0,151,0,179,0,0,0,2,1,92,92
test_2172,136,100-150,300,100,136,136,136,0,0,151,0,181,0,0,0,17,17,119,119
test_2173,153,150-300,300,100,152,152,152,0,0,193,0,227,0,0,0,0,0,153,152
test_2174,136,100-150,300,99,136,136,136,0,0,152,0,154,0,0,0,2,2,134,134
test_2175,128,100-150,300,96,123,123,123,0,0,232,0,287,0,0,0,14,13,114,110
test_2176,155,150-300,300,97,151,151,151,0,0,186,0,216,0,0,0,6,6,149,145
test_2177,118,100-150,300,98,118,118,118,0,0,157,0,179,0,0,0,2,2,116,116
test_2178,272,150-300,300,99,246,246,246,0,0,277,0,297,0,0,0,202,184,70,62
test_2179,214,150-300,300,100,206,206,206,0,0,232,0,263,0,0,0,17,15,197,191
test_218,124,100-150,300,100,123,123,123,0,0,135,0,182,0,0,0,5,5,119,118
test_2180,157,150-300,300,97,149,149,149,0,0,213,0,251,0,0,0,31,29,126,120
test_2181,120,100-150,300,92,115,115,115,0,0,193,0,240,0,0,0,2,2,118,113
test_2182,124,100-150,300,99,123,123,123,0,0,142,0,156,0,0,0,7,7,117,116
test_2183,115,100-150,300,97,112,112,112,0,0,143,0,186,0,0,0,6,5,109,107
test_2184,126,100-150,300,98,126,126,126,0,0,169,0,222,0,0,0,15,15,111,111
test_2185,172,150-300,300,100,171,171,171,0,0,196,0,223,0,0,0,43,42,129,129
test_2186,146,100-150,300,96,141,141,141,0,0,189,0,218,0,0,0,11,11,135,130
test_2187,148,100-150,300,98,138,138,138,0,0,187,0,221,0,0,0,22,19,126,119
test_2188,134,100-150,300,100,134,134,134,0,0,162,0,203,0,0,0,2,2,132,132
test_2189,166,150-300,300,95,149,149,149,0,0,222,0,252,0,0,0,34,25,132,124
test_219,131,100-150,300,100,129,129,129,0,0,147,0,173,0,0,0,20,18,111,111
test_2190,116,100-150,300,84,109,109,109,0,0,170,0,188,0,0,0,2,1,114,108
test_2191,167,150-300,300,92,161,161,161,0,0,207,0,229,0,0,0,22,22,145,139
test_2192,139,100-150,300,99,133,133,133,0,0,175,0,223,0,0,0,26,22,113,111
test_2193,231,150-300,300,95,226,226,226,0,0,281,0,295,0,0,0,10,8,221,218
test_2194,137,100-150,300,100,136,136,136,0,0,148,0,183,0,0,0,8,8,129,128
test_2195,130,100-150,300,93,128,128,128,0,0,155,0,187,0,1,0,43,42,86,86
test_2196,122,100-150,300,94,112,112,112,0,0,136,0,187,0,0,0,6,2,116,110
test_2197,140,100-150,300,100,140,140,140,0,0,158,0,196,0,0,0,5,5,135,135
test_2198,142,100-150,300,97,129,129,129,0,0,180,0,204,0,0,0,7,7,135,122
test_2199,28,<50,300,12,17,17,17,0,0,211,0,281,0,0,0,18,9,10,8
test_22,133,100-150,300,64,105,105,105,0,0,283,0,298,0,0,0,3,1,130,104
test_220,105,100-150,300,82,105,105,105,0,0,214,0,231,0,0,0,28,28,77,77
test_2200,125,100-150,300,100,124,124,124,0,0,143,0,167,0,0,0,5,5,120,119
test_2201,141,100-150,300,100,141,141,141,0,0,154,0,163,0,0,0,0,0,141,141
test_2202,121,100-150,300,99,121,121,121,0,0,139,0,159,0,0,0,1,1,120,120
test_2203,143,100-150,300,99,142,142,142,0,0,169,0,194,0,0,0,20,20,123,122
test_2204,121,100-150,300,100,121,121,121,0,0,130,0,141,0,0,0,12,12,109,109
test_2205,117,100-150,300,93,113,113,113,0,0,165,0,211,0,0,0,6,6,111,107
test_2206,190,150-300,300,97,187,187,187,0,0,224,0,245,0,0,0,0,0,190,187
test_2207,139,100-150,300,100,139,139,139,0,0,176,0,212,0,0,0,53,53,86,86
test_2208,186,150-300,300,100,186,186,186,0,0,221,0,241,0,0,0,100,100,86,86
test_2209,123,100-150,300,83,122,122,122,0,0,214,0,259,0,0,0,27,26,96,96
test_221,129,100-150,300,99,129,129,129,0,0,151,0,156,0,0,0,0,0,129,129
test_2210,111,100-150,300,93,109,109,109,0,0,152,0,179,0,0,0,0,0,111,109
test_2211,128,100-150,300,100,126,126,126,0,0,151,0,173,0,0,0,9,8,119,118
test_2212,130,100-150,300,96,124,124,124,0,0,157,0,174,0,0,0,2,0,128,124
test_2213,115,100-150,300,96,115,115,115,0,0,135,0,184,0,0,0,9,9,106,106
test_2214,121,100-150,300,94,114,114,114,0,0,152,0,228,0,0,0,8,7,113,107
test_2215,142,100-150,300,100,142,142,142,0,0,161,0,190,0,0,0,5,5,137,137
test_2216,124,100-150,300,99,123,123,123,0,0,198,0,240,0,0,0,24,24,100,99
test_2217,150,150-300,300,91,134,134,134,0,0,190,0,204,0,0,0,5,4,145,130
test_2218,152,150-300,300,100,150,150,150,0,0,166,0,181,0,0,0,22,21,130,129
test_2219,136,100-150,300,99,136,136,136,0,0,157,0,176,0,0,0,12,12,124,124
test_222,121,100-150,300,96,119,119,119,0,0,151,0,162,0,0,0,1,1,120,118
test_2220,135,100-150,300,99,135,135,135,0,0,172,0,202,0,0,0,68,68,67,67
test_2221,232,150-300,300,97,209,209,209,0,0,250,0,293,0,0,0,132,120,100,89
test_2222,142,100-150,300,96,138,138,138,0,0,181,0,228,0,0,0,22,20,120,118
test_2223,154,150-300,300,87,141,141,141,0,0,202,0,260,0,0,0,0,0,154,141
test_2224,184,150-300,300,100,178,178,178,0,0,211,0,230,0,0,0,84,81,100,97
test_2225,121,100-150,300,97,118,118,118,0,0,144,0,166,0,0,0,34,31,87,87
test_2226,124,100-150,300,99,122,122,122,0,0,177,0,216,0,0,0,2,2,122,120
test_2227,127,100-150,300,95,121,121,121,0,0,160,0,180,0,0,0,0,0,127,121
test_2228,152,150-300,300,93,144,144,144,0,0,225,0,257,0,0,0,5,5,147,139
test_2229,62,50-100,300,55,58,58,58,0,0,175,0,243,0,0,0,6,6,56,52
test_223,120,100-150,300,97,120,120,120,0,0,146,0,158,0,0,0,0,0,120,120
test_2230,135,100-150,300,97,135,135,135,0,0,159,0,178,0,0,0,26,26,109,109
test_2231,116,100-150,300,92,107,107,107,0,0,270,0,294,0,0,0,2,2,114,105
test_2232,151,150-300,300,100,146,146,146,0,0,199,0,240,0,0,0,9,9,142,137
test_2233,130,100-150,300,95,128,128,128,0,0,158,0,199,0,0,0,3,3,127,125
test_2234,127,100-150,300,93,119,119,119,0,0,154,0,213,0,0,0,9,6,118,113
test_2235,124,100-150,300,87,109,109,109,0,0,291,0,298,0,0,0,29,17,95,92
test_2236,123,100-150,300,99,121,121,121,0,0,158,0,180,0,0,0,14,14,109,107
test_2237,98,50-100,300,87,92,92,92,0,0,156,0,207,0,0,0,1,1,97,91
test_2238,130,100-150,300,100,127,127,127,0,0,153,0,204,0,1,0,5,3,124,124
test_2239,128,100-150,300,91,125,125,125,0,0,172,0,217,0,0,0,128,125,0,0
test_224,121,100-150,300,100,121,121,121,0,0,135,0,159,0,0,0,2,2,119,119
test_2240,132,100-150,300,97,132,132,132,0,0,150,0,165,0,0,0,2,2,130,130
test_2241,130,100-150,300,99,129,129,129,0,0,147,0,162,0,0,0,7,7,123,122
test_2242,151,150-300,300,100,151,151,151,0,0,158,0,159,0,0,0,2,2,149,149
test_2243,146,100-150,300,98,143,143,143,0,0,167,0,226,0,0,0,0,0,146,143
test_2244,148,100-150,300,83,141,141,141,0,0,181,0,235,0,0,0,33,31,115,110
test_2245,115,100-150,300,98,115,115,115,0,0,145,0,159,0,0,0,0,0,115,115
test_2246,145,100-150,300,97,139,139,139,0,0,184,0,213,0,0,0,31,28,114,111
test_2247,154,150-300,300,99,152,152,152,0,0,187,0,222,0,0,0,28,26,126,126
test_2248,148,100-150,300,100,148,148,148,0,0,148,0,156,0,0,0,8,8,140,140
test_2249,138,100-150,300,100,138,138,138,0,0,148,0,157,0,0,0,43,43,95,95
test_225,161,150-300,300,95,152,152,152,0,0,214,0,253,0,0,0,7,7,154,145
test_2250,155,150-300,300,92,149,149,149,0,0,210,0,245,0,0,0,50,45,105,104
test_2251,248,150-300,300,99,235,235,235,0,0,256,0,294,0,2,0,185,174,61,61
test_2252,111,100-150,300,98,111,111,111,0,0,140,0,193,0,0,0,14,14,97,97
test_2253,142,100-150,300,100,142,142,142,0,0,152,0,168,0,0,0,3,3,139,139
test_2254,258,150-300,300,100,249,249,249,0,0,276,0,299,0,0,0,132,124,126,125
test_2255,114,100-150,300,97,114,114,114,0,0,136,0,175,0,0,0,48,48,66,66
test_2256,144,100-150,300,100,143,143,143,0,0,148,0,156,0,0,0,1,1,143,142
test_2257,149,100-150,300,99,149,149,149,0,0,187,0,222,0,0,0,28,28,121,121
test_2258,137,100-150,300,100,137,137,137,0,0,138,0,152,0,0,0,6,6,131,131
test_2259,104,100-150,300,87,99,99,99,0,0,161,0,206,0,0,0,1,1,103,98
test_226,126,100-150,300,99,124,124,124,0,0,150,0,203,0,0,0,7,7,119,117
test_2260,132,100-150,300,98,129,129,129,0,0,167,0,202,0,0,0,19,17,113,112
test_2261,136,100-150,300,98,125,125,125,0,0,175,0,225,0,0,0,19,13,117,112
test_2262,158,150-300,300,99,153,153,153,0,0,246,0,289,0,0,0,55,53,103,100
test_2263,135,100-150,300,100,135,135,135,0,0,150,0,166,0,0,0,0,0,135,135
test_2264,141,100-150,300,99,140,140,140,0,0,187,0,204,0,0,0,1,1,140,139
test_2265,128,100-150,300,99,118,118,118,0,0,194,0,277,0,0,0,12,7,116,111
test_2266,128,100-150,300,100,128,128,128,0,0,137,0,141,0,0,0,2,2,126,126
test_2267,127,100-150,300,100,126,126,126,0,0,135,0,147,0,0,0,3,3,124,123
test_2268,126,100-150,300,93,117,117,117,0,0,151,0,178,0,0,0,1,0,125,117
test_2269,131,100-150,300,99,130,130,130,0,0,146,0,174,0,0,0,11,11,120,119
test_227,80,50-100,300,57,73,73,73,0,0,178,0,194,0,0,0,0,0,80,73
test_2270,122,100-150,300,100,122,122,122,0,0,164,0,188,0,0,0,23,23,99,99
test_2271,140,100-150,300,99,139,139,139,0,0,167,0,179,0,0,0,0,0,140,139
test_2272,228,150-300,300,100,223,223,223,0,0,250,0,274,0,0,0,8,7,220,216
test_2273,136,100-150,300,98,135,135,135,0,0,187,0,227,0,0,0,28,28,108,107
test_2274,187,150-300,300,99,186,186,186,0,0,203,0,206,0,0,0,9,9,178,177
test_2275,112,100-150,300,94,106,106,106,0,0,194,0,212,0,0,0,48,44,64,62
test_2276,190,150-300,300,97,181,181,181,0,0,248,0,267,0,2,2,100,92,88,87
test_2277,125,100-150,300,86,115,115,115,0,0,167,0,206,0,0,0,24,17,101,98
test_2278,135,100-150,300,97,132,132,132,0,0,156,0,184,0,0,0,24,24,111,108
test_2279,153,150-300,300,99,149,149,149,0,0,186,0,249,0,0,0,5,5,148,144
test_228,35,<50,300,29,34,34,34,0,0,186,0,223,0,0,0,4,4,31,30
test_2280,106,100-150,300,96,105,105,105,0,0,159,0,206,0,0,0,2,2,104,103
test_2281,121,100-150,300,99,121,121,121,0,0,160,0,195,0,0,0,8,8,113,113
test_2282,175,150-300,300,98,170,170,170,0,0,220,0,249,0,0,0,89,87,86,83
test_2283,128,100-150,300,99,126,126,126,0,0,146,0,201,0,0,0,34,33,94,93
test_2284,106,100-150,300,89,106,106,106,0,0,159,0,199,0,0,0,28,28,78,78
test_2285,120,100-150,300,99,120,120,120,0,0,148,0,178,0,0,0,3,3,117,117
test_2286,237,150-300,300,100,213,213,213,0,0,252,0,285,0,0,0,80,73,157,140
test_2287,73,50-100,300,71,71,71,71,0,0,200,0,271,0,0,0,10,10,63,61
test_2288,152,150-300,300,98,150,150,150,0,0,187,0,225,0,0,0,36,36,116,114
test_2289,241,150-300,300,100,236,236,236,0,0,267,0,281,0,0,0,17,17,224,219
test_229,142,100-150,300,98,140,140,140,0,0,160,0,165,0,0,0,0,0,142,140
test_2290,138,100-150,300,100,138,138,138,0,0,149,0,159,0,0,0,10,10,128,128
test_2291,168,150-300,300,96,163,163,163,0,0,219,0,240,0,0,0,9,5,159,158
test_2292,209,150-300,300,100,205,205,205,0,0,238,0,262,0,0,0,54,50,155,155
test_2293,109,100-150,300,88,106,106,106,0,0,180,0,228,0,0,0,1,1,108,105
test_2294,140,100-150,300,94,125,125,125,0,0,191,0,242,0,0,0,24,18,116,107
test_2295,120,100-150,300,99,120,120,120,0,0,139,0,181,0,0,0,19,19,101,101
test_2296,127,100-150,300,98,127,127,127,0,0,142,0,162,0,0,0,22,22,105,105
test_2297,129,100-150,300,99,128,128,128,0,0,176,0,225,0,0,0,15,15,114,113
test_2298,139,100-150,300,99,137,137,137,0,0,149,0,180,0,0,0,28,28,111,109
test_2299,251,150-300,300,85,207,207,207,0,0,281,0,299,0,0,0,118,81,133,126
test_23,191,150-300,300,99,190,190,190,0,0,210,0,243,0,0,0,17,16,174,174
test_230,123,100-150,300,99,122,122,122,0,0,135,0,150,0,0,0,12,12,111,110
test_2300,107,100-150,300,97,102,102,102,0,0,146,0,210,0,0,0,3,3,104,99
test_2301,108,100-150,300,91,108,108,108,0,0,152,0,163,0,0,0,23,23,85,85
test_2302,156,150-300,300,100,151,151,151,0,0,231,0,278,0,0,0,27,25,129,126
test_2303,124,100-150,300,90,111,111,111,0,0,160,0,188,0,0,0,0,0,124,111
test_2304,214,150-300,300,100,204,204,204,0,0,237,0,259,0,0,0,163,156,51,48
test_2305,132,100-150,300,100,132,132,132,0,0,137,0,144,0,0,0,29,29,103,103
test_2306,141,100-150,300,100,133,133,133,0,0,184,0,224,0,0,0,4,4,137,129
test_2307,164,150-300,300,100,164,164,164,0,0,181,0,215,0,0,0,2,2,162,162
test_2308,238,150-300,300,98,216,216,216,0,0,262,0,282,0,0,0,60,43,178,173
test_2309,141,100-150,300,100,141,141,141,0,0,199,0,217,0,0,0,1,1,140,140
test_231,175,150-300,300,99,168,168,168,0,0,218,0,236,0,0,0,23,21,152,147
test_2310,74,50-100,300,70,70,70,70,0,0,119,0,159,0,0,0,0,0,74,70
test_2311,160,150-300,300,100,157,157,157,0,0,175,0,206,0,0,0,14,11,146,146
test_2312,121,100-150,300,97,120,120,120,0,0,140,0,162,0,0,0,36,35,85,85
test_2313,150,150-300,300,95,143,143,143,0,0,184,0,219,0,0,0,11,7,139,136
test_2314,131,100-150,300,99,131,131,131,0,0,140,0,148,0,0,0,1,1,130,130
test_2315,170,150-300,300,100,170,170,170,0,0,181,0,192,0,0,0,71,71,99,99
test_2316,203,150-300,300,96,190,190,190,0,0,219,0,251,0,0,0,60,54,143,136
test_2317,149,100-150,300,100,149,149,149,0,0,174,0,199,0,0,0,32,32,117,117
test_2318,139,100-150,300,100,139,139,139,0,0,151,0,160,0,0,0,0,0,139,139
test_2319,150,150-300,300,96,147,147,147,0,0,199,0,229,0,0,0,4,4,146,143
test_232,122,100-150,300,58,76,76,76,0,0,273,0,300,1,0,0,29,0,93,76
test_2320,114,100-150,300,89,104,104,104,0,0,164,0,201,0,0,0,0,0,114,104
test_2321,121,100-150,300,62,87,87,87,0,0,297,0,299,0,0,0,2,0,119,87
test_2322,127,100-150,300,100,127,127,127,0,0,155,0,202,0,0,0,6,6,121,121
test_2323,141,100-150,300,99,140,140,140,0,0,155,0,178,0,0,0,0,0,141,140
test_2324,134,100-150,300,96,132,132,132,0,0,153,0,186,0,0,0,19,19,115,113
test_2325,226,150-300,300,98,226,226,226,0,0,262,0,284,0,0,0,191,191,35,35
test_2326,156,150-300,300,100,152,152,152,0,0,160,0,192,0,0,0,11,11,145,141
test_2327,146,100-150,300,98,145,145,145,0,0,170,0,185,0,0,0,7,7,139,138
test_2328,127,100-150,300,98,124,124,124,0,0,166,0,188,0,0,0,1,1,126,123
test_2329,136,100-150,300,99,136,136,136,0,0,153,0,165,0,0,0,3,3,133,133
test_233,125,100-150,300,100,125,125,125,0,0,143,0,161,0,0,0,4,4,121,121
test_2330,172,150-300,300,99,172,172,172,0,0,184,0,187,0,0,0,18,18,154,154
test_2331,126,100-150,300,100,126,126,126,0,0,139,0,179,0,0,0,5,5,121,121
test_2332,117,100-150,300,99,117,117,117,0,0,137,0,164,0,0,0,5,5,112,112
test_2333,117,100-150,300,90,115,115,115,0,0,222,0,262,0,0,0,36,36,81,79
test_2334,139,100-150,300,98,135,135,135,0,0,175,0,233,0,0,0,36,36,103,99
test_2335,93,50-100,300,78,85,85,85,0,0,175,0,204,0,0,0,0,0,93,85
test_2336,125,100-150,300,100,125,125,125,0,0,156,0,195,0,0,0,0,0,125,125
test_2337,131,100-150,300,92,123,123,123,0,0,184,0,221,0,0,0,19,18,112,105
test_2338,133,100-150,300,99,130,130,130,0,0,138,0,162,0,0,0,14,14,119,116
test_2339,109,100-150,300,94,108,108,108,0,0,158,0,175,0,0,0,0,0,109,108
test_234,128,100-150,300,99,123,123,123,0,0,133,0,164,0,0,0,3,0,125,123
test_2340,143,100-150,300,100,142,142,142,0,0,165,0,212,0,0,0,5,5,138,137
test_2341,164,150-300,300,95,147,147,147,0,0,241,0,285,0,0,0,8,5,156,142
test_2342,156,150-300,300,98,151,151,151,0,0,250,0,286,0,0,0,152,147,4,4
test_2343,163,150-300,300,96,147,147,147,0,0,210,0,256,0,0,0,54,46,109,101
test_2344,137,100-150,300,100,135,135,135,0,0,170,0,216,0,0,0,1,1,136,134
test_2345,123,100-150,300,98,117,117,117,0,0,235,0,288,0,0,0,7,4,116,113
test_2346,125,100-150,300,97,122,122,122,0,0,176,0,229,0,0,0,9,7,116,115
test_2347,89,50-100,300,69,89,89,89,0,0,156,0,197,0,0,0,0,0,89,89
test_2348,112,100-150,300,99,112,112,112,0,0,127,0,163,0,33,33,79,79,0,0
test_2349,113,100-150,300,99,108,108,108,0,0,132,0,168,0,0,0,1,0,112,108
test_235,174,150-300,300,98,165,165,165,0,0,227,0,260,0,0,0,72,65,102,100
test_2350,147,100-150,300,98,140,140,140,0,0,171,0,207,0,0,0,16,13,131,127
test_2351,102,100-150,300,88,102,102,102,0,0,228,0,276,0,0,0,50,50,52,52
test_2352,134,100-150,300,91,132,132,132,0,0,228,0,287,0,0,0,29,29,105,103
test_2353,143,100-150,300,99,143,143,143,0,0,172,0,199,0,0,0,0,0,143,143
test_2354,293,150-300,300,100,281,281,281,0,0,300,1,300,1,0,0,21,13,272,268
test_2355,118,100-150,300,95,116,116,116,0,0,173,0,210,0,0,0,16,16,102,100
test_2356,125,100-150,300,100,125,125,125,0,0,138,0,180,0,0,0,0,0,125,125
test_2357,98,50-100,300,59,77,77,77,0,0,270,0,297,0,1,0,39,22,58,55
test_2358,138,100-150,300,98,137,137,137,0,0,149,0,185,0,0,0,35,34,103,103
test_2359,176,150-300,300,100,175,175,175,0,0,196,0,218,0,0,0,30,30,146,145
test_236,211,150-300,300,100,204,204,204,0,0,248,0,262,0,0,0,38,34,173,170
test_2360,151,150-300,300,100,150,150,150,0,0,162,0,201,0,0,0,22,21,129,129
test_2361,162,150-300,300,100,162,162,162,0,0,174,0,216,0,0,0,37,37,125,125
test_2362,129,100-150,300,98,124,124,124,0,0,141,0,171,0,0,0,7,6,122,118
test_2363,212,150-300,300,96,190,190,190,0,0,222,0,256,0,0,0,81,64,131,126
test_2364,118,100-150,300,94,116,116,116,0,0,150,0,168,0,0,0,2,2,116,114
test_2365,121,100-150,300,100,121,121,121,0,0,174,0,203,0,0,0,0,0,121,121
test_2366,108,100-150,300,91,104,104,104,0,0,158,0,203,0,0,0,10,8,98,96
test_2367,170,150-300,300,95,125,125,125,0,0,213,0,271,0,0,0,41,25,129,100
test_2368,159,150-300,300,99,154,154,154,0,0,241,0,281,0,0,0,15,13,144,141
test_2369,185,150-300,300,100,181,181,181,0,0,214,0,249,0,3,1,54,53,128,127
test_237,168,150-300,300,100,159,159,159,0,0,189,0,224,0,0,0,14,8,154,151
test_2370,126,100-150,300,99,124,124,124,0,0,145,0,174,0,0,0,17,16,109,108
test_2371,149,100-150,300,76,120,120,120,0,0,186,0,229,0,1,0,66,41,82,79
test_2372,133,100-150,300,95,132,132,132,0,0,181,0,222,0,0,0,46,46,87,86
test_2373,127,100-150,300,97,124,124,124,0,0,191,0,244,0,0,0,1,1,126,123
test_2374,215,150-300,300,97,204,204,204,0,0,258,0,287,0,0,0,87,86,128,118
test_2375,190,150-300,300,100,189,189,189,0,0,215,0,251,0,0,0,164,163,26,26
test_2376,127,100-150,300,96,126,126,126,0,0,166,0,218,0,0,0,4,4,123,122
test_2377,137,100-150,300,97,134,134,134,0,0,220,0,245,0,0,0,37,37,100,97
test_2378,153,150-300,300,95,152,152,152,0,0,196,0,219,0,0,0,0,0,153,152
test_2379,146,100-150,300,97,144,144,144,0,0,191,0,233,0,0,0,0,0,146,144
test_238,120,100-150,300,97,119,119,119,0,0,137,0,155,0,0,0,14,14,106,105
test_2380,117,100-150,300,100,115,115,115,0,0,161,0,208,0,0,0,19,18,98,97
test_2381,176,150-300,300,98,175,175,175,0,0,200,0,226,0,0,0,1,1,175,174
test_2382,137,100-150,300,100,130,130,130,0,0,199,0,274,0,0,0,53,46,84,84
test_2383,198,150-300,300,99,183,183,183,0,0,225,0,256,0,0,0,49,37,149,146
test_2384,146,100-150,300,100,145,145,145,0,0,195,0,231,0,0,0,52,52,94,93
test_2385,163,150-300,300,96,163,163,163,0,0,175,0,183,0,0,0,8,8,155,155
test_2386,128,100-150,300,96,119,119,119,0,0,187,0,232,0,0,0,10,9,118,110
test_2387,118,100-150,300,93,118,118,118,0,0,150,0,202,0,0,0,23,23,95,95
test_2388,141,100-150,300,100,141,141,141,0,0,153,0,169,0,0,0,0,0,141,141
test_2389,143,100-150,300,78,110,110,110,0,0,221,0,256,0,0,0,8,6,135,104
test_239,161,150-300,300,100,156,156,156,0,0,180,0,223,0,0,0,32,31,129,125
test_2390,126,100-150,300,89,118,118,118,0,0,174,0,248,0,0,0,0,0,126,118
test_2391,271,150-300,300,97,263,263,263,0,0,289,0,299,0,0,0,73,70,198,193
test_2392,107,100-150,300,98,106,106,106,0,0,148,0,157,0,0,0,0,0,107,106
test_2393,121,100-150,300,95,117,117,117,0,0,183,0,238,0,0,0,0,0,121,117
test_2394,136,100-150,300,100,135,135,135,0,0,148,0,155,0,0,0,1,1,135,134
test_2395,134,100-150,300,98,133,133,133,0,0,148,0,175,0,0,0,16,15,118,118
test_2396,159,150-300,300,95,159,159,159,0,0,185,0,214,0,0,0,5,5,154,154
test_2397,206,150-300,300,100,199,199,199,0,0,222,0,246,0,0,0,47,41,159,158
test_2398,115,100-150,300,83,115,115,115,0,0,172,0,193,0,0,0,0,0,115,115
test_2399,102,100-150,300,76,88,88,88,0,0,217,0,264,0,0,0,6,4,96,84
test_24,136,100-150,300,96,124,124,124,0,0,165,0,201,0,0,0,31,19,105,105
test_240,250,150-300,300,100,250,250,250,0,0,267,0,277,0,0,0,2,2,248,248
test_2400,140,100-150,300,98,139,139,139,0,0,178,0,215,0,0,0,5,4,135,135
test_2401,311,>=300,300,99,252,252,252,0,0,288,0,298,0,11,1,190,142,110,109
test_2402,166,150-300,300,93,154,154,154,0,0,188,0,226,0,0,0,50,38,116,116
test_2403,132,100-150,300,95,128,128,128,0,0,165,0,196,0,0,0,42,41,90,87
test_2404,139,100-150,300,100,139,139,139,0,0,165,0,191,0,0,0,13,13,126,126
test_2405,136,100-150,300,100,133,133,133,0,0,156,0,210,0,0,0,10,9,126,124
test_2406,154,150-300,300,46,117,117,117,0,0,182,0,228,0,0,0,7,0,147,117
test_2407,119,100-150,300,78,119,119,119,0,0,183,0,231,0,0,0,2,2,117,117
test_2408,122,100-150,300,98,122,122,122,0,0,146,0,161,0,0,0,5,5,117,117
test_2409,149,100-150,300,98,149,149,149,0,0,159,0,163,0,0,0,4,4,145,145
test_241,137,100-150,300,99,128,128,128,0,0,145,0,151,0,0,0,6,0,131,128
test_2410,180,150-300,300,100,177,177,177,0,0,203,0,228,0,0,0,20,18,160,159
test_2411,124,100-150,300,100,124,124,124,0,0,134,0,137,0,0,0,7,7,117,117
test_2412,138,100-150,300,94,132,132,132,0,0,191,0,234,0,0,0,4,3,134,129
test_2413,108,100-150,300,94,106,106,106,0,0,124,0,164,0,0,0,14,13,94,93
test_2414,211,150-300,300,100,202,202,202,0,0,241,0,246,0,1,0,58,55,152,147
test_2415,117,100-150,300,94,117,117,117,0,0,136,0,159,0,0,0,40,40,77,77
test_2416,136,100-150,300,100,136,136,136,0,0,161,0,185,0,0,0,2,2,134,134
test_2417,127,100-150,300,94,119,119,119,0,0,162,0,244,0,0,0,34,29,93,90
test_2418,130,100-150,300,99,129,129,129,0,0,154,0,185,0,0,0,8,8,122,121
test_2419,168,150-300,300,99,164,164,164,0,0,201,0,232,0,0,0,26,25,142,139
test_242,166,150-300,300,99,161,161,161,0,0,213,0,255,0,0,0,39,35,127,126
test_2420,113,100-150,300,86,106,106,106,0,0,188,0,264,0,0,0,3,2,110,104
test_2421,126,100-150,300,99,126,126,126,0,0,137,0,146,0,0,0,3,3,123,123
test_2422,108,100-150,300,68,93,93,93,0,0,171,0,254,0,0,0,26,21,82,72
test_2423,146,100-150,300,99,142,142,142,0,0,153,0,160,0,0,0,7,7,139,135
test_2424,129,100-150,300,97,129,129,129,0,0,162,0,174,0,0,0,0,0,129,129
test_2425,146,100-150,300,99,145,145,145,0,0,184,0,227,0,0,0,87,87,59,58
test_2426,194,150-300,300,96,189,189,189,0,0,231,0,259,0,0,0,0,0,194,189
test_2427,370,>=300,300,98,294,294,294,0,0,300,1,300,1,0,0,23,11,347,283
test_2428,205,150-300,300,72,134,134,134,0,0,290,0,300,1,0,0,71,40,134,94
test_2429,168,150-300,300,100,168,168,168,0,0,178,0,184,0,0,0,9,9,159,159
test_243,176,150-300,300,100,175,175,175,0,0,188,0,204,0,0,0,9,8,167,167
test_2430,349,>=300,300,100,300,300,300,0,0,300,1,300,1,0,0,136,101,213,199
test_2431,115,100-150,300,97,112,112,112,0,0,153,0,188,0,0,0,11,11,104,101
test_2432,116,100-150,300,97,111,111,111,0,0,127,0,162,0,0,0,4,2,112,109
test_2433,151,150-300,300,100,150,150,150,0,0,195,0,249,0,0,0,21,21,130,129
test_2434,137,100-150,300,99,136,136,136,0,0,147,0,153,0,0,0,16,16,121,120
test_2435,161,150-300,300,97,161,161,161,0,0,177,0,186,0,0,0,4,4,157,157
test_2436,136,100-150,300,78,132,132,132,0,0,217,0,241,0,0,0,43,41,93,91
test_2437,142,100-150,300,96,133,133,133,0,0,181,0,232,0,0,0,8,5,134,128
test_2438,154,150-300,300,95,144,144,144,0,0,194,0,224,0,0,0,24,21,130,123
test_2439,99,50-100,300,70,79,79,79,0,0,159,0,249,0,0,0,7,2,92,77
test_244,155,150-300,300,99,148,148,148,0,0,187,0,212,0,0,0,29,25,126,123
test_2440,164,150-300,300,99,164,164,164,0,0,259,0,273,0,0,0,55,55,109,109
test_2441,129,100-150,300,94,127,127,127,0,0,152,0,201,0,0,0,67,65,62,62
test_2442,184,150-300,300,100,181,181,181,0,0,199,0,216,0,0,0,34,31,150,150
test_2443,121,100-150,300,99,118,118,118,0,0,147,0,208,0,0,0,7,7,114,111
test_2444,122,100-150,300,95,120,120,120,0,0,170,0,221,0,0,0,3,3,119,117
test_2445,167,150-300,300,94,159,159,159,0,0,218,0,242,0,0,0,14,12,153,147
test_2446,137,100-150,300,94,131,131,131,0,0,178,0,209,0,0,0,27,26,110,105
test_2447,173,150-300,300,93,162,162,162,0,0,263,0,286,0,0,0,99,93,74,69
test_2448,174,150-300,300,95,173,173,173,0,0,209,0,234,0,0,0,14,13,160,160
test_2449,168,150-300,300,94,165,165,165,0,0,233,0,275,0,0,0,77,75,91,90
test_245,176,150-300,300,100,176,176,176,0,0,207,0,228,0,0,0,44,44,132,132
test_2450,127,100-150,300,89,120,120,120,0,0,255,0,287,0,0,0,91,85,36,35
test_2451,148,100-150,300,89,134,134,134,0,0,257,0,293,0,0,0,77,74,71,60
test_2452,189,150-300,300,99,188,188,188,0,0,207,0,233,0,0,0,30,29,159,159
test_2453,194,150-300,300,98,194,194,194,0,0,217,0,231,0,0,0,47,47,147,147
test_2454,316,>=300,300,95,250,250,250,0,0,280,0,294,0,0,0,183,125,133,125
test_2455,152,150-300,300,100,152,152,152,0,0,198,0,222,0,0,0,21,21,131,131
test_2456,154,150-300,300,98,149,149,149,0,0,185,0,226,0,0,0,29,27,125,122
test_2457,135,100-150,300,95,132,132,132,0,0,167,0,195,0,0,0,0,0,135,132
test_2458,154,150-300,300,96,148,148,148,0,0,241,0,296,0,0,0,0,0,154,148
test_2459,124,100-150,300,97,124,124,124,0,0,146,0,173,0,0,0,1,1,123,123
test_246,124,100-150,300,98,123,123,123,0,0,177,0,221,0,0,0,8,8,116,115
test_2460,116,100-150,300,84,116,116,116,0,0,161,0,196,0,0,0,7,7,109,109
test_2461,183,150-300,300,97,169,169,169,0,0,231,0,281,0,0,0,130,121,53,48
test_2462,118,100-150,300,92,114,114,114,0,0,210,0,249,0,0,0,41,41,77,73
test_2463,120,100-150,300,100,120,120,120,0,0,150,0,181,0,0,0,0,0,120,120
test_2464,186,150-300,300,99,183,183,183,0,0,206,0,233,0,0,0,5,5,181,178
test_2465,195,150-300,300,99,194,194,194,0,0,206,0,219,0,0,0,8,7,187,187
test_2466,140,100-150,300,95,132,132,132,0,0,205,0,258,0,0,0,5,5,135,127
test_2467,136,100-150,300,94,117,117,117,0,0,164,0,254,0,0,0,20,15,116,102
test_2468,153,150-300,300,100,153,153,153,0,0,167,0,179,0,0,0,1,1,152,152
test_2469,188,150-300,300,94,175,175,175,0,0,237,0,276,0,1,1,108,99,79,75
test_247,271,150-300,300,84,217,217,217,0,0,279,0,299,0,0,0,199,149,72,68
test_2470,123,100-150,300,96,123,123,123,0,0,158,0,209,0,0,0,1,1,122,122
test_2471,187,150-300,300,67,122,122,122,0,0,223,0,259,0,0,0,75,35,112,87
test_2472,155,150-300,300,100,153,153,153,0,0,171,0,196,0,0,0,16,16,139,137
test_2473,140,100-150,300,99,134,134,134,0,0,183,0,237,0,0,0,22,17,118,117
test_2474,138,100-150,300,98,136,136,136,0,0,143,0,164,0,0,0,3,2,135,134
test_2475,132,100-150,300,96,131,131,131,0,0,153,0,183,0,0,0,15,14,117,117
test_2476,133,100-150,300,95,131,131,131,0,0,171,0,194,0,0,0,7,5,126,126
test_2477,140,100-150,300,93,135,135,135,0,0,196,0,222,0,0,0,2,2,138,133
test_2478,230,150-300,300,99,220,220,220,0,0,252,0,265,0,0,0,185,175,45,45
test_2479,140,100-150,300,100,140,140,140,0,0,163,0,187,0,0,0,1,1,139,139
test_248,141,100-150,300,96,129,129,129,0,0,212,0,270,0,0,0,49,39,92,90
test_2480,162,150-300,300,100,159,159,159,0,0,183,0,204,0,0,0,0,0,162,159
test_2481,139,100-150,300,84,125,125,125,0,0,168,0,211,0,0,0,4,3,135,122
test_2482,112,100-150,300,85,103,103,103,0,0,196,0,261,0,0,0,14,11,98,92
test_2483,125,100-150,300,100,124,124,124,0,0,132,0,135,0,0,0,4,3,121,121
test_2484,151,150-300,300,89,126,126,126,0,0,247,0,276,0,0,0,82,76,69,50
test_2485,216,150-300,300,100,216,216,216,0,0,238,0,258,0,0,0,19,19,197,197
test_2486,158,150-300,300,100,157,157,157,0,0,190,0,212,0,0,0,10,9,148,148
test_2487,85,50-100,300,76,81,81,81,0,0,206,0,246,0,0,0,24,23,61,58
test_2488,133,100-150,300,90,129,129,129,0,0,192,0,247,0,0,0,46,45,87,84
test_2489,168,150-300,300,93,168,168,168,0,0,224,0,280,0,0,0,31,31,137,137
test_249,136,100-150,300,96,134,134,134,0,0,157,0,176,0,0,0,1,1,135,133
test_2490,125,100-150,300,99,125,125,125,0,0,135,0,149,0,0,0,25,25,100,100
test_2491,131,100-150,300,100,131,131,131,0,0,154,0,191,0,0,0,8,8,123,123
test_2492,273,150-300,300,98,244,244,244,0,0,286,0,299,0,0,0,173,144,100,100
test_2493,126,100-150,300,98,119,119,119,0,0,137,0,175,0,0,0,24,19,102,100
test_2494,111,100-150,300,73,106,106,106,0,0,178,0,258,0,0,0,94,90,17,16
test_2495,131,100-150,300,96,127,127,127,0,0,195,0,222,0,0,0,8,7,123,120
test_2496,180,150-300,300,100,180,180,180,0,0,199,0,216,0,0,0,0,0,180,180
test_2497,200,150-300,300,100,199,199,199,0,0,225,0,248,0,0,0,0,0,200,199
test_2498,121,100-150,300,96,118,118,118,0,0,174,0,225,0,0,0,4,3,117,115
test_2499,119,100-150,300,94,118,118,118,0,0,150,0,178,0,0,0,2,2,117,116
test_25,128,100-150,300,98,127,127,127,0,0,153,0,177,0,0,0,1,1,127,126
test_250,158,150-300,300,97,151,151,151,0,0,191,0,230,0,0,0,10,8,148,143
test_2500,132,100-150,300,100,132,132,132,0,0,141,0,147,0,0,0,9,9,123,123
test_2501,188,150-300,300,58,126,126,126,0,0,233,0,259,0,0,0,55,37,133,89
test_2502,159,150-300,300,99,159,159,159,0,0,170,0,203,0,0,0,11,11,148,148
test_2503,134,100-150,300,98,134,134,134,0,0,184,0,204,0,0,0,14,14,120,120
test_2504,124,100-150,300,100,124,124,124,0,0,137,0,149,0,0,0,16,16,108,108
test_2505,96,50-100,300,80,94,94,94,0,0,152,0,222,0,0,0,2,2,94,92
test_2506,161,150-300,300,90,141,141,141,0,0,258,0,289,0,0,0,47,27,114,114
test_2507,115,100-150,300,97,110,110,110,0,0,184,0,245,0,0,0,60,56,55,54
test_2508,238,150-300,300,99,227,227,227,0,0,249,0,281,0,0,0,199,190,39,37
test_2509,164,150-300,300,99,164,164,164,0,0,180,0,209,0,0,0,42,42,122,122
test_251,106,100-150,300,91,106,106,106,0,0,153,0,175,0,0,0,3,3,103,103
test_2510,79,50-100,300,74,76,76,76,0,0,167,0,209,0,0,0,8,8,71,68
test_2511,156,150-300,300,100,154,154,154,0,0,207,0,251,0,0,0,0,0,156,154
test_2512,133,100-150,300,91,123,123,123,0,0,247,0,283,0,0,0,27,26,106,97
test_2513,141,100-150,300,97,141,141,141,0,0,157,0,196,0,0,0,64,64,77,77
test_2514,143,100-150,300,98,140,140,140,0,0,180,0,217,0,0,0,30,28,113,112
test_2515,152,150-300,300,100,152,152,152,0,0,189,0,235,0,0,0,12,12,140,140
test_2516,86,50-100,300,82,86,86,86,0,0,153,0,180,0,0,0,0,0,86,86
test_2517,221,150-300,300,100,213,213,213,0,0,257,0,277,0,0,0,7,7,214,206
test_2518,130,100-150,300,98,127,127,127,0,0,153,0,191,0,0,0,23,22,107,105
test_2519,126,100-150,300,97,125,125,125,0,0,148,0,199,0,0,0,20,19,106,106
test_252,160,150-300,300,93,154,154,154,0,0,188,0,232,0,0,0,25,25,135,129
test_2520,159,150-300,300,97,157,157,157,0,0,197,0,226,0,0,0,49,48,110,109
test_2521,143,100-150,300,98,137,137,137,0,0,197,0,236,0,0,0,13,10,130,127
test_2522,127,100-150,300,90,114,114,114,0,0,168,0,231,0,0,0,16,11,111,103
test_2523,122,100-150,300,87,122,122,122,0,0,160,0,193,0,0,0,7,7,115,115
test_2524,119,100-150,300,96,117,117,117,0,0,193,0,218,0,0,0,0,0,119,117
test_2525,126,100-150,300,95,122,122,122,0,0,165,0,211,0,0,0,36,32,90,90
test_2526,212,150-300,300,98,193,193,193,0,0,247,0,292,0,0,0,5,4,207,189
test_2527,137,100-150,300,96,137,137,137,0,0,168,0,195,0,0,0,44,44,93,93
test_2528,140,100-150,300,100,138,138,138,0,0,162,0,194,0,0,0,28,27,112,111
test_2529,111,100-150,300,90,106,106,106,0,0,146,0,196,0,0,0,2,1,109,105
test_253,163,150-300,300,97,163,163,163,0,0,183,0,219,0,0,0,113,113,50,50
test_2530,155,150-300,300,97,149,149,149,0,0,212,0,262,0,0,0,6,6,149,143
test_2531,213,150-300,300,100,209,209,209,0,0,242,0,262,0,0,0,40,38,173,171
test_2532,106,100-150,300,87,97,97,97,0,0,204,0,250,0,0,0,25,21,81,76
test_2533,119,100-150,300,100,118,118,118,0,0,139,0,155,0,0,0,7,7,112,111
test_2534,114,100-150,300,94,113,113,113,0,0,169,0,214,0,0,0,17,17,97,96
test_2535,155,150-300,300,99,152,152,152,0,0,209,0,250,0,0,0,36,34,119,118
test_2536,141,100-150,300,99,140,140,140,0,0,163,0,185,0,0,0,7,6,134,134
test_2537,132,100-150,300,99,128,128,128,0,0,173,0,232,0,0,0,17,16,115,112
test_2538,178,150-300,300,100,178,178,178,0,0,205,0,231,0,0,0,2,2,176,176
test_2539,157,150-300,300,100,155,155,155,0,0,188,0,224,0,0,0,30,29,127,126
test_254,122,100-150,300,95,113,113,113,0,0,183,0,230,0,0,0,2,0,120,113
test_2540,138,100-150,300,99,135,135,135,0,0,173,0,223,0,0,0,4,3,134,132
test_2541,177,150-300,300,99,177,177,177,0,0,191,0,201,0,0,0,54,54,123,123
test_2542,130,100-150,300,98,127,127,127,0,0,166,0,202,0,0,0,27,27,103,100
test_2543,209,150-300,300,98,202,202,202,0,0,268,0,290,0,0,0,73,68,136,134
test_2544,165,150-300,300,100,165,165,165,0,0,217,0,263,0,0,0,51,51,114,114
test_2545,111,100-150,300,90,108,108,108,0,0,145,0,202,0,0,0,0,0,111,108
test_2546,135,100-150,300,97,124,124,124,0,0,140,0,156,0,0,0,0,0,135,124
test_2547,123,100-150,300,100,122,122,122,0,0,138,0,152,0,0,0,3,3,120,119
test_2548,143,100-150,300,96,136,136,136,0,0,184,0,222,0,0,0,16,14,127,122
test_2549,233,150-300,300,100,232,232,232,0,0,243,0,274,0,0,0,122,121,111,111
test_255,138,100-150,300,100,138,138,138,0,0,163,0,184,0,0,0,8,8,130,130
test_2550,147,100-150,300,100,147,147,147,0,0,157,0,161,0,0,0,0,0,147,147
test_2551,117,100-150,300,90,109,109,109,0,0,212,0,259,0,0,0,10,8,107,101
test_2552,121,100-150,300,96,115,115,115,0,0,191,0,232,0,0,0,5,3,116,112
test_2553,125,100-150,300,100,124,124,124,0,0,144,0,179,0,0,0,6,6,119,118
test_2554,118,100-150,300,90,116,116,116,0,0,157,0,190,0,0,0,18,16,100,100
test_2555,107,100-150,300,76,92,92,92,0,0,164,0,214,0,0,0,17,9,90,83
test_2556,146,100-150,300,99,146,146,146,0,0,155,0,197,0,0,0,2,2,144,144
test_2557,144,100-150,300,98,141,141,141,0,0,172,0,207,0,0,0,30,27,114,114
test_2558,85,50-100,300,83,85,85,85,0,0,140,0,220,0,0,0,11,11,74,74
test_2559,141,100-150,300,99,141,141,141,0,0,157,0,179,0,0,0,28,28,113,113
test_256,144,100-150,300,98,143,143,143,0,0,163,0,186,0,0,0,7,7,137,136
test_2560,109,100-150,300,98,109,109,109,0,0,140,0,159,0,0,0,0,0,109,109
test_2561,155,150-300,300,98,153,153,153,0,0,190,0,236,0,0,0,19,17,136,136
test_2562,147,100-150,300,97,145,145,145,0,0,154,0,174,0,0,0,6,6,141,139
test_2563,105,100-150,300,94,105,105,105,0,0,127,0,148,0,0,0,2,2,103,103
test_2564,143,100-150,300,100,132,132,132,0,0,207,0,247,0,0,0,33,28,110,104
test_2565,48,<50,300,36,42,42,42,0,0,150,0,254,0,0,0,36,31,12,11
test_2566,120,100-150,300,100,119,119,119,0,0,156,0,166,0,0,0,1,1,119,118
test_2567,109,100-150,300,80,105,105,105,0,0,175,0,190,0,0,0,2,2,107,103
test_2568,213,150-300,300,96,188,188,188,0,0,254,0,277,0,2,0,114,91,97,97
test_2569,126,100-150,300,99,125,125,125,0,0,166,0,226,0,0,0,26,25,100,100
test_257,126,100-150,300,92,116,116,116,0,0,176,0,231,0,0,0,4,2,122,114
test_2570,134,100-150,300,93,126,126,126,0,0,201,0,252,0,0,0,36,28,98,98
test_2571,129,100-150,300,98,127,127,127,0,0,190,0,244,0,0,0,7,6,122,121
test_2572,162,150-300,300,99,161,161,161,0,0,236,0,252,0,0,0,17,17,145,144
test_2573,174,150-300,300,99,173,173,173,0,0,193,0,211,0,0,0,7,7,167,166
test_2574,132,100-150,300,96,127,127,127,0,0,226,0,265,0,0,0,35,34,97,93
test_2575,141,100-150,300,98,141,141,141,0,0,171,0,183,0,0,0,2,2,139,139
test_2576,138,100-150,300,100,138,138,138,0,0,157,0,163,0,0,0,0,0,138,138
test_2577,127,100-150,300,99,121,121,121,0,0,168,0,199,0,0,0,2,2,125,119
test_2578,118,100-150,300,84,101,101,101,0,0,270,0,294,0,0,0,70,53,48,48
test_2579,132,100-150,300,95,132,132,132,0,0,157,0,172,0,0,0,2,2,130,130
test_258,129,100-150,300,91,123,123,123,0,0,171,0,228,0,0,0,14,11,115,112
test_2580,138,100-150,300,96,136,136,136,0,0,158,0,200,0,0,0,18,17,120,119
test_2581,131,100-150,300,98,129,129,129,0,0,170,0,209,0,0,0,2,2,129,127
test_2582,131,100-150,300,100,131,131,131,0,0,153,0,177,0,0,0,49,49,82,82
test_2583,146,100-150,300,88,132,132,132,0,0,198,0,238,0,0,0,21,18,125,114
test_2584,135,100-150,300,100,132,132,132,0,0,141,0,157,0,0,0,16,16,119,116
test_2585,129,100-150,300,98,127,127,127,0,0,171,0,203,0,0,0,11,10,118,117
test_2586,148,100-150,300,100,143,143,143,0,0,161,0,190,0,0,0,4,2,144,141
test_2587,121,100-150,300,100,120,120,120,0,0,143,0,169,0,0,0,36,36,85,84
test_2588,135,100-150,300,100,135,135,135,0,0,169,0,197,0,0,0,50,50,85,85
test_2589,107,100-150,300,91,101,101,101,0,0,204,0,245,0,1,0,13,13,93,88
test_259,112,100-150,300,96,104,104,104,0,0,182,0,238,0,0,0,10,7,102,97
test_2590,102,100-150,300,88,102,102,102,0,0,131,0,152,0,0,0,5,5,97,97
test_2591,126,100-150,300,82,99,99,99,0,0,275,0,294,0,0,0,10,6,116,93
test_2592,127,100-150,300,100,127,127,127,0,0,130,0,138,0,0,0,4,4,123,123
test_2593,128,100-150,300,100,128,128,128,0,0,134,0,170,0,0,0,15,15,113,113
test_2594,174,150-300,300,100,174,174,174,0,0,200,0,223,0,0,0,6,6,168,168
test_2595,151,150-300,300,100,148,148,148,0,0,170,0,200,0,0,0,9,8,142,140
test_2596,132,100-150,300,100,132,132,132,0,0,148,0,169,0,0,0,5,5,127,127
test_2597,142,100-150,300,100,142,142,142,0,0,157,0,165,0,0,0,0,0,142,142
test_2598,121,100-150,300,99,121,121,121,0,0,137,0,158,0,0,0,7,7,114,114
test_2599,121,100-150,300,100,121,121,121,0,0,199,0,253,0,0,0,0,0,121,121
test_26,105,100-150,300,94,103,103,103,0,0,137,0,199,0,0,0,1,1,104,102
test_260,139,100-150,300,97,133,133,133,0,0,180,0,230,0,0,0,5,5,134,128
test_2600,134,100-150,300,96,127,127,127,0,0,250,0,278,0,0,0,52,50,82,77
test_2601,108,100-150,300,99,108,108,108,0,0,117,0,127,0,0,0,2,2,106,106
test_2602,123,100-150,300,89,122,122,122,0,0,144,0,170,0,0,0,13,13,110,109
test_2603,139,100-150,300,99,137,137,137,0,0,197,0,224,0,0,0,15,15,124,122
test_2604,143,100-150,300,96,136,136,136,0,0,196,0,247,0,0,0,53,46,90,90
test_2605,207,150-300,300,88,194,194,194,0,0,260,0,294,0,0,0,106,97,101,97
test_2606,123,100-150,300,98,119,119,119,0,0,140,0,204,0,0,0,14,12,109,107
test_2607,139,100-150,300,89,131,131,131,0,0,173,0,195,0,0,0,46,46,93,85
test_2608,178,150-300,300,99,163,163,163,0,0,203,0,228,0,1,0,66,54,111,109
test_2609,131,100-150,300,96,130,130,130,0,0,167,0,198,0,0,0,0,0,131,130
test_261,139,100-150,300,100,138,138,138,0,0,154,0,172,0,0,0,17,17,122,121
test_2610,89,50-100,300,75,85,85,85,0,0,169,0,220,0,0,0,4,3,85,82
test_2611,138,100-150,300,99,137,137,137,0,0,164,0,190,0,0,0,6,6,132,131
test_2612,144,100-150,300,99,142,142,142,0,0,178,0,221,0,0,0,54,53,90,89
test_2613,133,100-150,300,70,90,90,90,0,0,209,0,296,0,0,0,6,6,127,84
test_2614,126,100-150,300,98,125,125,125,0,0,168,0,202,0,0,0,7,7,119,118
test_2615,198,150-300,300,92,192,192,192,0,0,232,0,251,0,0,0,75,73,123,119
test_2616,121,100-150,300,100,121,121,121,0,0,133,0,147,0,0,0,14,14,107,107
test_2617,111,100-150,300,97,111,111,111,0,0,164,0,213,0,0,0,53,53,58,58
test_2618,143,100-150,300,100,143,143,143,0,0,164,0,183,0,0,0,5,5,138,138
test_2619,133,100-150,300,97,133,133,133,0,0,145,0,153,0,0,0,1,1,132,132
test_262,130,100-150,300,96,122,122,122,0,0,155,0,198,0,0,0,14,13,116,109
test_2620,135,100-150,300,100,134,134,134,0,0,155,0,180,0,0,0,1,1,134,133
test_2621,222,150-300,300,100,214,214,214,0,0,255,0,283,0,0,0,32,30,190,184
test_2622,174,150-300,300,100,170,170,170,0,0,201,0,238,0,0,0,89,85,85,85
test_2623,123,100-150,300,97,123,123,123,0,0,142,0,161,0,0,0,4,4,119,119
test_2624,121,100-150,300,97,120,120,120,0,0,140,0,182,0,0,0,0,0,121,120
test_2625,129,100-150,300,98,127,127,127,0,0,164,0,196,0,0,0,1,1,128,126
test_2626,171,150-300,300,100,168,168,168,0,0,195,0,209,0,0,0,18,18,153,150
test_2627,87,50-100,300,71,78,78,78,0,0,244,0,280,0,0,0,26,25,61,53
test_2628,128,100-150,300,98,128,128,128,0,0,147,0,197,0,0,0,40,40,88,88
test_2629,118,100-150,300,86,113,113,113,0,0,173,0,211,0,0,0,12,11,106,102
test_263,148,100-150,300,96,138,138,138,0,0,224,0,253,0,0,0,20,18,128,120
test_2630,120,100-150,300,95,120,120,120,0,0,170,0,200,0,0,0,0,0,120,120
test_2631,133,100-150,300,98,130,130,130,0,0,150,0,202,0,0,0,18,18,115,112
test_2632,162,150-300,300,98,162,162,162,0,0,193,0,225,0,0,0,14,14,148,148
test_2633,120,100-150,300,99,120,120,120,0,0,138,0,167,0,0,0,14,14,106,106
test_2634,127,100-150,300,91,121,121,121,0,0,188,0,236,0,2,0,42,40,83,81
test_2635,178,150-300,300,98,173,173,173,0,0,192,0,203,0,0,0,25,24,153,149
test_2636,127,100-150,300,99,127,127,127,0,0,185,0,224,0,0,0,1,1,126,126
test_2637,107,100-150,300,94,102,102,102,0,0,188,0,243,0,1,0,0,0,106,102
test_2638,153,150-300,300,93,146,146,146,0,0,201,0,252,0,0,0,9,8,144,138
test_2639,157,150-300,300,96,157,157,157,0,0,203,0,240,0,0,0,20,20,137,137
test_264,25,<50,300,24,24,24,24,0,0,100,0,231,0,0,0,0,0,25,24
test_2640,246,150-300,300,89,206,206,206,0,0,267,0,298,0,5,4,216,182,25,20
test_2641,115,100-150,300,85,106,106,106,0,0,192,0,271,0,0,0,47,45,68,61
test_2642,137,100-150,300,100,137,137,137,0,0,155,0,181,0,0,0,3,3,134,134
test_2643,134,100-150,300,98,132,132,132,0,0,234,0,291,0,0,0,11,10,123,122
test_2644,132,100-150,300,99,127,127,127,0,0,161,0,198,0,0,0,29,26,103,101
test_2645,110,100-150,300,95,109,109,109,0,0,132,0,149,0,0,0,0,0,110,109
test_2646,148,100-150,300,94,139,139,139,0,0,180,0,221,0,0,0,11,9,137,130
test_2647,160,150-300,300,100,160,160,160,0,0,173,0,179,0,0,0,0,0,160,160
test_2648,158,150-300,300,77,133,133,133,0,0,157,0,207,0,0,0,30,22,128,111
test_2649,149,100-150,300,100,147,147,147,0,0,197,0,235,0,0,0,32,31,117,116
test_265,123,100-150,300,79,120,120,120,0,0,165,0,207,0,0,0,25,23,98,97
test_2650,155,150-300,300,100,152,152,152,0,0,194,0,220,0,0,0,12,11,143,141
test_2651,133,100-150,300,98,133,133,133,0,0,167,0,179,0,0,0,0,0,133,133
test_2652,162,150-300,300,100,161,161,161,0,0,186,0,226,0,0,0,4,4,158,157
test_2653,149,100-150,300,100,147,147,147,0,0,166,0,183,0,0,0,22,20,127,127
test_2654,116,100-150,300,95,116,116,116,0,0,145,0,185,0,0,0,0,0,116,116
test_2655,112,100-150,300,96,112,112,112,0,0,143,0,158,0,0,0,0,0,112,112
test_2656,143,100-150,300,98,139,139,139,0,0,189,0,212,0,0,0,14,14,129,125
test_2657,136,100-150,300,77,118,118,118,0,0,173,0,236,0,0,0,42,26,94,92
test_2658,161,150-300,300,100,158,158,158,0,0,171,0,195,0,0,0,18,18,143,140
test_2659,179,150-300,300,99,165,165,165,0,0,218,0,258,0,0,0,72,62,107,103
test_266,118,100-150,300,100,118,118,118,0,0,135,0,155,0,0,0,1,1,117,117
test_2660,154,150-300,300,99,154,154,154,0,0,180,0,206,0,0,0,29,29,125,125
test_2661,152,150-300,300,99,149,149,149,0,0,190,0,238,0,0,0,16,13,136,136
test_2662,154,150-300,300,100,152,152,152,0,0,168,0,185,0,0,0,2,0,152,152
test_2663,144,100-150,300,94,133,133,133,0,0,205,0,248,0,0,0,2,2,142,131
test_2664,119,100-150,300,98,119,119,119,0,0,147,0,176,0,0,0,8,8,111,111
test_2665,136,100-150,300,98,129,129,129,0,0,166,0,217,0,0,0,49,45,87,84
test_2666,189,150-300,300,99,185,185,185,0,0,203,0,225,0,0,0,63,61,126,124
test_2667,130,100-150,300,97,128,128,128,0,0,179,0,225,0,0,0,7,6,123,122
test_2668,124,100-150,300,91,123,123,123,0,0,156,0,193,0,0,0,10,10,114,113
test_2669,180,150-300,300,100,176,176,176,0,0,224,0,252,0,0,0,54,51,126,125
test_267,147,100-150,300,96,146,146,146,0,0,199,0,222,0,0,0,11,11,136,135
test_2670,124,100-150,300,99,124,124,124,0,0,154,0,197,0,0,0,4,4,120,120
test_2671,140,100-150,300,99,139,139,139,0,0,147,0,166,0,1,0,24,24,115,115
test_2672,198,150-300,300,97,189,189,189,0,0,235,0,253,0,0,0,52,47,146,142
test_2673,159,150-300,300,98,155,155,155,0,0,188,0,228,0,0,0,57,57,102,98
test_2674,108,100-150,300,93,108,108,108,0,0,162,0,200,0,0,0,0,0,108,108
test_2675,127,100-150,300,98,127,127,127,0,0,157,0,167,0,0,0,0,0,127,127
test_2676,147,100-150,300,100,146,146,146,0,0,183,0,219,0,0,0,17,17,130,129
test_2677,163,150-300,300,95,155,155,155,0,0,192,0,237,0,0,0,18,15,145,140
test_2678,154,150-300,300,100,154,154,154,0,0,183,0,225,0,0,0,21,21,133,133
test_2679,111,100-150,300,99,110,110,110,0,0,170,0,230,0,0,0,0,0,111,110
test_268,129,100-150,300,94,128,128,128,0,0,145,0,168,0,0,0,0,0,129,128
test_2680,106,100-150,300,99,106,106,106,0,0,124,0,154,0,0,0,0,0,106,106
test_2681,384,>=300,300,98,200,200,200,0,0,276,0,297,0,91,6,197,101,96,93
test_2682,192,150-300,300,98,184,184,184,0,0,217,0,239,0,0,0,6,4,186,180
test_2683,124,100-150,300,100,122,122,122,0,0,134,0,142,0,0,0,10,9,114,113
test_2684,150,150-300,300,100,149,149,149,0,0,167,0,187,0,0,0,2,2,148,147
test_2685,154,150-300,300,100,151,151,151,0,0,184,0,206,0,0,0,3,2,151,149
test_2686,230,150-300,300,90,207,207,207,0,0,279,0,295,0,0,0,126,104,104,103
test_2687,100,100-150,300,93,100,100,100,0,0,175,0,187,0,0,0,0,0,100,100
test_2688,135,100-150,300,90,124,124,124,0,0,249,0,292,0,0,0,38,34,97,90
test_2689,105,100-150,300,86,95,95,95,0,0,170,0,230,0,0,0,2,2,103,93
test_269,123,100-150,300,95,118,118,118,0,0,167,0,199,0,0,0,2,2,121,116
test_2690,137,100-150,300,100,137,137,137,0,0,162,0,199,0,0,0,2,2,135,135
test_2691,159,150-300,300,81,94,94,94,0,0,291,0,299,0,0,0,51,9,108,85
test_2692,270,150-300,300,93,203,203,203,0,0,262,0,293,0,13,2,199,144,58,57
test_2693,107,100-150,300,91,101,101,101,0,0,146,0,193,0,0,0,2,2,105,99
test_2694,114,100-150,300,96,114,114,114,0,0,137,0,164,0,0,0,4,4,110,110
test_2695,71,50-100,300,47,55,55,55,0,0,147,0,205,0,24,18,47,37,0,0
test_2696,139,100-150,300,92,125,125,125,0,0,183,0,241,0,1,0,77,66,61,59
test_2697,127,100-150,300,90,125,125,125,0,0,180,0,230,0,0,0,6,6,121,119
test_2698,123,100-150,300,96,120,120,120,0,0,137,0,157,0,0,0,11,8,112,112
test_2699,115,100-150,300,91,112,112,112,0,0,167,0,213,0,0,0,10,10,105,102
test_27,161,150-300,300,95,151,151,151,0,0,204,0,270,0,1,1,97,88,63,62
test_270,100,100-150,300,79,100,100,100,0,0,221,0,248,0,0,0,2,2,98,98
test_2700,185,150-300,300,94,169,169,169,0,0,192,0,224,0,0,0,6,6,179,163
test_2701,374,>=300,300,95,283,283,283,0,0,295,0,300,1,0,0,258,181,116,102
test_2702,120,100-150,300,81,108,108,108,0,0,166,0,217,0,0,0,18,16,102,92
test_2703,154,150-300,300,98,143,143,143,0,0,221,0,255,0,0,0,12,7,142,136
test_2704,345,>=300,300,100,284,284,284,0,0,293,0,299,0,0,0,97,73,248,211
test_2705,160,150-300,300,100,154,154,154,0,0,215,0,274,0,0,0,8,8,152,146
test_2706,186,150-300,300,100,185,185,185,0,0,192,0,211,0,0,0,26,26,160,159
test_2707,214,150-300,300,99,213,213,213,0,0,226,0,247,0,0,0,89,88,125,125
test_2708,147,100-150,300,100,147,147,147,0,0,171,0,195,0,0,0,13,13,134,134
test_2709,340,>=300,300,100,276,276,276,0,0,297,0,300,1,0,0,181,124,159,152
test_271,120,100-150,300,95,119,119,119,0,0,149,0,202,0,0,0,2,1,118,118
test_2710,142,100-150,300,100,141,141,141,0,0,154,0,179,0,0,0,24,24,118,117
test_2711,112,100-150,300,88,111,111,111,0,0,156,0,174,0,0,0,0,0,112,111
test_2712,138,100-150,300,98,137,137,137,0,0,165,0,225,0,0,0,23,23,115,114
test_2713,146,100-150,300,98,140,140,140,0,0,162,0,197,0,0,0,38,33,108,107
test_2714,165,150-300,300,89,149,149,149,0,0,193,0,265,0,0,0,88,73,77,76
test_2715,115,100-150,300,85,109,109,109,0,0,165,0,214,0,0,0,0,0,115,109
test_2716,127,100-150,300,100,125,125,125,0,0,143,0,177,0,0,0,19,17,108,108
test_2717,193,150-300,300,98,188,188,188,0,0,244,0,273,0,0,0,17,17,176,171
test_2718,207,150-300,300,100,174,174,174,0,0,282,0,295,0,0,0,150,125,57,49
test_2719,144,100-150,300,100,141,141,141,0,0,179,0,201,0,0,0,42,41,102,100
test_272,172,150-300,300,82,144,144,144,0,0,227,0,266,0,0,0,24,18,148,126
test_2720,135,100-150,300,99,134,134,134,0,0,153,0,179,0,0,0,0,0,135,134
test_2721,225,150-300,300,100,218,218,218,0,0,251,0,265,0,0,0,76,70,149,148
test_2722,136,100-150,300,99,134,134,134,0,0,147,0,166,0,0,0,1,0,135,134
test_2723,127,100-150,300,94,127,127,127,0,0,166,0,204,0,0,0,0,0,127,127
test_2724,116,100-150,300,98,114,114,114,0,0,137,0,205,0,0,0,17,16,99,98
test_2725,128,100-150,300,99,124,124,124,0,0,149,0,170,0,0,0,24,24,104,100
test_2726,157,150-300,300,99,155,155,155,0,0,181,0,227,0,0,0,74,72,83,83
test_2727,133,100-150,300,74,123,123,123,0,0,272,0,294,0,0,0,49,49,84,74
test_2728,114,100-150,300,97,113,113,113,0,0,153,0,231,0,0,0,17,16,97,97
test_2729,141,100-150,300,95,138,138,138,0,0,176,0,217,0,0,0,23,21,118,117
test_273,163,150-300,300,96,151,151,151,0,0,239,0,267,0,0,0,42,35,121,116
test_2730,137,100-150,300,97,132,132,132,0,0,167,0,214,0,0,0,23,19,114,113
test_2731,142,100-150,300,100,142,142,142,0,0,151,0,169,0,0,0,20,20,122,122
test_2732,138,100-150,300,97,134,134,134,0,0,214,0,238,0,0,0,60,60,78,74
test_2733,143,100-150,300,87,133,133,133,0,0,197,0,236,0,0,0,2,2,141,131
test_2734,139,100-150,300,100,137,137,137,0,0,152,0,178,0,0,0,2,0,137,137
test_2735,110,100-150,300,81,104,104,104,0,0,178,0,201,0,0,0,0,0,110,104
test_2736,138,100-150,300,100,135,135,135,0,0,161,0,169,0,0,0,25,24,113,111
test_2737,96,50-100,300,82,89,89,89,0,0,178,0,230,0,0,0,1,1,95,88
test_2738,145,100-150,300,96,143,143,143,0,0,171,0,194,0,0,0,80,78,65,65
test_2739,146,100-150,300,100,134,134,134,0,0,170,0,200,0,0,0,85,83,61,51
test_2740,158,150-300,300,99,144,144,144,0,0,167,0,201,0,0,0,55,46,103,98
test_2741,134,100-150,300,95,134,134,134,0,0,164,0,222,0,0,0,33,33,101,101
test_2742,114,100-150,300,99,114,114,114,0,0,148,0,171,0,0,0,1,1,113,113
test_2743,184,150-300,300,99,176,176,176,0,0,247,0,275,0,0,0,51,44,133,132
test_2744,151,150-300,300,98,150,150,150,0,0,187,0,222,0,0,0,33,33,118,117
test_2745,156,150-300,300,99,154,154,154,0,0,254,0,286,0,0,0,19,18,137,136
test_2746,132,100-150,300,100,131,131,131,0,0,163,0,192,0,0,0,18,18,114,113
test_2747,178,150-300,300,100,176,176,176,0,0,209,0,238,0,0,0,112,111,66,65
test_2748,136,100-150,300,98,135,135,135,0,0,164,0,218,0,0,0,11,11,125,124
test_2749,174,150-300,300,99,174,174,174,0,0,183,0,191,0,0,0,44,44,130,130
test_275,134,100-150,300,100,132,132,132,0,0,146,0,179,0,0,0,1,0,133,132
test_2750,121,100-150,300,99,118,118,118,0,0,161,0,188,0,0,0,1,1,120,117
test_2751,143,100-150,300,100,142,142,142,0,0,179,0,204,0,0,0,7,7,136,135
test_2752,108,100-150,300,94,108,108,108,0,0,140,0,170,0,0,0,20,20,88,88
test_2753,258,150-300,300,100,223,223,223,0,0,282,0,299,0,0,0,90,64,168,159
test_2754,157,150-300,300,97,146,146,146,0,0,205,0,236,0,0,0,24,21,133,125
test_2755,96,50-100,300,85,91,91,91,0,0,116,0,188,0,0,0,12,9,84,82
test_2756,160,150-300,300,92,156,156,156,0,0,248,0,270,0,0,0,57,57,103,99
test_2757,65,50-100,300,62,65,65,65,0,0,230,0,284,0,0,0,15,15,50,50
test_2758,119,100-150,300,97,115,115,115,0,0,177,0,217,0,0,0,12,11,107,104
test_2759,121,100-150,300,100,121,121,121,0,0,140,0,157,0,0,0,0,0,121,121
test_276,138,100-150,300,100,138,138,138,0,0,146,0,164,0,0,0,9,9,129,129
test_2760,203,150-300,300,93,200,200,200,0,0,250,0,265,0,0,0,77,76,126,124
test_2761,110,100-150,300,90,103,103,103,0,0,163,0,215,0,2,2,26,21,82,80
test_2762,128,100-150,300,99,126,126,126,0,0,164,0,222,0,0,0,16,16,112,110
test_2763,132,100-150,300,97,128,128,128,0,0,143,0,177,0,0,0,19,15,113,113
test_2764,157,150-300,300,95,154,154,154,0,0,207,0,227,0,0,0,11,11,146,143
test_2765,127,100-150,300,99,126,126,126,0,0,160,0,195,0,0,0,1,0,126,126
test_2766,125,100-150,300,95,124,124,124,0,0,153,0,208,0,0,0,26,25,99,99
test_2767,203,150-300,300,99,201,201,201,0,0,240,0,270,0,0,0,89,87,114,114
test_2768,203,150-300,300,96,157,157,157,0,0,269,0,292,0,0,0,92,55,111,102
test_2769,129,100-150,300,100,128,128,128,0,0,153,0,204,0,0,0,15,15,114,113
test_277,132,100-150,300,100,131,131,131,0,0,161,0,193,0,0,0,16,16,116,115
test_2770,152,150-300,300,99,149,149,149,0,0,211,0,259,0,0,0,5,3,147,146
test_2771,149,100-150,300,100,149,149,149,0,0,206,0,231,0,0,0,43,43,106,106
test_2772,157,150-300,300,94,150,150,150,0,0,233,0,273,0,0,0,27,25,130,125
test_2773,120,100-150,300,95,114,114,114,0,0,164,0,200,0,0,0,5,4,115,110
test_2774,138,100-150,300,97,135,135,135,0,0,190,0,226,0,0,0,21,18,117,117
test_2775,128,100-150,300,97,125,125,125,0,0,168,0,197,0,0,0,8,8,120,117
test_2776,125,100-150,300,94,118,118,118,0,0,195,0,242,0,0,0,12,11,113,107
test_2777,164,150-300,300,99,163,163,163,0,0,206,0,240,0,0,0,66,65,98,98
test_2778,146,100-150,300,90,143,143,143,0,0,185,0,226,0,0,0,0,0,146,143
test_2779,135,100-150,300,84,129,129,129,0,0,159,0,165,0,0,0,2,2,133,127
test_278,115,100-150,300,83,95,95,95,0,0,240,0,277,0,0,0,9,1,106,94
test_2780,136,100-150,300,97,136,136,136,0,0,161,0,184,0,0,0,5,5,131,131
test_2781,120,100-150,300,97,120,120,120,0,0,143,0,160,0,0,0,0,0,120,120
test_2782,123,100-150,300,99,123,123,123,0,0,146,0,185,0,0,0,0,0,123,123
test_2783,155,150-300,300,98,148,148,148,0,0,266,0,291,0,0,0,57,54,98,94
test_2784,217,150-300,300,88,135,135,135,0,0,291,0,298,0,2,0,137,80,78,55
test_2785,115,100-150,300,96,111,111,111,0,0,155,0,207,0,0,0,2,2,113,109
test_2786,173,150-300,300,95,165,165,165,0,0,211,0,227,0,0,0,100,92,73,73
test_2787,138,100-150,300,97,138,138,138,0,0,170,0,208,0,0,0,0,0,138,138
test_2788,133,100-150,300,97,126,126,126,0,0,164,0,198,0,0,0,11,10,122,116
test_2789,153,150-300,300,99,153,153,153,0,0,165,0,175,0,0,0,0,0,153,153
test_279,120,100-150,300,83,108,108,108,0,0,144,0,188,0,0,0,6,4,114,104
test_2790,130,100-150,300,100,130,130,130,0,0,167,0,193,0,0,0,5,5,125,125
test_2791,134,100-150,300,98,132,132,132,0,0,150,0,183,0,1,0,12,12,121,120
test_2792,100,100-150,300,91,96,96,96,0,0,141,0,179,0,0,0,1,1,99,95
test_2793,113,100-150,300,86,113,113,113,0,0,146,0,168,0,0,0,0,0,113,113
test_2794,155,150-300,300,100,147,147,147,0,0,236,0,270,0,0,0,15,15,140,132
test_2795,162,150-300,300,100,161,161,161,0,0,184,0,201,0,0,0,34,33,128,128
test_2796,143,100-150,300,96,137,137,137,0,0,197,0,232,0,0,0,0,0,143,137
test_2797,138,100-150,300,100,137,137,137,0,0,155,0,170,0,0,0,10,9,128,128
test_2798,178,150-300,300,100,169,169,169,0,0,197,0,221,0,0,0,44,38,134,131
test_2799,148,100-150,300,98,143,143,143,0,0,186,0,235,0,0,0,29,25,119,118
test_28,125,100-150,300,99,125,125,125,0,0,152,0,175,0,0,0,1,1,124,124
test_280,119,100-150,300,96,115,115,115,0,0,141,0,163,0,0,0,6,6,113,109
test_2800,333,>=300,300,99,264,264,264,0,0,299,0,300,1,1,0,189,128,143,136
test_2801,122,100-150,300,100,122,122,122,0,0,131,0,142,0,0,0,0,0,122,122
test_2802,126,100-150,300,97,125,125,125,0,0,156,0,180,0,0,0,33,32,93,93
test_2803,126,100-150,300,100,126,126,126,0,0,133,0,170,0,0,0,7,7,119,119
test_2804,129,100-150,300,99,128,128,128,0,0,157,0,199,0,0,0,12,12,117,116
test_2805,153,150-300,300,99,152,152,152,0,0,175,0,206,0,0,0,2,2,151,150
test_2806,107,100-150,300,96,107,107,107,0,0,159,0,185,0,0,0,1,1,106,106
test_2807,204,150-300,300,95,167,167,167,0,0,294,0,300,1,0,0,91,56,113,111
test_2808,122,100-150,300,98,122,122,122,0,0,152,0,175,0,0,0,2,2,120,120
test_2809,125,100-150,300,99,124,124,124,0,0,142,0,163,0,0,0,0,0,125,124
test_281,142,100-150,300,98,138,138,138,0,0,169,0,208,0,0,0,100,97,42,41
test_2810,214,150-300,300,100,197,197,197,0,0,238,0,259,0,0,0,122,109,92,88
test_2811,130,100-150,300,99,128,128,128,0,0,171,0,216,0,0,0,29,27,101,101
test_2812,147,100-150,300,99,139,139,139,0,0,207,0,252,0,0,0,34,29,113,110
test_2813,117,100-150,300,98,117,117,117,0,0,154,0,171,0,0,0,0,0,117,117
test_2814,377,>=300,300,94,203,203,203,0,0,299,0,299,0,0,0,88,33,289,170
test_2815,158,150-300,300,100,158,158,158,0,0,178,0,208,0,0,0,2,2,156,156
test_2816,159,150-300,300,100,159,159,159,0,0,179,0,200,0,0,0,36,36,123,123
test_2817,127,100-150,300,99,126,126,126,0,0,143,0,162,0,0,0,0,0,127,126
test_2818,265,150-300,300,100,249,249,249,0,0,261,0,281,0,7,7,215,199,43,43
test_2819,136,100-150,300,99,136,136,136,0,0,162,0,185,0,0,0,32,32,104,104
test_282,176,150-300,300,98,174,174,174,0,0,191,0,233,0,0,0,35,34,141,140
test_2820,155,150-300,300,93,145,145,145,0,0,258,0,276,0,0,0,71,67,84,78
test_2821,139,100-150,300,89,139,139,139,0,0,186,0,215,0,0,0,1,1,138,138
test_2822,144,100-150,300,100,142,142,142,0,0,178,0,217,0,0,0,41,40,103,102
test_2823,183,150-300,300,83,162,162,162,0,0,236,0,265,0,1,0,82,70,100,92
test_2824,124,100-150,300,100,123,123,123,0,0,131,0,147,0,0,0,28,27,96,96
test_2825,254,150-300,300,98,238,238,238,0,0,267,0,289,0,0,0,126,115,128,123
test_2826,210,150-300,300,100,205,205,205,0,0,235,0,253,0,0,0,12,9,198,196
test_2827,92,50-100,300,78,87,87,87,0,0,235,0,271,0,0,0,40,37,52,50
test_2828,135,100-150,300,91,124,124,124,0,0,172,0,198,0,0,0,20,10,115,114
test_2829,189,150-300,300,99,177,177,177,0,0,224,0,243,0,0,0,15,11,174,166
test_283,188,150-300,300,95,172,172,172,0,0,216,0,256,0,0,0,6,5,182,167
test_2830,149,100-150,300,84,139,139,139,0,0,231,0,270,0,0,0,2,2,147,137
test_2831,162,150-300,300,93,160,160,160,0,0,213,0,248,0,0,0,23,23,139,137
test_2832,114,100-150,300,95,114,114,114,0,0,166,0,223,0,0,0,4,4,110,110
test_2833,143,100-150,300,100,139,139,139,0,0,155,0,182,0,0,0,19,15,124,124
test_2834,155,150-300,300,82,134,134,134,0,0,245,0,283,0,0,0,67,55,88,79
test_2835,147,100-150,300,98,145,145,145,0,0,167,0,182,0,0,0,9,8,138,137
test_2836,173,150-300,300,100,173,173,173,0,0,187,0,200,0,0,0,29,29,144,144
test_2837,155,150-300,300,100,151,151,151,0,0,191,0,232,0,0,0,33,30,122,121
test_2838,163,150-300,300,87,155,155,155,0,0,205,0,230,0,0,0,36,35,127,120
test_2839,156,150-300,300,100,156,156,156,0,0,168,0,190,0,0,0,0,0,156,156
test_284,117,100-150,300,89,107,107,107,0,0,164,0,228,0,0,0,23,16,94,91
test_2840,113,100-150,300,100,113,113,113,0,0,124,0,157,0,0,0,2,2,111,111
test_2841,147,100-150,300,100,147,147,147,0,0,166,0,191,0,0,0,5,5,142,142
test_2842,123,100-150,300,100,123,123,123,0,0,147,0,205,0,0,0,7,7,116,116
test_2843,118,100-150,300,99,117,117,117,0,0,134,0,165,0,0,0,2,2,116,115
test_2844,134,100-150,300,98,130,130,130,0,0,168,0,195,0,0,0,9,9,125,121
test_2845,129,100-150,300,100,129,129,129,0,0,151,0,168,0,0,0,5,5,124,124
test_2846,108,100-150,300,95,107,107,107,0,0,152,0,198,0,0,0,1,1,107,106
test_2847,166,150-300,300,100,163,163,163,0,0,182,0,208,0,0,0,1,1,165,162
test_2848,136,100-150,300,93,136,136,136,0,0,166,0,201,0,0,0,12,12,124,124
test_2849,132,100-150,300,99,129,129,129,0,0,161,0,192,0,0,0,23,21,109,108
test_285,199,150-300,300,99,185,185,185,0,0,246,0,274,0,0,0,68,59,131,126
test_2850,174,150-300,300,98,172,172,172,0,0,219,0,245,0,0,0,13,13,161,159
test_2851,129,100-150,300,100,127,127,127,0,0,141,0,154,0,0,0,23,23,106,104
test_2852,109,100-150,300,81,106,106,106,0,0,170,0,193,0,0,0,0,0,109,106
test_2853,129,100-150,300,95,129,129,129,0,0,167,0,187,0,0,0,3,3,126,126
test_2854,151,150-300,300,99,150,150,150,0,0,183,0,202,0,0,0,18,17,133,133
test_2855,132,100-150,300,98,132,132,132,0,0,188,0,217,0,0,0,2,2,130,130
test_2856,132,100-150,300,98,129,129,129,0,0,164,0,225,0,0,0,19,19,113,110
test_2857,169,150-300,300,99,166,166,166,0,0,221,0,259,0,0,0,56,55,113,111
test_2858,239,150-300,300,99,231,231,231,0,0,281,0,297,0,0,0,0,0,239,231
test_2859,136,100-150,300,100,135,135,135,0,0,162,0,174,0,0,0,0,0,136,135
test_286,110,100-150,300,92,110,110,110,0,0,148,0,176,0,0,0,1,1,109,109
test_2860,127,100-150,300,98,124,124,124,0,0,137,0,143,0,0,0,2,0,125,124
test_2861,173,150-300,300,97,163,163,163,0,0,191,0,257,0,0,0,71,66,102,97
test_2862,158,150-300,300,98,153,153,153,0,0,198,0,253,0,0,0,8,6,150,147
test_2863,152,150-300,300,100,151,151,151,0,0,166,0,188,0,0,0,1,1,151,150
test_2864,165,150-300,300,100,158,158,158,0,0,186,0,237,0,0,0,4,4,161,154
test_2865,169,150-300,300,100,168,168,168,0,0,198,0,233,0,0,0,66,65,103,103
test_2866,66,50-100,300,52,55,55,55,0,0,169,0,211,0,0,0,0,0,66,55
test_2867,138,100-150,300,98,136,136,136,0,0,157,0,178,0,0,0,1,0,137,136
test_2868,125,100-150,300,99,122,122,122,0,0,169,0,210,0,0,0,22,21,103,101
test_2869,165,150-300,300,99,160,160,160,0,0,182,0,202,0,0,0,17,14,148,146
test_287,278,150-300,300,82,204,204,204,0,0,289,0,297,0,0,0,185,116,93,88
test_2870,128,100-150,300,87,104,104,104,0,0,147,0,186,0,0,0,12,2,116,102
test_2871,134,100-150,300,99,132,132,132,0,0,149,0,166,0,0,0,2,2,132,130
test_2872,122,100-150,300,94,118,118,118,0,0,161,0,188,0,0,0,2,2,120,116
test_2873,187,150-300,300,100,185,185,185,0,0,219,0,267,0,0,0,1,1,186,184
test_2874,159,150-300,300,100,159,159,159,0,0,173,0,187,0,0,0,41,41,118,118
test_2875,165,150-300,300,100,165,165,165,0,0,186,0,216,0,0,0,52,52,113,113
test_2876,160,150-300,300,94,140,140,140,0,0,231,0,271,0,0,0,13,12,147,128
test_2877,171,150-300,300,76,126,126,126,0,0,210,0,263,0,0,0,38,10,133,116
test_2878,133,100-150,300,92,108,108,108,0,0,146,0,161,0,0,0,16,6,117,102
test_2879,121,100-150,300,98,118,118,118,0,0,140,0,170,0,0,0,44,44,77,74
test_288,132,100-150,300,97,131,131,131,0,0,148,0,171,0,0,0,13,13,119,118
test_2880,138,100-150,300,97,138,138,138,0,0,165,0,217,0,0,0,13,13,125,125
test_2881,134,100-150,300,100,134,134,134,0,0,149,0,169,0,0,0,0,0,134,134
test_2882,113,100-150,300,99,111,111,111,0,0,143,0,207,0,0,0,9,8,104,103
test_2883,121,100-150,300,79,112,112,112,0,0,164,0,193,0,0,0,1,1,120,111
test_2884,197,150-300,300,97,195,195,195,0,0,225,0,238,0,0,0,131,131,66,64
test_2885,119,100-150,300,98,112,112,112,0,0,157,0,221,0,0,0,59,57,60,55
test_2886,131,100-150,300,99,128,128,128,0,0,146,0,181,0,0,0,23,21,108,107
test_2887,117,100-150,300,98,115,115,115,0,0,134,0,162,0,0,0,36,34,81,81
test_2888,157,150-300,300,99,154,154,154,0,0,176,0,227,0,0,0,8,6,149,148
test_2889,116,100-150,300,88,114,114,114,0,0,164,0,195,0,0,0,24,23,92,91
test_289,139,100-150,300,100,139,139,139,0,0,159,0,193,0,0,0,2,2,137,137
test_2890,129,100-150,300,98,128,128,128,0,0,160,0,207,0,0,0,2,2,127,126
test_2891,169,150-300,300,100,169,169,169,0,0,179,0,210,0,0,0,0,0,169,169
test_2892,131,100-150,300,97,130,130,130,0,0,147,0,157,0,0,0,5,4,126,126
test_2893,170,150-300,300,100,168,168,168,0,0,199,0,228,0,0,0,29,29,141,139
test_2894,126,100-150,300,91,122,122,122,0,0,187,0,227,0,0,0,16,13,110,109
test_2895,119,100-150,300,96,118,118,118,0,0,152,0,191,0,0,0,3,3,116,115
test_2896,174,150-300,300,96,166,166,166,0,0,227,0,250,0,0,0,33,29,141,137
test_2897,194,150-300,300,98,186,186,186,0,0,248,0,276,0,0,0,59,53,135,133
test_2898,164,150-300,300,100,164,164,164,0,0,188,0,210,0,0,0,0,0,164,164
test_2899,169,150-300,300,100,164,164,164,0,0,204,0,242,0,0,0,43,39,126,125
test_29,144,100-150,300,100,143,143,143,0,0,157,0,177,0,0,0,30,29,114,114
test_290,136,100-150,300,99,136,136,136,0,0,166,0,196,0,0,0,2,2,134,134
test_2900,153,150-300,300,97,147,147,147,0,0,294,0,299,0,0,0,23,21,130,126
test_2901,184,150-300,300,100,180,180,180,0,0,222,0,272,0,0,0,0,0,184,180
test_2902,214,150-300,300,100,204,204,204,0,0,236,0,264,0,0,0,164,154,50,50
test_2903,202,150-300,300,100,199,199,199,0,0,235,0,262,0,0,0,27,25,175,174
test_2904,148,100-150,300,100,147,147,147,0,0,173,0,212,0,0,0,5,5,143,142
test_2905,154,150-300,300,98,152,152,152,0,0,174,0,207,0,0,0,22,21,132,131
test_2906,115,100-150,300,100,114,114,114,0,0,144,0,210,0,0,0,4,4,111,110
test_2907,226,150-300,300,98,226,226,226,0,0,257,0,267,0,0,0,3,3,223,223
test_2908,158,150-300,300,98,152,152,152,0,0,189,0,238,0,0,0,28,25,130,127
test_2909,126,100-150,300,100,126,126,126,0,0,152,0,205,0,0,0,3,3,123,123
test_291,131,100-150,300,100,126,126,126,0,0,144,0,176,0,0,0,10,8,121,118
test_2910,218,150-300,300,100,217,217,217,0,0,240,0,255,0,0,0,100,100,118,117
test_2911,421,>=300,300,100,285,285,285,0,0,297,0,300,1,0,0,128,69,293,216
test_2912,110,100-150,300,95,106,106,106,0,0,133,0,171,0,0,0,8,7,102,99
test_2913,122,100-150,300,99,120,120,120,0,0,132,0,153,0,0,0,18,18,104,102
test_2914,193,150-300,300,100,187,187,187,0,0,218,0,258,0,0,0,70,65,123,122
test_2915,115,100-150,300,96,113,113,113,0,0,135,0,169,0,0,0,12,12,103,101
test_2916,116,100-150,300,92,111,111,111,0,0,167,0,233,0,0,0,29,26,87,85
test_2917,156,150-300,300,99,151,151,151,0,0,167,0,209,0,0,0,50,46,106,105
test_2918,185,150-300,300,98,176,176,176,0,0,212,0,255,0,0,0,72,64,113,112
test_2919,153,150-300,300,99,145,145,145,0,0,209,0,250,0,0,0,33,29,120,116
test_292,109,100-150,300,98,108,108,108,0,0,150,0,189,0,0,0,3,3,106,105
test_2920,119,100-150,300,88,113,113,113,0,0,231,0,256,0,4,0,34,34,81,79
test_2921,130,100-150,300,99,130,130,130,0,0,143,0,158,0,0,0,6,6,124,124
test_2922,175,150-300,300,98,165,165,165,0,0,227,0,260,0,0,0,22,20,153,145
test_2923,141,100-150,300,97,139,139,139,0,0,178,0,203,0,0,0,0,0,141,139
test_2924,171,150-300,300,95,146,146,146,0,0,254,0,297,0,0,0,41,26,130,120
test_2925,123,100-150,300,99,121,121,121,0,0,151,0,196,0,0,0,10,10,113,111
test_2926,132,100-150,300,97,131,131,131,0,0,158,0,170,0,0,0,7,7,125,124
test_2927,219,150-300,300,100,216,216,216,0,0,255,0,268,0,0,0,112,110,107,106
test_2928,132,100-150,300,100,128,128,128,0,0,169,0,210,0,0,0,32,28,100,100
test_2929,146,100-150,300,100,145,145,145,0,0,157,0,200,0,0,0,8,8,138,137
test_293,111,100-150,300,96,111,111,111,0,0,139,0,183,0,0,0,29,29,82,82
test_2930,115,100-150,300,93,109,109,109,0,0,199,0,252,0,0,0,10,8,105,101
test_2931,149,100-150,300,98,145,145,145,0,0,223,0,269,0,0,0,40,37,109,108
test_2932,176,150-300,300,97,171,171,171,0,0,235,0,253,0,0,0,81,79,95,92
test_2933,158,150-300,300,98,155,155,155,0,0,194,0,230,0,0,0,17,16,141,139
test_2934,145,100-150,300,100,141,141,141,0,0,168,0,212,0,0,0,8,6,137,135
test_2935,147,100-150,300,99,146,146,146,0,0,179,0,227,0,0,0,5,5,142,141
test_2936,133,100-150,300,100,133,133,133,0,0,139,0,177,0,0,0,20,20,113,113
test_2937,145,100-150,300,100,145,145,145,0,0,154,0,180,0,0,0,11,11,134,134
test_2938,139,100-150,300,100,132,132,132,0,0,184,0,226,0,0,0,11,10,128,122
test_2939,122,100-150,300,100,122,122,122,0,0,136,0,150,0,0,0,31,31,91,91
test_294,72,50-100,300,24,39,39,39,0,0,240,0,276,0,0,0,16,6,56,33
test_2940,130,100-150,300,98,125,125,125,0,0,154,0,178,0,0,0,14,10,116,115
test_295,193,150-300,300,99,147,147,147,0,0,162,0,229,0,0,0,47,15,146,132
test_296,128,100-150,300,98,128,128,128,0,0,147,0,165,0,0,0,10,10,118,118
test_297,142,100-150,300,64,141,141,141,0,0,189,0,212,0,0,0,0,0,142,141
test_298,177,150-300,300,95,169,169,169,0,0,230,0,270,0,0,0,82,75,95,94
test_299,117,100-150,300,95,114,114,114,0,0,146,0,170,0,0,0,0,0,117,114
test_3,93,50-100,300,80,85,85,85,0,0,143,0,184,0,0,0,9,9,84,76
test_30,228,150-300,300,100,227,227,227,0,0,262,0,275,0,0,0,3,3,225,224
test_300,159,150-300,300,99,159,159,159,0,0,206,0,232,0,0,0,5,5,154,154
test_301,114,100-150,300,98,114,114,114,0,0,129,0,190,0,0,0,9,9,105,105
test_302,233,150-300,300,96,224,224,224,0,0,278,0,293,0,0,0,4,2,229,222
test_303,172,150-300,300,100,172,172,172,0,0,185,0,200,0,0,0,19,19,153,153
test_304,125,100-150,300,98,125,125,125,0,0,150,0,175,0,0,0,4,4,121,121
test_305,143,100-150,300,87,134,134,134,0,0,187,0,255,0,0,0,0,0,143,134
test_306,172,150-300,300,99,170,170,170,0,0,194,0,206,0,0,0,15,14,157,156
test_307,128,100-150,300,99,123,123,123,0,0,160,0,223,0,0,0,24,22,104,101
test_308,131,100-150,300,99,130,130,130,0,0,146,0,191,0,0,0,5,5,126,125
test_309,147,100-150,300,100,145,145,145,0,0,197,0,234,0,0,0,16,16,131,129
test_31,120,100-150,300,97,120,120,120,0,0,151,0,201,0,0,0,4,4,116,116
test_310,147,100-150,300,86,139,139,139,0,0,218,0,255,0,0,0,17,16,130,123
test_311,148,100-150,300,96,140,140,140,0,0,186,0,214,0,0,0,7,3,141,137
test_312,79,50-100,300,79,79,79,79,0,0,113,0,148,0,0,0,4,4,75,75
test_313,157,150-300,300,93,145,145,145,0,0,163,0,243,0,0,0,123,111,34,34
test_314,221,150-300,300,100,216,216,216,0,0,245,0,268,0,0,0,66,62,155,154
test_315,186,150-300,300,100,183,183,183,0,0,227,0,260,0,0,0,2,0,184,183
test_316,123,100-150,300,98,121,121,121,0,0,146,0,167,0,0,0,74,73,49,48
test_317,95,50-100,300,69,75,75,75,0,0,217,0,252,0,0,0,19,13,76,62
test_318,201,150-300,300,100,187,187,187,0,0,245,0,272,0,0,0,66,55,135,132
test_319,172,150-300,300,96,159,159,159,0,0,250,0,278,0,0,0,54,47,118,112
test_32,135,100-150,300,99,129,129,129,0,0,171,0,211,0,0,0,14,10,121,119
test_320,115,100-150,300,92,115,115,115,0,0,142,0,157,0,0,0,0,0,115,115
test_321,118,100-150,300,100,117,117,117,0,0,191,0,226,0,0,0,5,5,113,112
test_322,101,100-150,300,88,100,100,100,0,0,146,0,232,0,0,0,2,2,99,98
test_323,151,150-300,300,96,144,144,144,0,0,191,0,207,0,0,0,0,0,151,144
test_324,125,100-150,300,95,123,123,123,0,0,140,0,175,0,0,0,0,0,125,123
test_325,119,100-150,300,99,119,119,119,0,0,151,0,196,0,0,0,23,23,96,96
test_326,112,100-150,300,98,107,107,107,0,0,172,0,225,0,0,0,2,2,110,105
test_327,146,100-150,300,99,130,130,130,0,0,231,0,265,0,0,0,24,21,122,109
test_328,133,100-150,300,97,132,132,132,0,0,157,0,175,0,0,0,2,2,131,130
test_329,129,100-150,300,93,114,114,114,0,0,193,0,249,0,0,0,42,33,87,81
test_33,135,100-150,300,98,134,134,134,0,0,159,0,187,0,0,0,17,17,118,117
test_330,148,100-150,300,100,145,145,145,0,0,183,0,229,0,0,0,70,70,78,75
test_331,133,100-150,300,100,133,133,133,0,0,148,0,169,0,0,0,23,23,110,110
test_332,112,100-150,300,79,107,107,107,0,0,206,0,254,0,0,0,19,18,93,89
test_333,197,150-300,300,100,192,192,192,0,0,212,0,238,0,0,0,94,89,103,103
test_334,102,100-150,300,88,102,102,102,0,0,155,0,213,0,0,0,9,9,93,93
test_335,119,100-150,300,100,119,119,119,0,0,137,0,168,0,0,0,19,19,100,100
test_336,156,150-300,300,98,136,136,136,0,0,203,0,264,0,0,0,45,33,111,103
test_337,111,100-150,300,92,103,103,103,0,0,147,0,207,0,0,0,0,0,111,103
test_338,135,100-150,300,98,131,131,131,0,0,160,0,205,0,0,0,54,51,81,80
test_339,154,150-300,300,91,147,147,147,0,0,210,0,230,0,0,0,60,54,94,93
test_34,125,100-150,300,94,123,123,123,0,0,174,0,238,0,0,0,27,25,98,98
test_340,137,100-150,300,96,136,136,136,0,0,170,0,209,0,0,0,26,26,111,110
test_341,163,150-300,300,98,161,161,161,0,0,206,0,227,0,0,0,4,4,159,157
test_342,157,150-300,300,100,157,157,157,0,0,176,0,195,0,0,0,1,1,156,156
test_343,147,100-150,300,95,145,145,145,0,0,270,0,294,0,0,0,31,31,116,114
test_344,123,100-150,300,88,119,119,119,0,0,212,0,241,0,0,0,7,6,116,113
test_345,156,150-300,300,99,156,156,156,0,0,173,0,193,0,0,0,60,60,96,96
test_346,126,100-150,300,97,126,126,126,0,0,172,0,196,0,0,0,6,6,120,120
test_347,159,150-300,300,100,159,159,159,0,0,173,0,191,0,0,0,0,0,159,159
test_348,107,100-150,300,96,105,105,105,0,0,125,0,150,0,0,0,0,0,107,105
test_349,123,100-150,300,96,118,118,118,0,0,171,0,204,0,0,0,0,0,123,118
test_35,127,100-150,300,92,114,114,114,0,0,142,0,205,0,0,0,20,12,107,102
test_350,213,150-300,300,99,208,208,208,0,0,238,0,244,0,0,0,127,125,86,83
test_351,248,150-300,300,98,248,248,248,0,0,289,0,296,0,0,0,7,7,241,241
test_352,161,150-300,300,100,158,158,158,0,0,180,0,204,0,0,0,25,24,136,134
test_353,142,100-150,300,91,142,142,142,0,0,165,0,168,0,0,0,2,2,140,140
test_354,189,150-300,300,97,174,174,174,0,0,235,0,273,0,0,0,93,80,96,94
test_355,115,100-150,300,94,114,114,114,0,0,159,0,221,0,0,0,2,2,113,112
test_356,131,100-150,300,100,129,129,129,0,0,148,0,189,0,0,0,8,8,123,121
test_357,151,150-300,300,95,141,141,141,0,0,211,0,245,0,0,0,45,42,106,99
test_358,127,100-150,300,97,117,117,117,0,0,171,0,229,0,0,0,17,12,110,105
test_359,155,150-300,300,99,153,153,153,0,0,184,0,223,0,0,0,52,51,103,102
test_36,139,100-150,300,98,131,131,131,0,0,156,0,211,0,0,0,25,19,114,112
test_360,65,50-100,300,59,59,59,59,0,0,112,0,161,0,0,0,0,0,65,59
test_361,167,150-300,300,99,165,165,165,0,0,193,0,215,0,0,0,88,87,79,78
test_362,130,100-150,300,98,128,128,128,0,0,164,0,195,0,0,0,10,10,120,118
test_363,134,100-150,300,97,129,129,129,0,0,146,0,168,0,0,0,31,29,103,100
test_364,127,100-150,300,95,121,121,121,0,0,185,0,230,0,0,0,17,13,110,108
test_365,151,150-300,300,100,150,150,150,0,0,166,0,227,0,0,0,1,1,150,149
test_366,109,100-150,300,96,109,109,109,0,0,137,0,166,0,0,0,1,1,108,108
test_367,129,100-150,300,99,128,128,128,0,0,147,0,181,0,0,0,12,12,117,116
test_368,137,100-150,300,98,133,133,133,0,0,162,0,208,0,0,0,31,30,106,103
test_369,205,150-300,300,88,198,198,198,0,0,288,0,297,0,0,0,96,89,109,109
test_37,239,150-300,300,95,229,229,229,0,0,252,0,281,0,2,0,22,16,215,213
test_370,148,100-150,300,93,141,141,141,0,0,172,0,196,0,0,0,1,1,147,140
test_371,127,100-150,300,97,126,126,126,0,0,166,0,204,0,0,0,21,21,106,105
test_372,87,50-100,300,43,57,57,57,0,0,194,0,289,0,0,0,33,21,54,36
test_373,163,150-300,300,93,149,149,149,0,0,206,0,245,0,0,0,82,76,81,73
test_374,119,100-150,300,99,117,117,117,0,0,150,0,192,0,0,0,3,2,116,115
test_375,136,100-150,300,97,134,134,134,0,0,184,0,212,0,0,0,15,15,121,119
test_376,112,100-150,300,87,109,109,109,0,0,181,0,214,0,0,0,2,1,110,108
test_377,153,150-300,300,99,147,147,147,0,0,235,0,266,0,0,0,4,4,149,143
test_378,134,100-150,300,99,121,121,121,0,0,156,0,203,0,0,0,22,12,112,109
test_379,132,100-150,300,95,128,128,128,0,0,154,0,168,0,0,0,52,51,80,77
test_38,127,100-150,300,100,126,126,126,0,0,141,0,176,0,0,0,4,3,123,123
test_380,105,100-150,300,96,103,103,103,0,0,113,0,160,0,0,0,0,0,105,103
test_381,97,50-100,300,75,90,90,90,0,0,238,0,262,0,0,0,31,31,66,59
test_382,105,100-150,300,84,103,103,103,0,0,150,0,175,0,0,0,0,0,105,103
test_383,173,150-300,300,96,166,166,166,0,0,201,0,248,0,0,0,7,5,166,161
test_384,94,50-100,300,81,91,91,91,0,0,181,0,233,0,0,0,15,15,79,76
test_385,109,100-150,300,97,108,108,108,0,0,132,0,167,0,0,0,0,0,109,108
test_386,145,100-150,300,87,130,130,130,0,0,212,0,242,0,0,0,10,9,135,121
test_387,156,150-300,300,100,156,156,156,0,0,178,0,233,0,0,0,0,0,156,156
test_388,127,100-150,300,100,127,127,127,0,0,136,0,146,0,0,0,5,5,122,122
test_389,137,100-150,300,97,137,137,137,0,0,151,0,160,0,0,0,13,13,124,124
test_39,167,150-300,300,100,159,159,159,0,0,170,0,222,0,0,0,41,34,126,125
test_390,159,150-300,300,85,102,102,102,0,0,226,0,274,0,0,0,97,43,62,59
test_391,205,150-300,300,98,199,199,199,0,0,255,0,272,0,0,0,80,79,125,120
test_392,125,100-150,300,97,123,123,123,0,0,137,0,153,0,0,0,3,2,122,121
test_393,161,150-300,300,100,159,159,159,0,0,214,0,244,0,0,0,1,1,160,158
test_394,147,100-150,300,100,147,147,147,0,0,164,0,174,0,0,0,2,2,145,145
test_395,137,100-150,300,97,137,137,137,0,0,151,0,168,0,0,0,1,1,136,136
test_396,212,150-300,300,96,190,190,190,0,0,263,0,293,0,0,0,81,70,131,120
test_397,156,150-300,300,99,155,155,155,0,0,217,0,267,0,0,0,30,29,126,126
test_398,130,100-150,300,93,125,125,125,0,0,143,0,173,0,0,0,1,1,129,124
test_399,107,100-150,300,98,107,107,107,0,0,151,0,188,0,0,0,3,3,104,104
test_4,208,150-300,300,99,208,208,208,0,0,223,0,245,0,0,0,90,90,118,118
test_40,140,100-150,300,100,140,140,140,0,0,151,0,159,0,0,0,0,0,140,140
test_400,123,100-150,300,99,123,123,123,0,0,150,0,174,0,0,0,2,2,121,121
test_401,140,100-150,300,99,138,138,138,0,0,159,0,187,0,0,0,0,0,140,138
test_402,112,100-150,300,94,112,112,112,0,0,148,0,176,0,0,0,14,14,98,98
test_403,163,150-300,300,100,157,157,157,0,0,211,0,243,0,0,0,31,28,132,129
test_404,147,100-150,300,94,147,147,147,0,0,160,0,167,0,0,0,15,15,132,132
test_405,119,100-150,300,98,113,113,113,0,0,128,0,139,0,0,0,1,0,118,113
test_406,111,100-150,300,96,111,111,111,0,0,138,0,146,0,0,0,3,3,108,108
test_407,144,100-150,300,91,137,137,137,0,0,200,0,245,0,0,0,4,3,140,134
test_408,179,150-300,300,88,160,160,160,0,0,260,0,296,0,0,0,163,144,16,16
test_409,142,100-150,300,98,140,140,140,0,0,173,0,224,0,0,0,14,14,128,126
test_41,166,150-300,300,100,163,163,163,0,0,169,0,223,0,0,0,150,148,16,15
test_410,128,100-150,300,100,128,128,128,0,0,157,0,183,0,0,0,0,0,128,128
test_411,134,100-150,300,95,130,130,130,0,0,214,0,273,0,0,0,92,88,42,42
test_412,146,100-150,300,100,145,145,145,0,0,158,0,166,0,0,0,0,0,146,145
test_413,117,100-150,300,98,115,115,115,0,0,136,0,176,0,0,0,2,2,115,113
test_414,143,100-150,300,99,143,143,143,0,0,159,0,175,0,0,0,21,21,122,122
test_415,122,100-150,300,99,122,122,122,0,0,136,0,174,0,0,0,4,4,118,118
test_416,266,150-300,300,99,255,255,255,0,0,300,1,300,1,0,0,24,22,242,233
test_417,130,100-150,300,96,127,127,127,0,0,161,0,203,0,0,0,0,0,130,127
test_418,139,100-150,300,97,137,137,137,0,0,169,0,191,0,0,0,12,11,127,126
test_419,220,150-300,300,100,208,208,208,0,0,239,0,289,0,0,0,10,7,210,201
test_42,129,100-150,300,100,129,129,129,0,0,140,0,148,0,0,0,1,1,128,128
test_420,218,150-300,300,97,187,187,187,0,0,264,0,291,0,0,0,171,145,47,42
test_421,136,100-150,300,100,135,135,135,0,0,163,0,214,0,0,0,2,2,134,133
test_422,123,100-150,300,99,122,122,122,0,0,140,0,180,0,0,0,15,15,108,107
test_423,171,150-300,300,100,171,171,171,0,0,180,0,191,0,0,0,14,14,157,157
test_424,153,150-300,300,92,151,151,151,0,0,191,0,216,0,0,0,69,68,84,83
test_425,196,150-300,300,100,185,185,185,0,0,224,0,267,0,0,0,87,82,109,103
test_426,143,100-150,300,96,143,143,143,0,0,165,0,175,0,0,0,6,6,137,137
test_427,176,150-300,300,99,171,171,171,0,0,214,0,239,0,0,0,41,36,135,135
test_428,166,150-300,300,99,163,163,163,0,0,202,0,243,0,0,0,21,20,145,143
test_429,140,100-150,300,98,136,136,136,0,0,202,0,243,0,0,0,15,13,125,123
test_43,79,50-100,300,78,79,79,79,0,0,210,0,252,0,0,0,10,10,69,69
test_430,235,150-300,300,100,228,228,228,0,0,236,0,268,0,0,0,57,54,178,174
test_431,120,100-150,300,100,120,120,120,0,0,140,0,175,0,0,0,4,4,116,116
test_432,91,50-100,300,79,86,86,86,0,0,189,0,262,0,0,0,2,2,89,84
test_433,216,150-300,300,90,183,183,183,0,0,267,0,290,0,0,0,89,68,127,115
test_434,156,150-300,300,97,155,155,155,0,0,190,0,232,0,0,0,24,24,132,131
test_435,151,150-300,300,98,144,144,144,0,0,181,0,215,0,0,0,22,20,129,124
test_436,110,100-150,300,83,99,99,99,0,0,212,0,253,0,0,0,2,1,108,98
test_437,132,100-150,300,99,130,130,130,0,0,161,0,197,0,0,0,2,2,130,128
test_438,198,150-300,300,97,189,189,189,0,0,260,0,284,0,0,0,85,83,113,106
test_439,117,100-150,300,99,115,115,115,0,0,149,0,209,0,0,0,3,2,114,113
test_44,136,100-150,300,95,127,127,127,0,0,142,0,196,0,0,0,27,24,109,103
test_440,127,100-150,300,97,120,120,120,0,0,176,0,246,0,0,0,5,5,122,115
test_441,104,100-150,300,89,102,102,102,0,0,173,0,229,0,0,0,8,8,96,94
test_442,166,150-300,300,96,163,163,163,0,0,183,0,197,0,0,0,49,49,117,114
test_443,126,100-150,300,99,126,126,126,0,0,159,0,200,0,0,0,0,0,126,126
test_444,146,100-150,300,88,135,135,135,0,0,229,0,257,0,0,0,0,0,146,135
test_445,143,100-150,300,99,139,139,139,0,0,166,0,188,0,0,0,93,90,50,49
test_446,152,150-300,300,99,152,152,152,0,0,184,0,202,0,0,0,4,4,148,148
test_447,147,100-150,300,94,140,140,140,0,0,163,0,205,0,0,0,53,53,94,87
test_448,201,150-300,300,100,196,196,196,0,0,244,0,277,0,0,0,75,72,126,124
test_449,150,150-300,300,94,148,148,148,0,0,188,0,213,0,0,0,22,21,128,127
test_45,103,100-150,300,78,91,91,91,0,0,229,0,281,0,0,0,0,0,103,91
test_450,173,150-300,300,85,168,168,168,0,0,230,0,250,0,0,0,22,20,151,148
test_451,157,150-300,300,99,147,147,147,0,0,195,0,228,0,1,0,34,27,122,120
test_452,118,100-150,300,99,117,117,117,0,0,145,0,242,0,0,0,9,9,109,108
test_453,165,150-300,300,99,164,164,164,0,0,205,0,224,0,0,0,11,11,154,153
test_454,107,100-150,300,88,97,97,97,0,0,150,0,180,0,0,0,0,0,107,97
test_455,137,100-150,300,99,137,137,137,0,0,154,0,184,0,0,0,0,0,137,137
test_456,136,100-150,300,100,135,135,135,0,0,162,0,188,0,0,0,17,17,119,118
test_457,125,100-150,300,100,125,125,125,0,0,132,0,140,0,0,0,0,0,125,125
test_458,155,150-300,300,95,153,153,153,0,0,197,0,223,0,0,0,0,0,155,153
test_459,129,100-150,300,100,129,129,129,0,0,140,0,153,0,0,0,22,22,107,107
test_46,180,150-300,300,98,171,171,171,0,0,212,0,272,0,0,0,56,50,124,121
test_460,197,150-300,300,100,186,186,186,0,0,221,0,250,0,0,0,160,149,37,37
test_461,131,100-150,300,97,129,129,129,0,0,154,0,195,0,1,0,3,3,127,126
test_462,124,100-150,300,89,113,113,113,0,0,210,0,259,0,0,0,20,19,104,94
test_463,138,100-150,300,99,137,137,137,0,0,151,0,157,0,0,0,0,0,138,137
test_464,137,100-150,300,99,135,135,135,0,0,161,0,209,0,0,0,15,14,122,121
test_465,150,150-300,300,99,149,149,149,0,0,176,0,230,0,0,0,10,10,140,139
test_466,163,150-300,300,100,154,154,154,0,0,195,0,240,0,0,0,43,40,120,114
test_467,119,100-150,300,98,119,119,119,0,0,147,0,160,0,0,0,9,9,110,110
test_468,105,100-150,300,98,105,105,105,0,0,120,0,149,0,0,0,16,16,89,89
test_469,126,100-150,300,100,125,125,125,0,0,138,0,153,0,0,0,5,5,121,120
test_47,136,100-150,300,98,131,131,131,0,0,164,0,219,0,0,0,32,29,104,102
test_470,110,100-150,300,88,101,101,101,0,0,152,0,199,0,0,0,7,5,103,96
test_471,125,100-150,300,98,125,125,125,0,0,208,0,253,0,0,0,6,6,119,119
test_472,264,150-300,300,100,258,258,258,0,0,279,0,295,0,0,0,82,77,182,181
test_473,143,100-150,300,98,137,137,137,0,0,186,0,239,0,0,0,19,17,124,120
test_474,130,100-150,300,96,127,127,127,0,0,187,0,245,0,0,0,6,6,124,121
test_475,118,100-150,300,98,118,118,118,0,0,149,0,181,0,0,0,9,9,109,109
test_476,150,150-300,300,100,148,148,148,0,0,175,0,230,0,0,0,18,17,132,131
test_477,151,150-300,300,99,151,151,151,0,0,155,0,167,0,0,0,6,6,145,145
test_478,118,100-150,300,91,108,108,108,0,0,156,0,225,0,0,0,40,33,78,75
test_479,169,150-300,300,100,169,169,169,0,0,196,0,198,0,0,0,8,8,161,161
test_48,133,100-150,300,99,130,130,130,0,0,168,0,230,0,0,0,2,2,131,128
test_480,122,100-150,300,96,120,120,120,0,0,154,0,206,0,0,0,3,3,119,117
test_481,135,100-150,300,98,132,132,132,0,0,173,0,231,0,0,0,4,4,131,128
test_482,137,100-150,300,97,136,136,136,0,0,200,0,234,0,0,0,3,3,134,133
test_483,123,100-150,300,86,122,122,122,0,0,177,0,208,0,0,0,0,0,123,122
test_484,121,100-150,300,91,106,106,106,0,0,131,0,143,0,0,0,0,0,121,106
test_485,147,100-150,300,100,145,145,145,0,0,150,0,151,0,0,0,0,0,147,145
test_486,220,150-300,300,95,205,205,205,0,0,286,0,297,0,0,0,69,62,151,143
test_487,128,100-150,300,98,127,127,127,0,0,145,0,160,0,0,0,1,1,127,126
test_488,121,100-150,300,93,111,111,111,0,0,153,0,196,0,0,0,0,0,121,111
test_489,179,150-300,300,83,151,151,151,0,0,232,0,272,0,0,0,129,102,50,49
test_49,113,100-150,300,98,112,112,112,0,0,124,0,131,0,0,0,0,0,113,112
test_490,175,150-300,300,97,164,164,164,0,0,192,0,228,0,0,0,70,61,105,103
test_491,127,100-150,300,100,127,127,127,0,0,143,0,150,0,0,0,0,0,127,127
test_492,116,100-150,300,97,112,112,112,0,0,166,0,217,0,0,0,16,13,100,99
test_493,124,100-150,300,92,114,114,114,0,0,163,0,214,0,0,0,36,30,88,84
test_494,200,150-300,300,98,198,198,198,0,0,230,0,247,0,0,0,88,87,112,111
test_495,130,100-150,300,97,123,123,123,0,0,145,0,169,0,0,0,31,30,99,93
test_496,130,100-150,300,100,130,130,130,0,0,140,0,156,0,0,0,1,1,129,129
test_497,126,100-150,300,100,126,126,126,0,0,153,0,176,0,0,0,2,2,124,124
test_498,139,100-150,300,99,138,138,138,0,0,154,0,198,0,0,0,2,2,137,136
test_499,135,100-150,300,94,128,128,128,0,0,192,0,250,0,0,0,4,2,131,126
test_5,152,150-300,300,100,150,150,150,0,0,271,0,299,0,0,0,42,40,110,110
test_50,130,100-150,300,100,130,130,130,0,0,141,0,161,0,0,0,7,7,123,123
test_500,141,100-150,300,93,138,138,138,0,0,196,0,224,0,0,0,1,0,140,138
test_501,131,100-150,300,97,127,127,127,0,0,158,0,200,0,0,0,45,42,86,85
test_502,212,150-300,300,100,211,211,211,0,0,231,0,242,0,0,0,95,94,117,117
test_503,153,150-300,300,98,150,150,150,0,0,182,0,214,0,0,0,6,6,147,144
test_504,121,100-150,300,100,120,120,120,0,0,154,0,191,0,0,0,11,10,110,110
test_505,162,150-300,300,98,157,157,157,0,0,190,0,217,0,0,0,16,16,146,141
test_506,123,100-150,300,99,119,119,119,0,0,151,0,205,0,0,0,8,5,115,114
test_507,208,150-300,300,100,187,187,187,0,0,251,0,288,0,0,0,100,86,108,101
test_508,170,150-300,300,98,167,167,167,0,0,194,0,220,0,0,0,6,5,164,162
test_509,122,100-150,300,100,120,120,120,0,0,136,0,159,0,0,0,23,22,99,98
test_51,164,150-300,300,99,158,158,158,0,0,175,0,183,0,0,0,28,27,136,131
test_510,138,100-150,300,99,127,127,127,0,0,175,0,245,0,0,0,26,22,112,105
test_511,188,150-300,300,96,185,185,185,0,0,227,0,247,0,0,0,56,55,132,130
test_512,136,100-150,300,96,134,134,134,0,0,168,0,195,0,0,0,0,0,136,134
test_513,107,100-150,300,85,106,106,106,0,0,162,0,176,0,0,0,0,0,107,106
test_514,120,100-150,300,100,120,120,120,0,0,139,0,156,0,0,0,14,14,106,106
test_515,149,100-150,300,100,149,149,149,0,0,158,0,169,0,0,0,25,25,124,124
test_516,180,150-300,300,96,178,178,178,0,0,226,0,239,0,0,0,3,3,177,175
test_517,115,100-150,300,98,114,114,114,0,0,138,0,168,0,0,0,2,2,113,112
test_518,122,100-150,300,100,122,122,122,0,0,132,0,154,0,0,0,0,0,122,122
test_519,119,100-150,300,94,119,119,119,0,0,143,0,169,0,0,0,5,5,114,114
test_52,121,100-150,300,97,121,121,121,0,0,156,0,202,0,0,0,10,10,111,111
test_520,168,150-300,300,96,164,164,164,0,0,200,0,241,0,0,0,8,8,160,156
test_521,132,100-150,300,100,118,118,118,0,0,234,0,297,0,0,0,4,4,128,114
test_522,115,100-150,300,92,115,115,115,0,0,147,0,165,0,0,0,5,5,110,110
test_523,121,100-150,300,79,93,93,93,0,0,287,0,297,0,0,0,18,13,103,80
test_524,115,100-150,300,93,109,109,109,0,0,155,0,212,0,0,0,1,1,114,108
test_525,124,100-150,300,99,121,121,121,0,0,151,0,186,0,0,0,4,4,120,117
test_526,164,150-300,300,97,160,160,160,0,0,232,0,277,0,0,0,79,75,85,85
test_527,181,150-300,300,99,178,178,178,0,0,198,0,228,0,0,0,25,22,156,156
test_528,115,100-150,300,99,114,114,114,0,0,139,0,165,0,0,0,2,2,113,112
test_529,147,100-150,300,92,144,144,144,0,0,189,0,215,0,0,0,31,30,116,114
test_53,112,100-150,300,86,110,110,110,0,0,176,0,197,0,0,0,3,3,109,107
test_530,154,150-300,300,97,152,152,152,0,0,169,0,190,0,0,0,2,2,152,150
test_531,129,100-150,300,99,129,129,129,0,0,150,0,181,0,0,0,54,54,75,75
test_532,125,100-150,300,100,125,125,125,0,0,135,0,162,0,0,0,8,8,117,117
test_533,115,100-150,300,89,114,114,114,0,0,145,0,185,0,0,0,0,0,115,114
test_534,128,100-150,300,99,128,128,128,0,0,143,0,160,0,0,0,0,0,128,128
test_535,108,100-150,300,90,107,107,107,0,0,160,0,212,0,0,0,16,16,92,91
test_536,144,100-150,300,93,140,140,140,0,0,158,0,190,0,0,0,1,1,143,139
test_537,132,100-150,300,98,132,132,132,0,0,151,0,162,0,0,0,1,1,131,131
test_538,137,100-150,300,100,135,135,135,0,0,158,0,173,0,0,0,1,0,136,135
test_539,116,100-150,300,97,116,116,116,0,0,134,0,156,0,0,0,17,17,99,99
test_54,109,100-150,300,91,109,109,109,0,0,245,0,281,0,0,0,5,5,104,104
test_540,158,150-300,300,100,157,157,157,0,0,204,0,232,0,0,0,14,14,144,143
test_541,144,100-150,300,100,141,141,141,0,0,179,0,210,0,0,0,10,9,134,132
test_542,100,100-150,300,66,74,74,74,0,0,222,0,271,0,0,0,4,2,96,72
test_543,139,100-150,300,99,139,139,139,0,0,190,0,225,0,0,0,8,8,131,131
test_544,156,150-300,300,95,155,155,155,0,0,219,0,233,0,0,0,0,0,156,155
test_545,126,100-150,300,95,126,126,126,0,0,163,0,206,0,0,0,4,4,122,122
test_546,142,100-150,300,99,140,140,140,0,0,189,0,221,0,0,0,17,17,125,123
test_547,129,100-150,300,99,125,125,125,0,0,149,0,217,0,0,0,9,8,120,117
test_548,135,100-150,300,98,133,133,133,0,0,177,0,219,0,0,0,1,1,134,132
test_549,113,100-150,300,99,108,108,108,0,0,144,0,198,0,0,0,3,2,110,106
test_55,114,100-150,300,94,107,107,107,0,0,249,0,278,0,0,0,45,43,69,64
test_550,158,150-300,300,100,155,155,155,0,0,216,0,248,0,0,0,71,70,87,85
test_551,121,100-150,300,100,121,121,121,0,0,145,0,185,0,0,0,6,6,115,115
test_552,180,150-300,300,100,179,179,179,0,0,212,0,242,0,0,0,26,26,154,153
test_553,121,100-150,300,96,115,115,115,0,0,152,0,192,0,0,0,15,12,106,103
test_554,128,100-150,300,100,124,124,124,0,0,144,0,152,0,0,0,29,29,99,95
test_555,170,150-300,300,100,170,170,170,0,0,185,0,207,0,0,0,1,1,169,169
test_556,243,150-300,300,98,239,239,239,0,0,277,0,289,0,0,0,99,96,144,143
test_557,148,100-150,300,100,146,146,146,0,0,172,0,214,0,0,0,8,8,140,138
test_558,149,100-150,300,99,149,149,149,0,0,172,0,212,0,0,0,17,17,132,132
test_559,124,100-150,300,100,124,124,124,0,0,144,0,158,0,0,0,0,0,124,124
test_56,140,100-150,300,99,137,137,137,0,0,171,0,220,0,0,0,24,23,116,114
test_560,195,150-300,300,96,184,184,184,0,0,235,0,254,0,0,0,60,57,135,127
test_561,129,100-150,300,98,122,122,122,0,0,139,0,182,0,0,0,0,0,129,122
test_562,131,100-150,300,100,131,131,131,0,0,139,0,146,0,0,0,3,3,128,128
test_563,109,100-150,300,88,104,104,104,0,0,150,0,181,0,0,0,2,2,107,102
test_564,138,100-150,300,99,138,138,138,0,0,152,0,163,0,0,0,11,11,127,127
test_565,226,150-300,300,98,208,208,208,0,0,293,0,300,1,0,0,124,112,102,96
test_566,123,100-150,300,99,122,122,122,0,0,134,0,142,0,0,0,7,6,116,116
test_567,124,100-150,300,86,119,119,119,0,0,147,0,188,0,0,0,11,6,113,113
test_568,135,100-150,300,95,134,134,134,0,0,160,0,191,0,0,0,3,3,132,131
test_569,143,100-150,300,96,121,121,121,0,0,215,0,259,0,0,0,45,28,98,93
test_57,140,100-150,300,98,132,132,132,0,0,152,0,198,0,0,0,59,52,81,80
test_570,139,100-150,300,99,131,131,131,0,0,174,0,224,0,0,0,8,3,131,128
test_571,133,100-150,300,100,132,132,132,0,0,159,0,179,0,0,0,17,16,116,116
test_572,128,100-150,300,96,126,126,126,0,0,180,0,220,0,0,0,20,20,108,106
test_573,105,100-150,300,95,99,99,99,0,0,258,0,284,0,0,0,3,2,102,97
test_574,308,>=300,300,92,267,267,267,0,0,300,1,300,1,0,0,113,94,195,173
test_575,139,100-150,300,97,134,134,134,0,0,161,0,180,0,0,0,0,0,139,134
test_576,149,100-150,300,100,148,148,148,0,0,186,0,219,0,0,0,63,62,86,86
test_577,125,100-150,300,100,125,125,125,0,0,135,0,148,0,0,0,1,1,124,124
test_578,214,150-300,300,99,206,206,206,0,0,241,0,256,0,0,0,76,70,138,136
test_579,119,100-150,300,95,119,119,119,0,0,147,0,171,0,0,0,0,0,119,119
test_58,123,100-150,300,97,120,120,120,0,0,160,0,197,0,0,0,2,2,121,118
test_580,134,100-150,300,99,133,133,133,0,0,153,0,197,0,0,0,30,29,104,104
test_581,252,150-300,300,100,249,249,249,0,0,281,0,295,0,0,0,3,3,249,246
test_582,132,100-150,300,93,128,128,128,0,0,211,0,245,0,0,0,18,18,114,110
test_583,122,100-150,300,99,120,120,120,0,0,139,0,161,0,0,0,3,3,119,117
test_584,164,150-300,300,96,150,150,150,0,0,209,0,242,0,0,0,0,0,164,150
test_585,138,100-150,300,98,138,138,138,0,0,178,0,211,0,0,0,0,0,138,138
test_586,204,150-300,300,100,203,203,203,0,0,226,0,238,0,0,0,173,172,31,31
test_587,190,150-300,300,98,189,189,189,0,0,200,0,211,0,0,0,77,76,113,113
test_588,200,150-300,300,100,199,199,199,0,0,214,0,239,0,0,0,4,3,196,196
test_589,156,150-300,300,98,152,152,152,0,0,193,0,243,0,0,0,0,0,156,152
test_59,187,150-300,300,100,186,186,186,0,0,199,0,215,0,0,0,5,5,182,181
test_590,274,150-300,300,96,231,231,231,0,0,296,0,300,1,0,0,182,143,92,88
test_591,115,100-150,300,95,115,115,115,0,0,152,0,172,0,0,0,2,2,113,113
test_592,132,100-150,300,99,130,130,130,0,0,152,0,182,0,0,0,21,20,111,110
test_593,115,100-150,300,99,113,113,113,0,0,133,0,167,0,0,0,4,3,111,110
test_594,126,100-150,300,99,126,126,126,0,0,142,0,157,0,0,0,0,0,126,126
test_595,134,100-150,300,84,133,133,133,0,0,203,0,246,0,0,0,13,12,121,121
test_596,131,100-150,300,80,120,120,120,0,0,165,0,184,0,0,0,2,2,129,118
test_597,111,100-150,300,97,106,106,106,0,0,184,0,234,0,0,0,0,0,111,106
test_598,189,150-300,300,99,189,189,189,0,0,254,0,268,0,0,0,28,28,161,161
test_599,183,150-300,300,99,183,183,183,0,0,199,0,202,0,0,0,13,13,170,170
test_6,197,150-300,300,100,191,191,191,0,0,231,0,256,0,0,0,61,56,136,135
test_60,121,100-150,300,97,121,121,121,0,0,143,0,158,0,0,0,22,22,99,99
test_600,131,100-150,300,89,121,121,121,0,0,144,0,152,0,0,0,1,1,130,120
test_601,176,150-300,300,99,167,167,167,0,0,232,0,259,0,0,0,27,23,149,144
test_602,148,100-150,300,99,146,146,146,0,0,181,0,230,0,0,0,26,26,122,120
test_603,140,100-150,300,99,137,137,137,0,0,160,0,226,0,0,0,28,26,112,111
test_604,165,150-300,300,100,165,165,165,0,0,216,0,242,0,0,0,4,4,161,161
test_605,167,150-300,300,96,166,166,166,0,0,196,0,226,0,0,0,0,0,167,166
test_606,200,150-300,300,96,163,163,163,0,0,240,0,268,0,23,2,61,52,116,109
test_607,129,100-150,300,100,129,129,129,0,0,169,0,222,0,0,0,13,13,116,116
test_608,102,100-150,300,94,102,102,102,0,0,123,0,136,0,0,0,1,1,101,101
test_609,152,150-300,300,99,150,150,150,0,0,167,0,213,0,0,0,3,2,149,148
test_61,126,100-150,300,98,120,120,120,0,0,174,0,234,0,0,0,18,14,108,106
test_610,118,100-150,300,95,118,118,118,0,0,166,0,198,0,0,0,0,0,118,118
test_611,214,150-300,300,99,211,211,211,0,0,235,0,256,0,0,0,67,65,147,146
test_612,143,100-150,300,100,142,142,142,0,0,158,0,182,0,0,0,1,0,142,142
test_613,151,150-300,300,98,133,133,133,0,0,199,0,259,0,0,0,12,8,139,125
test_614,166,150-300,300,100,166,166,166,0,0,183,0,208,0,0,0,28,28,138,138
test_615,115,100-150,300,96,114,114,114,0,0,147,0,196,0,0,0,9,8,106,106
test_616,141,100-150,300,90,128,128,128,0,0,194,0,225,0,0,0,13,2,128,126
test_617,166,150-300,300,97,163,163,163,0,0,211,0,242,0,0,0,46,44,120,119
test_618,119,100-150,300,97,115,115,115,0,0,138,0,188,0,0,0,9,7,110,108
test_619,343,>=300,300,99,278,278,278,0,0,292,0,299,0,0,0,274,213,69,65
test_62,138,100-150,300,97,138,138,138,0,0,175,0,198,0,0,0,29,29,109,109
test_620,131,100-150,300,99,127,127,127,0,0,136,0,141,0,0,0,13,9,118,118
test_621,123,100-150,300,97,119,119,119,0,0,155,0,197,0,0,0,16,14,107,105
test_622,145,100-150,300,100,144,144,144,0,0,168,0,199,0,0,0,5,5,140,139
test_623,121,100-150,300,98,118,118,118,0,0,150,0,181,0,0,0,0,0,121,118
test_624,168,150-300,300,100,167,167,167,0,0,198,0,242,0,0,0,3,3,165,164
test_625,232,150-300,300,100,230,230,230,0,0,267,0,276,0,0,0,54,53,178,177
test_626,146,100-150,300,100,146,146,146,0,0,165,0,188,0,0,0,16,16,130,130
test_627,193,150-300,300,100,186,186,186,0,0,231,0,264,0,0,0,42,35,151,151
test_628,139,100-150,300,99,137,137,137,0,0,155,0,174,0,0,0,2,1,137,136
test_629,130,100-150,300,99,127,127,127,0,0,155,0,214,0,0,0,11,10,119,117
test_63,123,100-150,300,100,122,122,122,0,0,136,0,146,0,0,0,11,11,112,111
test_630,168,150-300,300,97,167,167,167,0,0,203,0,237,0,0,0,31,30,137,137
test_631,120,100-150,300,96,113,113,113,0,0,212,0,234,0,0,0,5,4,115,109
test_632,116,100-150,300,100,116,116,116,0,0,214,0,247,0,0,0,14,14,102,102
test_633,278,150-300,300,100,273,273,273,0,0,296,0,299,0,0,0,10,7,268,266
test_634,215,150-300,300,100,215,215,215,0,0,232,0,247,0,0,0,51,51,164,164
test_635,139,100-150,300,100,135,135,135,0,0,163,0,199,0,1,0,10,10,128,125
test_636,174,150-300,300,100,171,171,171,0,0,200,0,225,0,0,0,132,130,42,41
test_637,124,100-150,300,100,123,123,123,0,0,150,0,180,0,0,0,5,4,119,119
test_638,116,100-150,300,98,114,114,114,0,0,128,0,148,0,0,0,0,0,116,114
test_639,160,150-300,300,95,156,156,156,0,0,199,0,223,0,0,0,19,17,141,139
test_64,74,50-100,300,64,73,73,73,0,0,135,0,164,0,0,0,6,6,68,67
test_640,182,150-300,300,100,180,180,180,0,0,208,0,240,0,0,0,27,26,155,154
test_641,132,100-150,300,97,128,128,128,0,0,170,0,218,0,0,0,1,1,131,127
test_642,167,150-300,300,92,155,155,155,0,0,206,0,226,0,0,0,5,4,162,151
test_643,120,100-150,300,99,119,119,119,0,0,152,0,174,0,0,0,1,1,119,118
test_644,163,150-300,300,99,161,161,161,0,0,185,0,223,0,0,0,113,111,50,50
test_645,136,100-150,300,94,126,126,126,0,0,163,0,209,0,0,0,48,39,88,87
test_646,107,100-150,300,87,105,105,105,0,0,160,0,208,0,0,0,36,36,71,69
test_647,116,100-150,300,93,111,111,111,0,0,143,0,182,0,0,0,17,15,99,96
test_648,122,100-150,300,98,120,120,120,0,0,148,0,189,0,0,0,5,4,117,116
test_649,103,100-150,300,61,80,80,80,0,0,155,0,240,0,0,0,21,11,82,69
test_65,128,100-150,300,99,127,127,127,0,0,183,0,232,0,0,0,22,21,106,106
test_650,119,100-150,300,97,119,119,119,0,0,143,0,178,0,0,0,0,0,119,119
test_651,174,150-300,300,100,170,170,170,0,0,223,0,251,0,0,0,65,64,109,106
test_652,117,100-150,300,94,116,116,116,0,0,143,0,170,0,0,0,9,9,108,107
test_653,117,100-150,300,99,117,117,117,0,0,123,0,127,0,0,0,7,7,110,110
test_654,129,100-150,300,99,126,126,126,0,0,142,0,193,0,0,0,17,14,112,112
test_655,157,150-300,300,99,156,156,156,0,0,165,0,178,0,0,0,5,5,152,151
test_656,111,100-150,300,95,111,111,111,0,0,129,0,137,0,0,0,0,0,111,111
test_657,188,150-300,300,100,188,188,188,0,0,220,0,243,0,0,0,28,28,160,160
test_658,151,150-300,300,98,138,138,138,0,0,202,0,244,0,0,0,13,10,138,128
test_659,254,150-300,300,99,243,243,243,0,0,269,0,289,0,0,0,157,147,97,96
test_66,148,100-150,300,100,147,147,147,0,0,153,0,162,0,0,0,16,15,132,132
test_660,205,150-300,300,97,193,193,193,0,0,221,0,236,0,0,0,101,99,104,94
test_661,138,100-150,300,98,131,131,131,0,0,150,0,176,0,0,0,8,2,130,129
test_662,112,100-150,300,93,111,111,111,0,0,147,0,183,0,0,0,1,1,111,110
test_663,163,150-300,300,99,159,159,159,0,0,204,0,236,0,0,0,45,42,118,117
test_664,165,150-300,300,68,127,127,127,0,0,267,0,300,1,0,0,40,21,125,106
test_665,141,100-150,300,100,140,140,140,0,0,158,0,181,0,0,0,24,24,117,116
test_666,119,100-150,300,97,119,119,119,0,0,142,0,184,0,0,0,1,1,118,118
test_667,118,100-150,300,84,104,104,104,0,0,186,0,245,0,0,0,0,0,118,104
test_668,163,150-300,300,96,163,163,163,0,0,175,0,180,0,0,0,24,24,139,139
test_669,161,150-300,300,100,158,158,158,0,0,187,0,225,0,0,0,30,29,131,129
test_67,128,100-150,300,100,128,128,128,0,0,151,0,183,0,0,0,1,1,127,127
test_670,216,150-300,300,100,209,209,209,0,0,284,0,295,0,0,0,90,86,126,123
test_671,142,100-150,300,98,141,141,141,0,0,158,0,174,0,0,0,10,10,132,131
test_672,143,100-150,300,97,142,142,142,0,0,160,0,179,0,0,0,6,5,137,137
test_673,130,100-150,300,94,124,124,124,0,0,141,0,166,0,0,0,23,20,107,104
test_674,90,50-100,300,87,88,88,88,0,0,145,0,170,0,0,0,0,0,90,88
test_675,127,100-150,300,95,127,127,127,0,0,167,0,195,0,0,0,0,0,127,127
test_676,170,150-300,300,98,141,141,141,0,0,296,0,300,1,0,0,40,33,130,108
test_677,279,150-300,300,95,210,210,210,0,0,266,0,295,0,5,0,166,105,108,105
test_678,146,100-150,300,97,144,144,144,0,0,186,0,242,0,0,0,58,57,88,87
test_679,134,100-150,300,100,133,133,133,0,0,157,0,190,0,0,0,1,1,133,132
test_68,92,50-100,300,90,92,92,92,0,0,121,0,148,0,0,0,0,0,92,92
test_680,175,150-300,300,100,174,174,174,0,0,193,0,216,0,0,0,10,10,165,164
test_681,184,150-300,300,82,153,153,153,0,0,222,0,252,0,0,0,1,0,183,153
test_682,145,100-150,300,100,144,144,144,0,0,160,0,177,0,0,0,4,3,141,141
test_683,162,150-300,300,98,159,159,159,0,0,198,0,228,0,0,0,32,31,130,128
test_684,168,150-300,300,91,160,160,160,0,0,239,0,276,0,0,0,137,129,31,31
test_685,181,150-300,300,95,173,173,173,0,0,191,0,210,0,0,0,21,20,160,153
test_686,143,100-150,300,94,133,133,133,0,0,188,0,256,0,0,0,132,123,11,10
test_687,152,150-300,300,94,148,148,148,0,0,188,0,215,0,0,0,82,79,70,69
test_688,210,150-300,300,99,201,201,201,0,0,246,0,275,0,0,0,66,65,144,136
test_689,186,150-300,300,100,170,170,170,0,0,246,0,283,0,0,0,102,93,84,77
test_69,128,100-150,300,98,128,128,128,0,0,159,0,181,0,0,0,2,2,126,126
test_690,117,100-150,300,95,115,115,115,0,0,135,0,178,0,0,0,21,21,96,94
test_691,174,150-300,300,98,174,174,174,0,0,195,0,226,0,0,0,23,23,151,151
test_692,125,100-150,300,97,122,122,122,0,0,151,0,205,0,0,0,0,0,125,122
test_693,130,100-150,300,100,130,130,130,0,0,141,0,158,0,0,0,5,5,125,125
test_694,114,100-150,300,94,113,113,113,0,0,162,0,211,0,0,0,7,7,107,106
test_695,127,100-150,300,84,127,127,127,0,0,156,0,162,0,0,0,1,1,126,126
test_696,133,100-150,300,99,132,132,132,0,0,153,0,196,0,0,0,0,0,133,132
test_697,230,150-300,300,92,194,194,194,0,0,252,0,292,0,1,0,110,80,119,114
test_698,103,100-150,300,84,92,92,92,0,0,145,0,187,0,0,0,10,6,93,86
test_699,142,100-150,300,95,123,123,123,0,0,233,0,277,0,0,0,18,14,124,109
test_7,152,150-300,300,99,152,152,152,0,0,181,0,187,0,0,0,24,24,128,128
test_70,107,100-150,300,96,104,104,104,0,0,139,0,188,0,0,0,0,0,107,104
test_700,145,100-150,300,99,144,144,144,0,0,166,0,193,0,0,0,4,4,141,140
test_701,142,100-150,300,100,142,142,142,0,0,154,0,167,0,0,0,0,0,142,142
test_702,149,100-150,300,96,146,146,146,0,0,176,0,204,0,0,0,38,37,111,109
test_703,189,150-300,300,99,187,187,187,0,0,208,0,232,0,0,0,21,19,168,168
test_704,135,100-150,300,98,134,134,134,0,0,160,0,179,0,0,0,20,20,115,114
test_705,190,150-300,300,99,174,174,174,0,0,236,0,270,0,0,0,79,63,111,111
test_706,103,100-150,300,82,97,97,97,0,0,243,0,274,0,6,6,57,55,40,36
test_707,185,150-300,300,92,172,172,172,0,0,229,0,260,0,0,0,34,30,151,142
test_708,120,100-150,300,100,120,120,120,0,0,129,0,135,0,0,0,3,3,117,117
test_709,176,150-300,300,100,171,171,171,0,0,230,0,248,0,0,0,3,3,173,168
test_71,123,100-150,300,96,121,121,121,0,0,232,0,276,0,0,0,71,71,52,50
test_710,143,100-150,300,96,138,138,138,0,0,169,0,174,0,0,0,0,0,143,138
test_711,138,100-150,300,68,119,119,119,0,0,237,0,279,0,0,0,19,17,119,102
test_712,132,100-150,300,95,130,130,130,0,0,183,0,224,0,0,0,3,2,129,128
test_713,129,100-150,300,100,127,127,127,0,0,140,0,157,0,0,0,16,16,113,111
test_714,144,100-150,300,98,142,142,142,0,0,162,0,182,0,0,0,20,18,124,124
test_715,126,100-150,300,92,123,123,123,0,0,138,0,158,0,0,0,14,12,112,111
test_716,175,150-300,300,99,172,172,172,0,0,211,0,227,0,0,0,63,61,112,111
test_717,131,100-150,300,97,128,128,128,0,0,159,0,197,0,0,0,24,21,107,107
test_718,128,100-150,300,99,128,128,128,0,0,152,0,181,0,0,0,0,0,128,128
test_719,116,100-150,300,91,113,113,113,0,0,149,0,172,0,0,0,3,2,113,111
test_72,138,100-150,300,100,138,138,138,0,0,160,0,192,0,0,0,14,14,124,124
test_720,119,100-150,300,99,118,118,118,0,0,143,0,180,0,0,0,3,3,116,115
test_721,167,150-300,300,94,153,153,153,0,0,248,0,277,0,0,0,69,67,98,86
test_722,130,100-150,300,100,130,130,130,0,0,140,0,163,0,0,0,32,32,98,98
test_723,97,50-100,300,73,79,79,79,0,0,205,0,267,0,0,0,55,45,42,34
test_724,130,100-150,300,100,130,130,130,0,0,154,0,168,0,0,0,9,9,121,121
test_725,138,100-150,300,100,138,138,138,0,0,169,0,199,0,0,0,33,33,105,105
test_726,180,150-300,300,87,166,166,166,0,0,253,0,282,0,0,0,82,68,98,98
test_727,132,100-150,300,92,130,130,130,0,0,238,0,262,0,0,0,25,25,107,105
test_728,115,100-150,300,93,114,114,114,0,0,159,0,190,0,0,0,8,8,107,106
test_729,131,100-150,300,100,130,130,130,0,0,153,0,163,0,0,0,4,3,127,127
test_73,124,100-150,300,63,104,104,104,0,0,263,0,291,0,0,0,62,44,62,60
test_730,159,150-300,300,99,153,153,153,0,0,196,0,238,0,0,0,7,6,152,147
test_731,122,100-150,300,99,122,122,122,0,0,133,0,145,0,0,0,1,1,121,121
test_732,167,150-300,300,99,159,159,159,0,0,240,0,268,0,0,0,113,105,54,54
test_733,166,150-300,300,96,152,152,152,0,0,225,0,276,0,0,0,32,24,134,128
test_734,197,150-300,300,98,194,194,194,0,0,242,0,268,0,0,0,61,58,136,136
test_735,201,150-300,300,100,201,201,201,0,0,217,0,222,0,0,0,0,0,201,201
test_736,122,100-150,300,100,122,122,122,0,0,125,0,129,0,0,0,2,2,120,120
test_737,109,100-150,300,80,103,103,103,0,0,199,0,239,0,0,0,2,1,107,102
test_738,146,100-150,300,100,146,146,146,0,0,168,0,185,0,0,0,9,9,137,137
test_739,146,100-150,300,99,146,146,146,0,0,165,0,194,0,0,0,76,76,70,70
test_74,126,100-150,300,95,126,126,126,0,0,142,0,163,0,0,0,22,22,104,104
test_740,188,150-300,300,99,180,180,180,0,0,228,0,255,0,0,0,63,58,125,122
test_741,138,100-150,300,97,131,131,131,0,0,197,0,252,0,0,0,0,0,138,131
test_742,155,150-300,300,99,150,150,150,0,0,167,0,190,0,0,0,10,8,145,142
test_743,129,100-150,300,87,121,121,121,0,0,198,0,248,0,0,0,15,8,114,113
test_744,120,100-150,300,99,118,118,118,0,0,127,0,131,0,0,0,0,0,120,118
test_745,152,150-300,300,96,149,149,149,0,0,165,0,207,0,0,0,39,39,113,110
test_746,134,100-150,300,95,130,130,130,0,0,179,0,219,0,0,0,7,7,127,123
test_747,162,150-300,300,100,157,157,157,0,0,192,0,232,0,0,0,26,23,136,134
test_748,116,100-150,300,92,116,116,116,0,0,157,0,176,0,0,0,0,0,116,116
test_749,137,100-150,300,100,137,137,137,0,0,189,0,221,0,0,0,2,2,135,135
test_75,126,100-150,300,79,115,115,115,0,0,171,0,194,0,0,0,0,0,126,115
test_750,197,150-300,300,93,188,188,188,0,0,237,0,276,0,0,0,138,132,59,56
test_751,167,150-300,300,100,164,164,164,0,0,190,0,225,0,0,0,13,12,154,152
test_752,187,150-300,300,98,180,180,180,0,0,227,0,252,0,0,0,33,27,154,153
test_753,108,100-150,300,90,107,107,107,0,0,145,0,207,0,0,0,17,17,91,90
test_754,141,100-150,300,96,138,138,138,0,0,176,0,218,0,0,0,16,14,125,124
test_755,142,100-150,300,97,142,142,142,0,0,155,0,183,0,0,0,0,0,142,142
test_756,105,100-150,300,81,104,104,104,0,0,159,0,187,0,0,0,1,1,104,103
test_757,159,150-300,300,100,155,155,155,0,0,167,0,198,0,0,0,24,21,135,134
test_758,136,100-150,300,100,136,136,136,0,0,159,0,187,0,0,0,0,0,136,136
test_759,149,100-150,300,92,139,139,139,0,0,186,0,219,0,0,0,4,4,145,135
test_76,129,100-150,300,96,120,120,120,0,0,197,0,223,0,0,0,20,16,109,104
test_760,145,100-150,300,100,142,142,142,0,0,166,0,197,0,0,0,19,19,126,123
test_761,287,150-300,300,91,262,262,262,0,0,300,1,300,1,0,0,24,23,263,239
test_762,130,100-150,300,100,129,129,129,0,0,146,0,160,0,0,0,26,26,104,103
test_763,120,100-150,300,74,89,89,89,0,0,170,0,228,0,0,0,15,7,105,82
test_764,103,100-150,300,76,98,98,98,0,0,239,0,289,0,0,0,40,38,63,60
test_765,160,150-300,300,98,156,156,156,0,0,211,0,251,0,0,0,58,55,102,101
test_766,84,50-100,300,78,81,81,81,0,0,176,0,222,0,0,0,26,24,58,57
test_767,114,100-150,300,94,113,113,113,0,0,131,0,144,0,0,0,1,1,113,112
test_768,117,100-150,300,95,114,114,114,0,0,159,0,181,0,0,0,1,1,116,113
test_769,152,150-300,300,99,149,149,149,0,0,177,0,208,0,0,0,9,8,143,141
test_77,230,150-300,300,100,230,230,230,0,0,248,0,257,0,0,0,2,2,228,228
test_770,173,150-300,300,99,172,172,172,0,0,199,0,223,0,0,0,16,16,157,156
test_771,139,100-150,300,100,136,136,136,0,0,171,0,212,0,0,0,5,5,134,131
test_772,120,100-150,300,100,120,120,120,0,0,125,0,134,0,0,0,0,0,120,120
test_773,234,150-300,300,97,224,224,224,0,0,280,0,295,0,0,0,116,107,118,117
test_774,124,100-150,300,97,118,118,118,0,0,166,0,191,0,0,0,9,8,115,110
test_775,118,100-150,300,97,117,117,117,0,0,131,0,160,0,0,0,1,1,117,116
test_776,162,150-300,300,91,139,139,139,0,0,219,0,253,0,0,0,104,84,58,55
test_777,155,150-300,300,97,139,139,139,0,0,262,0,285,0,0,0,47,34,108,105
test_778,133,100-150,300,99,128,128,128,0,0,208,0,262,0,0,0,58,58,75,70
test_779,183,150-300,300,98,172,172,172,0,0,225,0,249,0,0,0,72,67,111,105
test_78,128,100-150,300,99,128,128,128,0,0,143,0,156,0,0,0,0,0,128,128
test_780,153,150-300,300,100,152,152,152,0,0,173,0,211,0,0,0,90,89,63,63
test_781,146,100-150,300,98,145,145,145,0,0,173,0,216,0,0,0,105,105,41,40
test_782,105,100-150,300,94,105,105,105,0,0,145,0,192,0,0,0,6,6,99,99
test_783,125,100-150,300,100,125,125,125,0,0,140,0,170,0,0,0,29,29,96,96
test_784,144,100-150,300,100,144,144,144,0,0,166,0,227,0,0,0,76,76,68,68
test_785,128,100-150,300,99,126,126,126,0,0,154,0,199,0,0,0,1,1,127,125
test_786,158,150-300,300,100,150,150,150,0,0,198,0,245,0,0,0,23,22,135,128
test_787,137,100-150,300,98,133,133,133,0,0,163,0,173,0,0,0,0,0,137,133
test_788,186,150-300,300,100,183,183,183,0,0,221,0,251,0,0,0,75,73,111,110
test_789,150,150-300,300,100,142,142,142,0,0,190,0,233,0,0,0,9,7,141,135
test_79,119,100-150,300,100,119,119,119,0,0,160,0,178,0,0,0,0,0,119,119
test_790,175,150-300,300,100,172,172,172,0,0,255,0,276,0,0,0,53,53,122,119
test_791,154,150-300,300,99,153,153,153,0,0,184,0,216,0,0,0,28,28,126,125
test_792,137,100-150,300,99,137,137,137,0,0,155,0,192,0,0,0,3,3,134,134
test_793,122,100-150,300,89,115,115,115,0,0,212,0,263,0,0,0,51,46,71,69
test_794,147,100-150,300,100,146,146,146,0,0,255,0,291,0,0,0,33,32,114,114
test_795,166,150-300,300,100,163,163,163,0,0,211,0,252,0,0,0,18,18,148,145
test_796,124,100-150,300,97,123,123,123,0,0,141,0,175,0,0,0,15,15,109,108
test_797,163,150-300,300,99,159,159,159,0,0,196,0,238,0,0,0,40,37,123,122
test_798,136,100-150,300,100,136,136,136,0,0,150,0,195,0,0,0,66,66,70,70
test_799,282,150-300,300,100,258,258,258,0,0,292,0,299,0,0,0,261,244,21,14
test_8,132,100-150,300,85,116,116,116,0,0,215,0,272,0,0,0,17,13,115,103
test_80,249,150-300,300,100,218,218,218,0,0,248,0,288,0,0,0,83,55,166,163
test_800,197,150-300,300,98,184,184,184,0,0,244,0,262,0,0,0,37,34,160,150
test_801,129,100-150,300,93,120,120,120,0,0,170,0,221,0,1,0,21,14,107,106
test_802,134,100-150,300,98,134,134,134,0,0,164,0,199,0,0,0,31,31,103,103
test_803,121,100-150,300,98,119,119,119,0,0,180,0,226,0,0,0,1,1,120,118
test_804,150,150-300,300,98,149,149,149,0,0,183,0,195,0,0,0,45,45,105,104
test_805,249,150-300,300,100,247,247,247,0,0,272,0,280,0,0,0,90,88,159,159
test_806,134,100-150,300,82,133,133,133,0,0,240,0,272,0,0,0,25,24,109,109
test_807,112,100-150,300,98,111,111,111,0,0,125,0,132,0,0,0,0,0,112,111
test_808,156,150-300,300,100,152,152,152,0,0,191,0,204,0,0,0,3,3,153,149
test_809,145,100-150,300,99,145,145,145,0,0,173,0,190,0,0,0,1,1,144,144
test_81,129,100-150,300,85,123,123,123,0,0,279,0,299,0,0,0,85,79,44,44
test_810,124,100-150,300,96,121,121,121,0,0,166,0,215,0,0,0,6,6,118,115
test_811,107,100-150,300,86,106,106,106,0,0,242,0,278,0,0,0,28,28,79,78
test_812,259,150-300,300,100,257,257,257,0,0,273,0,296,0,0,0,108,107,151,150
test_813,138,100-150,300,97,137,137,137,0,0,153,0,153,0,0,0,0,0,138,137
test_814,129,100-150,300,92,112,112,112,0,0,177,0,234,0,0,0,76,61,53,51
test_815,131,100-150,300,89,124,124,124,0,0,204,0,231,0,0,0,56,54,75,70
test_816,146,100-150,300,100,146,146,146,0,0,153,0,159,0,0,0,2,2,144,144
test_817,129,100-150,300,99,129,129,129,0,0,151,0,210,0,0,0,12,12,117,117
test_818,271,150-300,300,100,264,264,264,0,0,283,0,296,0,0,0,43,42,228,222
test_819,181,150-300,300,98,167,167,167,0,0,229,0,267,0,0,0,103,100,78,67
test_82,176,150-300,300,88,149,149,149,0,0,214,0,245,0,0,0,2,1,174,148
test_820,129,100-150,300,99,129,129,129,0,0,148,0,154,0,0,0,0,0,129,129
test_821,143,100-150,300,100,143,143,143,0,0,155,0,184,0,0,0,0,0,143,143
test_822,148,100-150,300,95,141,141,141,0,0,175,0,215,0,0,0,46,43,102,98
test_823,122,100-150,300,96,119,119,119,0,0,147,0,190,0,0,0,41,38,81,81
test_824,378,>=300,300,100,236,236,236,0,0,293,0,300,1,88,6,195,135,95,95
test_825,167,150-300,300,100,163,163,163,0,0,180,0,211,0,0,0,35,31,132,132
test_826,160,150-300,300,99,156,156,156,0,0,194,0,230,0,0,0,34,34,126,122
test_827,152,150-300,300,96,152,152,152,0,0,189,0,200,0,0,0,11,11,141,141
test_828,106,100-150,300,95,106,106,106,0,0,126,0,144,0,0,0,17,17,89,89
test_829,137,100-150,300,97,131,131,131,0,0,166,0,223,0,0,0,6,6,131,125
test_83,158,150-300,300,99,158,158,158,0,0,184,0,214,0,0,0,7,7,151,151
test_830,188,150-300,300,98,178,178,178,0,0,217,0,245,0,0,0,19,13,169,165
test_831,56,50-100,300,55,55,55,55,0,0,91,0,148,0,0,0,0,0,56,55
test_832,122,100-150,300,96,122,122,122,0,0,145,0,159,0,0,0,0,0,122,122
test_833,112,100-150,300,81,100,100,100,0,0,154,0,232,0,0,0,20,16,92,84
test_834,162,150-300,300,100,159,159,159,0,0,180,0,223,0,0,0,17,17,145,142
test_835,143,100-150,300,98,140,140,140,0,0,156,0,191,0,0,0,13,13,130,127
test_836,131,100-150,300,97,127,127,127,0,0,155,0,177,0,0,0,17,16,114,111
test_837,182,150-300,300,99,182,182,182,0,0,197,0,230,0,0,0,1,1,181,181
test_838,175,150-300,300,98,168,168,168,0,0,205,0,231,0,0,0,4,4,171,164
test_839,136,100-150,300,100,135,135,135,0,0,153,0,187,0,0,0,7,7,129,128
test_84,182,150-300,300,93,170,170,170,0,0,211,0,268,0,0,0,91,79,91,91
test_840,167,150-300,300,100,167,167,167,0,0,197,0,207,0,0,0,60,60,107,107
test_841,124,100-150,300,84,112,112,112,0,0,172,0,223,0,0,0,8,5,116,107
test_842,131,100-150,300,95,121,121,121,0,0,156,0,213,0,0,0,18,11,113,110
test_843,164,150-300,300,95,157,157,157,0,0,207,0,243,0,0,0,108,104,56,53
test_844,131,100-150,300,100,131,131,131,0,0,157,0,208,0,0,0,10,10,121,121
test_845,206,150-300,300,99,199,199,199,0,0,236,0,262,0,0,0,42,38,164,161
test_846,123,100-150,300,97,123,123,123,0,0,138,0,158,0,0,0,1,1,122,122
test_847,150,150-300,300,99,149,149,149,0,0,163,0,179,0,0,0,0,0,150,149
test_848,198,150-300,300,98,188,188,188,0,0,231,0,262,0,0,0,2,2,196,186
test_849,121,100-150,300,100,121,121,121,0,0,131,0,146,0,0,0,0,0,121,121
test_85,128,100-150,300,100,128,128,128,0,0,151,0,183,0,0,0,1,1,127,127
test_850,97,50-100,300,92,97,97,97,0,0,118,0,129,0,0,0,1,1,96,96
test_851,267,150-300,300,83,244,244,244,0,0,296,0,300,1,0,0,187,169,80,75
test_852,161,150-300,300,99,148,148,148,0,0,181,0,234,0,0,0,64,52,97,96
test_853,113,100-150,300,92,113,113,113,0,0,165,0,195,0,0,0,1,1,112,112
test_854,113,100-150,300,93,108,108,108,0,0,151,0,194,0,0,0,0,0,113,108
test_855,228,150-300,300,100,227,227,227,0,0,245,0,262,0,0,0,114,114,114,113
test_856,146,100-150,300,94,130,130,130,0,0,173,0,221,0,0,0,63,49,83,81
test_857,135,100-150,300,99,135,135,135,0,0,143,0,168,0,0,0,0,0,135,135
test_858,176,150-300,300,100,174,174,174,0,0,218,0,246,0,0,0,45,45,131,129
test_859,128,100-150,300,97,124,124,124,0,0,135,0,154,0,0,0,19,18,109,106
test_86,123,100-150,300,99,123,123,123,0,0,130,0,136,0,0,0,0,0,123,123
test_860,63,50-100,300,52,55,55,55,0,0,174,0,244,0,0,0,43,35,20,20
test_861,121,100-150,300,88,115,115,115,0,0,175,0,237,0,0,0,25,21,96,94
test_862,214,150-300,300,97,213,213,213,0,0,250,0,259,0,0,0,91,91,123,122
test_863,180,150-300,300,97,171,171,171,0,0,217,0,240,0,0,0,4,2,176,169
test_864,70,50-100,300,25,46,46,46,0,0,289,0,296,0,0,0,29,22,41,24
test_865,124,100-150,300,98,120,120,120,0,0,218,0,279,0,0,0,11,10,113,110
test_866,107,100-150,300,95,107,107,107,0,0,149,0,173,0,0,0,0,0,107,107
test_867,134,100-150,300,99,134,134,134,0,0,149,0,169,0,0,0,0,0,134,134
test_868,136,100-150,300,97,133,133,133,0,0,206,0,262,0,0,0,2,2,134,131
test_869,117,100-150,300,92,115,115,115,0,0,173,0,214,0,0,0,7,7,110,108
test_87,183,150-300,300,99,181,181,181,0,0,202,0,245,0,0,0,43,43,140,138
test_870,137,100-150,300,100,136,136,136,0,0,165,0,186,0,0,0,20,20,117,116
test_871,155,150-300,300,100,154,154,154,0,0,178,0,204,0,0,0,3,3,152,151
test_872,116,100-150,300,97,112,112,112,0,0,139,0,146,0,0,0,2,1,114,111
test_873,186,150-300,300,96,183,183,183,0,0,208,0,238,0,0,0,9,9,177,174
test_874,230,150-300,300,82,178,178,178,0,0,238,0,283,0,0,0,23,10,207,168
test_875,148,100-150,300,76,129,129,129,0,0,186,0,259,0,0,0,62,48,86,81
test_876,116,100-150,300,99,115,115,115,0,0,126,0,162,0,0,0,8,8,108,107
test_877,218,150-300,300,98,206,206,206,0,0,289,0,296,0,0,0,95,91,123,115
test_878,130,100-150,300,99,129,129,129,0,0,149,0,174,0,0,0,27,26,103,103
test_879,167,150-300,300,92,156,156,156,0,0,198,0,242,0,0,0,59,56,108,100
test_88,176,150-300,300,99,170,170,170,0,0,204,0,230,0,0,0,9,7,167,163
test_880,165,150-300,300,99,163,163,163,0,0,184,0,199,0,0,0,48,48,117,115
test_881,134,100-150,300,91,123,123,123,0,0,166,0,232,0,0,0,25,20,109,103
test_882,147,100-150,300,100,147,147,147,0,0,157,0,161,0,0,0,4,4,143,143
test_883,181,150-300,300,100,181,181,181,0,0,187,0,193,0,0,0,20,20,161,161
test_884,136,100-150,300,98,135,135,135,0,0,171,0,188,0,0,0,0,0,136,135
test_885,138,100-150,300,99,138,138,138,0,0,158,0,165,0,0,0,0,0,138,138
test_886,119,100-150,300,97,118,118,118,0,0,147,0,188,0,0,0,11,11,108,107
test_887,159,150-300,300,98,157,157,157,0,0,186,0,204,0,0,0,55,53,104,104
test_888,156,150-300,300,98,152,152,152,0,0,191,0,239,0,0,0,14,12,142,140
test_889,118,100-150,300,98,117,117,117,0,0,140,0,179,0,0,0,17,16,101,101
test_89,181,150-300,300,95,138,138,138,0,0,242,0,284,0,3,0,119,80,59,58
test_890,135,100-150,300,99,134,134,134,0,0,152,0,172,0,0,0,0,0,135,134
test_891,132,100-150,300,95,132,132,132,0,0,180,0,224,0,0,0,18,18,114,114
test_892,137,100-150,300,98,133,133,133,0,0,157,0,173,0,0,0,6,5,131,128
test_893,105,100-150,300,94,102,102,102,0,0,131,0,162,0,0,0,35,33,70,69
test_894,142,100-150,300,92,137,137,137,0,0,179,0,215,0,0,0,7,6,135,131
test_895,51,50-100,300,50,51,51,51,0,0,137,0,206,0,0,0,0,0,51,51
test_896,104,100-150,300,93,99,99,99,0,0,156,0,229,0,0,0,6,4,98,95
test_897,130,100-150,300,99,125,125,125,0,0,171,0,216,0,0,0,32,27,98,98
test_898,166,150-300,300,97,165,165,165,0,0,200,0,225,0,0,0,39,39,127,126
test_899,118,100-150,300,100,118,118,118,0,0,147,0,168,0,0,0,0,0,118,118
test_9,91,50-100,300,83,91,91,91,0,0,145,0,177,0,0,0,1,1,90,90
test_90,122,100-150,300,98,120,120,120,0,0,148,0,194,0,0,0,4,3,118,117
test_900,130,100-150,300,100,128,128,128,0,0,139,0,141,0,0,0,1,1,129,127
test_901,128,100-150,300,98,127,127,127,0,0,142,0,165,0,0,0,3,3,125,124
test_902,122,100-150,300,98,121,121,121,0,0,133,0,165,0,0,0,19,19,103,102
test_903,145,100-150,300,100,142,142,142,0,0,169,0,201,0,0,0,39,38,106,104
test_904,159,150-300,300,95,149,149,149,0,0,225,0,268,0,0,0,8,7,151,142
test_905,100,100-150,300,87,93,93,93,0,0,159,0,216,0,0,0,14,8,86,85
test_906,106,100-150,300,95,105,105,105,0,0,138,0,194,0,0,0,6,5,100,100
test_907,153,150-300,300,100,153,153,153,0,0,155,0,157,0,0,0,0,0,153,153
test_908,271,150-300,300,99,267,267,267,0,0,282,0,298,0,0,0,227,223,44,44
test_909,128,100-150,300,82,127,127,127,0,0,168,0,190,0,0,0,6,6,122,121
test_91,120,100-150,300,94,115,115,115,0,0,149,0,192,0,0,0,11,10,109,105
test_910,136,100-150,300,91,103,103,103,0,0,179,0,297,0,0,0,9,3,127,100
test_911,158,150-300,300,98,139,139,139,0,0,218,0,283,0,0,0,37,24,121,115
test_912,137,100-150,300,93,121,121,121,0,0,227,0,268,0,0,0,34,22,103,99
test_913,124,100-150,300,95,120,120,120,0,0,153,0,195,0,0,0,18,16,106,104
test_914,152,150-300,300,96,147,147,147,0,0,208,0,247,0,0,0,0,0,152,147
test_915,155,150-300,300,90,140,140,140,0,0,177,0,215,0,2,0,56,47,97,93
test_916,170,150-300,300,98,165,165,165,0,0,217,0,267,0,0,0,55,51,115,114
test_917,178,150-300,300,100,175,175,175,0,0,198,0,218,0,0,0,0,0,178,175
test_918,242,150-300,300,94,229,229,229,0,0,268,0,293,0,0,0,70,69,172,160
test_919,158,150-300,300,100,158,158,158,0,0,177,0,193,0,0,0,5,5,153,153
test_92,111,100-150,300,93,107,107,107,0,0,143,0,170,0,0,0,4,4,107,103
test_920,177,150-300,300,100,166,166,166,0,0,199,0,254,0,0,0,34,29,143,137
test_921,126,100-150,300,98,126,126,126,0,0,148,0,192,0,0,0,4,4,122,122
test_922,122,100-150,300,97,122,122,122,0,0,133,0,135,0,0,0,2,2,120,120
test_923,134,100-150,300,41,68,68,68,0,0,298,0,300,1,0,0,0,0,134,68
test_924,138,100-150,300,98,136,136,136,0,0,170,0,194,0,0,0,6,5,132,131
test_925,185,150-300,300,93,168,168,168,0,0,234,0,260,0,0,0,62,54,123,114
test_926,182,150-300,300,100,177,177,177,0,0,200,0,234,0,0,0,38,36,144,141
test_927,155,150-300,300,100,149,149,149,0,0,174,0,213,0,0,0,62,56,93,93
test_928,207,150-300,300,98,193,193,193,0,0,241,0,264,0,0,0,31,29,176,164
test_929,179,150-300,300,97,155,155,155,0,0,210,0,252,0,0,0,58,42,121,113
test_93,131,100-150,300,97,131,131,131,0,0,209,0,222,0,0,0,13,13,118,118
test_930,210,150-300,300,99,203,203,203,0,0,239,0,259,0,0,0,117,113,93,90
test_931,127,100-150,300,100,127,127,127,0,0,150,0,174,0,0,0,1,1,126,126
test_932,156,150-300,300,100,155,155,155,0,0,186,0,213,0,0,0,16,15,140,140
test_933,131,100-150,300,94,130,130,130,0,0,154,0,170,0,0,0,0,0,131,130
test_934,176,150-300,300,100,174,174,174,0,0,185,0,194,0,0,0,47,45,129,129
test_935,136,100-150,300,98,135,135,135,0,0,188,0,237,0,0,0,19,19,117,116
test_936,125,100-150,300,98,123,123,123,0,0,148,0,178,0,0,0,3,1,122,122
test_937,127,100-150,300,99,127,127,127,0,0,161,0,187,0,0,0,4,4,123,123
test_938,111,100-150,300,95,109,109,109,0,0,132,0,188,0,0,0,1,0,110,109
test_939,168,150-300,300,100,165,165,165,0,0,185,0,211,0,0,0,37,36,131,129
test_94,83,50-100,300,73,76,76,76,0,0,156,0,238,0,0,0,0,0,83,76
test_940,150,150-300,300,96,147,147,147,0,0,208,0,242,0,0,0,14,14,136,133
test_941,183,150-300,300,96,154,154,154,0,0,219,0,248,0,0,0,40,28,143,126
test_942,116,100-150,300,94,114,114,114,0,0,140,0,171,0,0,0,3,3,113,111
test_943,164,150-300,300,98,162,162,162,0,0,195,0,251,0,0,0,45,43,119,119
test_944,137,100-150,300,100,137,137,137,0,0,149,0,170,0,0,0,10,10,127,127
test_945,113,100-150,300,95,113,113,113,0,0,139,0,200,0,2,2,11,11,100,100
test_946,113,100-150,300,61,91,91,91,0,0,175,0,255,0,0,0,51,41,62,50
test_947,162,150-300,300,100,159,159,159,0,0,203,0,212,0,0,0,1,1,161,158
test_948,131,100-150,300,98,129,129,129,0,0,170,0,191,0,0,0,0,0,131,129
test_949,122,100-150,300,89,114,114,114,0,0,145,0,194,0,0,0,21,15,101,99
test_95,125,100-150,300,99,125,125,125,0,0,143,0,206,0,0,0,0,0,125,125
test_950,134,100-150,300,99,134,134,134,0,0,139,0,152,0,0,0,4,4,130,130
test_951,126,100-150,300,99,126,126,126,0,0,150,0,167,0,0,0,7,7,119,119
test_952,156,150-300,300,98,155,155,155,0,0,178,0,208,0,0,0,2,2,154,153
test_953,117,100-150,300,95,117,117,117,0,0,143,0,172,0,0,0,0,0,117,117
test_954,128,100-150,300,96,128,128,128,0,0,170,0,216,0,0,0,1,1,127,127
test_955,139,100-150,300,93,130,130,130,0,0,180,0,225,0,0,0,10,8,129,122
test_956,128,100-150,300,98,127,127,127,0,0,149,0,180,0,0,0,27,27,101,100
test_957,140,100-150,300,99,133,133,133,0,0,163,0,203,0,0,0,80,73,60,60
test_958,184,150-300,300,100,183,183,183,0,0,213,0,262,0,0,0,16,16,168,167
test_959,131,100-150,300,100,128,128,128,0,0,155,0,217,0,0,0,46,46,85,82
test_96,122,100-150,300,96,119,119,119,0,0,193,0,245,0,0,0,17,17,105,102
test_960,205,150-300,300,98,201,201,201,0,0,238,0,278,0,0,0,58,54,147,147
test_961,121,100-150,300,95,120,120,120,0,0,195,0,241,0,0,0,3,3,118,117
test_962,125,100-150,300,97,125,125,125,0,0,154,0,193,0,0,0,11,11,114,114
test_963,160,150-300,300,95,155,155,155,0,0,200,0,242,0,0,0,92,90,68,65
test_964,155,150-300,300,96,148,148,148,0,0,208,0,263,0,0,0,32,27,123,121
test_965,153,150-300,300,97,137,137,137,0,0,162,0,202,0,0,0,32,23,121,114
test_966,84,50-100,300,81,81,81,81,0,0,229,0,263,0,0,0,9,9,75,72
test_967,126,100-150,300,88,126,126,126,0,0,163,0,195,0,0,0,22,22,104,104
test_968,129,100-150,300,90,113,113,113,0,0,188,0,267,0,0,0,44,28,85,85
test_969,135,100-150,300,97,131,131,131,0,0,161,0,196,0,0,0,33,30,102,101
test_97,163,150-300,300,98,162,162,162,0,0,181,0,201,0,0,0,57,56,106,106
test_970,135,100-150,300,100,135,135,135,0,0,149,0,179,0,0,0,2,2,133,133
test_971,158,150-300,300,100,148,148,148,0,0,209,0,247,0,0,0,6,3,152,145
test_972,140,100-150,300,92,140,140,140,0,0,172,0,202,0,0,0,30,30,110,110
test_973,183,150-300,300,96,171,171,171,0,0,256,0,287,0,0,0,50,46,133,125
test_974,20,<50,300,20,20,20,20,0,0,142,0,219,0,0,0,0,0,20,20
test_975,139,100-150,300,96,139,139,139,0,0,155,0,161,0,0,0,0,0,139,139
test_976,86,50-100,300,79,84,84,84,0,0,88,0,147,0,0,0,9,9,77,75
test_977,170,150-300,300,82,150,150,150,0,0,232,0,267,0,0,0,79,73,91,77
test_978,148,100-150,300,93,144,144,144,0,0,191,0,226,0,0,0,30,30,118,114
test_979,125,100-150,300,94,119,119,119,0,0,208,0,262,0,0,0,19,19,106,100
test_98,145,100-150,300,98,144,144,144,0,0,186,0,218,0,0,0,90,90,55,54
test_980,118,100-150,300,88,110,110,110,0,0,163,0,214,0,0,0,8,4,110,106
test_981,161,150-300,300,99,159,159,159,0,0,182,0,205,0,0,0,18,18,143,141
test_982,135,100-150,300,96,134,134,134,0,0,174,0,234,0,0,0,3,3,132,131
test_983,123,100-150,300,90,117,117,117,0,0,151,0,172,0,0,0,1,1,122,116
test_984,188,150-300,300,99,181,181,181,0,0,220,0,237,0,0,0,5,4,183,177
test_985,174,150-300,300,99,160,160,160,0,0,225,0,267,0,0,0,46,35,128,125
test_986,173,150-300,300,96,148,148,148,0,0,282,0,297,0,0,0,41,30,132,118
test_987,153,150-300,300,100,149,149,149,0,0,180,0,264,0,0,0,6,6,147,143
test_988,237,150-300,300,97,217,217,217,0,0,260,0,289,0,0,0,126,109,111,108
test_989,91,50-100,300,91,91,91,91,0,0,100,0,111,0,0,0,3,3,88,88
test_99,157,150-300,300,97,153,153,153,0,0,180,0,210,0,0,0,40,36,117,117
test_990,123,100-150,300,100,122,122,122,0,0,143,0,206,0,0,0,2,2,121,120
test_991,200,150-300,300,98,192,192,192,0,0,251,0,274,0,0,0,3,3,197,189
test_992,118,100-150,300,100,117,117,117,0,0,130,0,140,0,0,0,17,17,101,100
test_993,144,100-150,300,85,140,140,140,0,0,185,0,222,0,0,0,21,21,123,119
test_994,143,100-150,300,99,138,138,138,0,0,173,0,218,0,0,0,30,26,113,112
test_995,87,50-100,300,54,69,69,69,0,0,209,0,244,0,0,0,0,0,87,69
test_996,109,100-150,300,86,105,105,105,0,0,256,0,283,0,0,0,10,10,99,95
test_997,55,50-100,300,46,54,54,54,0,0,224,0,263,0,0,0,0,0,55,54
test_998,132,100-150,300,99,128,128,128,0,0,215,0,277,0,0,0,27,25,105,103
test_999,135,100-150,300,99,134,134,134,0,0,148,0,189,0,0,0,20,20,115,114
